_notion_id,Intro APR Length,Bureau Pulled,Double Dip,Underwriter,Eligible States,Link,Top Banks,Bank Name
"2b9216ea-223d-8055-9cf3-ceea75848e8a","6 months","TransUnion","No","Self","Nationwide","https://promotions.bankofamerica.com/smallbusiness/smallbusinesscards?code=UV007D&mktg_track=P1D1&track=MB0419P1D1&cm_mmc=SB-CC-_-Google-PS-_-bank_of_america_business_credit_card-_-Brand_SB&cq_src=google_ads&cq_med=SB_Card&cq_cmp=17745907194&cq_term=bank%20of%20america%20business%20credit%20card&cq_net=g&cq_plt=gp&gclsrc=aw.ds&gad_source=1&gad_campaignid=17745907194&gbraid=0AAAAADtExr_KhMOQw16O9BnWePfJNbG20&gclid=CjwKCAiAraXJBhBJEiwAjz7MZYn6xxozy9MV2asSQQzeOFOF8_cMawF9j1WZH1KWHTSItDC9F08r8hoCl5wQAvD_BwE","No","Bank of America"
"2d9216ea-223d-8022-b912-eb893f6eb5c8","3 months","Experian","Yes","Self","DE,CA,AZ,NM,CO,KS,TX,MO,IL,WI,MI,IN,OH,KY,TN,AL,GA,FL,SC,NC,WV,DC,depa,NY,MA,NJ,VA,MD","https://www.pnc.com/en/small-business/borrowing/business-credit-cards.html?lnksrc=topnav","","PNC Bank"
"372216ea-223d-8011-8f43-c20afd8a99a5","12 months","Experian","No","Self","NY,ME,VT,PA,CT,MA,NH,WV,VA,DC,DE","https://www.mtb.com/business/business-financing/business-credit-card-options","","M&T Bank"
"240216ea-223d-8070-ad8a-d6be50bb7518","12 months","Experian","","Self","DC,WV","https://creditcards.wellsfargo.com/business-credit-cards/signify-business-cash-credit-card/?sub_channel=WEB&vendor_code=WF","","Wells Fargo"
"20e216ea-223d-800c-b719-cd27098379cc","6 months","Experian","No","Self","LA","https://firstbank.myapexcard.com/apply/?","","First Bank"
"143216ea-223d-81d3-87b5-ec479d8b88bd","12 months","Experian","No","Self","TX","https://creditcards.chase.com/business-credit-cards/ink/cash?iCELL=61FY ","No","Chase"
"248216ea-223d-80ad-bc01-e6ae2a99fee6","6 months","Experian","No","Self","FL","https://www.bbamericas.com/en/business/business-credit-card/","","Banco do Brasil Americas"
"243216ea-223d-80ef-93e8-d6d5600d2d24","6 months","TransUnion","No","Self","IL","https://ucbbank.com/borrow/credit-cards/classic-visa","","United Community Bank"
"2b3216ea-223d-8079-9df2-eacbd5262e7c","12 months","Equifax","Yes","Self","Nationwide,FL","https://www.fairwinds.org/business/credit-cards","","FAIRWINDS"
"2b6216ea-223d-80e8-a7d2-de15129775cf","6 months","Equifax","Yes","Self","Nationwide,KY","https://www.lnfcu.com/credit-cards ","","L&N EMPLOYEES "
"2b6216ea-223d-805e-88df-ca4e59e20d40","6 months","TransUnion,Dun & Bradstreet or SBFE","No","Elan","OH","https://www.mycardapply.com/synindex/?ecdma-lc=09376&ecid=OTHE_25940&offertype=0#business","","TELHIO "
"143216ea-223d-81f7-aa8c-c318dde22ace","12 months","Experian","No","Self","VA","https://www.bankofclarke.bank/personal/credit-cards/","","Bank of Clarke County"
"143216ea-223d-81a9-8d93-f9aa9268a8ce","12 months","TransUnion,Equifax","Yes","Self","MN,WI","https://blazecu.com/business/commercial-lending/business-platinum-visa-credit-card","","Blaze Credit Union"
"143216ea-223d-8149-9348-c122f313ecd9","12 months","All 3,Dun & Bradstreet or SBFE","No","Self","ME","https://maine.bank/business/cash-management/credit-cards/","","Maine Community Bank"
"143216ea-223d-81c8-9ada-d4427b9ed58a","6 months","TransUnion","Yes","Self","AL,AK,FL,GA,IA,IN,KY,LA,MS,NC,SC,TN,TX","https://www.regions.com/small-business/business-credit-cards/business-credit-card","Yes","Regions Bank"
"254216ea-223d-806d-a4e1-faa8e7325817","6 months","Experian,Equifax","No","Self","NA,IA","https://www.fnbo.com/small-business","","First National Bank of Omaha"
"254216ea-223d-80e5-aa1c-e48b56f7f161","6 months","TransUnion","No","Self","MN","https://www.mykindofbank.com/borrow/credit-cards/business-credit-cards.html ","","My Kind of Bank - First National Bank"
"270216ea-223d-8032-8bc2-c6ef9f6d8481","6 months","TransUnion","Yes","Self","KY,WA,IN","https://www.lnfcu.com/credit-cards#VisaPlatinumBusiness ","","L & N"
"276216ea-223d-80a0-a431-d4f49dfb9620","6 months","Equifax","Yes","Self","LA","https://www.redriverbank.net/personal/creditcards","","RED RIVER"
"242216ea-223d-800c-8c29-f6f091a4d307","6 months","Equifax","Yes","Self","LA","https://ucbanking.com/business-banking/creditcards","","United Community Bank"
"1e9216ea-223d-8012-8fd8-da651fcac58b","12 months","Equifax","","Self","CT,MI,PA,DE,NH,FL,RI,NJ,VT,MD,NY,VA,MA,OH,WA","https://www.citizensbank.com/small-business/business-credit-cards/overview.aspx","Yes","Citizens Bank"
"1d0216ea-223d-808b-93c2-cbd45a0b590d","12 months","TransUnion","Yes","Self","KY,IN,OH,FL,TN","https://www.republicbank.com/business/credit-cards/","","Republic Bank"
"1ce216ea-223d-801a-9839-d6bdbbf31781","6 months","Equifax","No","Elan","DE,MD,VA","https://www.mycardapply.com/synindex/?ecdma-lc=35863&ecid=OTHE_25940&offertype=0#business","","Shore United Bank"
"1ce216ea-223d-8072-b3e5-e21c8915d6e8","6 months","Equifax","No","Self","CO","https://www.alpinebank.com/business/business-lending/business-credit-cards.html","","Alpine Bank"
"1cc216ea-223d-80d7-97dc-d37398c7fe7d","6 months","Equifax","","Self","AL,GA","https://www.synovus.com/business/%20borrow-charge/credit-cards/","","Synovus Bank"
"1cb216ea-223d-801e-ad69-e81fdd76a268","12 months","Equifax","","Self","FL","https://www.fairwinds.org/business/credit-cards","","Fairwinds Credit Union"
"1c7216ea-223d-806a-bd45-fb48451ad0ae","12 months","Experian","No","Self","CT,DE,FL,MA,MD,MI,NH,NJ,NY,NC,PA,RI,SC,VT,VA,DC","https://www.td.com/us/en/personal-banking/credit-cards/business-solutions-credit-card","Yes","TD Bank"
"16f216ea-223d-800b-a1d1-d6059f1e43ee","12 months","TransUnion","No","Self","KS,OK,TX","https://www.truitycu.org/creditcards","","Truity Federal Credit Union"
"16f216ea-223d-80cb-9d5d-c42ec8475147","6 months","Experian","","Self","AZ,CO,OK,TX","https://www.midfirst.com/business-and-commercial/card-solutions/credit","","MidFirst Bank "
"143216ea-223d-81dd-a1cf-e05d660fb4e7","12 months","Equifax","No","Self","VA,NC,SC,GA,TN,KY,WV,MD,DC","https://www.mybrb.bank/loans/credit-cards/business-credit-cards.html","","Blue Ridge Bank"
"143216ea-223d-8191-a8a4-c86973e65424","6 months","TransUnion,Experian","No","Self","ND","https://www.townandcountry.org/business-agriculture/accounts-loans/business-credit-cards","","Town & Country Credit Union"
"143216ea-223d-810d-8f19-d1d999bb4db5","12 months","TransUnion","No","Self","AZ,CA,CO,DE,FL,GA,IA,ID,IL,IN,KS,MA,MD,MN,MO,ND,NE,NJ,NM,NV,OH,OK,OR,SD,TX,UT,WA,WI,WY","https://www.bmo.com/en-us/main/business-banking/credit-cards/","Yes","BMO Harris Central National Association "
"143216ea-223d-8165-be8d-da1d1137a03b","12 months","Equifax","No","Self","AL,FL,GA,IN,KY,MD,NC,NJ,OH,PA,SC,TN,TX,VA,WV,DC","https://www.truist.com/credit-cards","Yes","Truist Bank"
"143216ea-223d-81a1-ada7-cb2e1cbac810","12 months","Experian","Yes","Self","CA","https://www.firstent.org/business/credit-cards/","","First Entertainment Credit Union"
"143216ea-223d-812a-9510-d1c6f5642c4b","6 months","Equifax","","Self","TN","https://volfed.com/business-credit-cards/","","Volunteer Federal"
"143216ea-223d-813e-8b4b-eb61c29df371","6 months","Experian","No","Self","MA","https://www.scucu.com/business/commercial-lending/business-credit-cards","","Sharon & Crescent United Credit Union"
"143216ea-223d-81ae-a4b1-ef2cb6a9b4f4","6 months","Experian","Yes","Self","AL,AR,TN,FL,GA,LA,MS,NC,SC,TX,VA","https://www.firsthorizon.com/Small-Business/Products-and-Services/Banking/Credit-Cards/Visa-Small-Business-Card","","First Horizon Bank"
"143216ea-223d-81f0-a2bb-f8f7c69030f7","6 months","All 3,Dun & Bradstreet or SBFE","No","Self","CT,DE,FL,MD,MA,MI,NH,NJ,NY,OH,PA,RI,VT,VA,WA,DC","https://www.citizensbank.com/small-business/business-credit-cards/overview.aspx","","Citizens Business Bank"
"143216ea-223d-8145-a2b1-e2be8c7d2f29","6 months","TransUnion","Yes","Self","IL","https://creditcard.itsmycreditunion.org/","","Illinois State Credit Union"
"143216ea-223d-8179-b6cc-d2a49dbfcf9f","12 months","Experian","Yes","Self","AZ,CA,CO,FL,GA,KS,MD,MO,NE,NV,NM,NC,OK,OR,SC,TN,TX,VA,WA,WV,WI","https://www.firstcitizens.com/small-business/credit-financing/credit-cards","Yes"," First Citizens Bank"
"143216ea-223d-81c8-898b-e0ce2d7de338","6 months","Experian","No","Self","IA,NE,CO,IL,KS,SD,TX,WY","https://www.fnbo.com/small-business/credit-cards","Yes","First National Bank of Omaha"
"143216ea-223d-8125-b34d-de62d9369c96","6 months","Equifax","Yes","Self","DC,MD,VA","https://www.signalfinancialfcu.org/credit-cards#","","Signal Financial Federal Credit Union"
"143216ea-223d-8107-b40e-dc87ea503ce5","18 months","Equifax","No","Self","MD","https://www.apgfcu.com/advance-your-business/business-loans.html","","Aberdeen Proving Ground "
"143216ea-223d-8177-8119-f145d194c677","6 months","All 3","No","Self","RI,MA","https://www.coastal1.org/business/credit-cards/","","Coastal1 Credit Union"
"143216ea-223d-81da-b757-f95dc0a325a3","12 months","Experian","Yes","Self","WA","https://www.veritycu.com/business-credit-cards","","Verity Credit Union"
"143216ea-223d-81c1-a552-e4ae17e09436","6 months","Experian","Yes","Self","AZ","https://firstcu.net/borrow/credit-cards/rewards-credit-card/","","First Credit Union"
"24c216ea-223d-809c-959d-c093ba4a88ff","6 months","https://app.thecardservicescenter.com/SelectionBusiness/index/0462,Equifax","No","First Arkansas Bank & Trust","https://app.thecardservicescenter.com/SelectionBusiness/index/0462,Nationwide,AZ","https://app.thecardservicescenter.com/SelectionBusiness/index/0462","","Southwest Heritage Bank"
"2be216ea-223d-802d-bb1e-f68ac9c7aabb","6 months","TransUnion","Yes","Self","Nationwide,WI","https://www.ecu.com/credit-cards/","","MONTANA EDUCATORS’"
"2bf216ea-223d-8078-83c4-d9e938461081","6 months","Equifax","No","First Arkansas Bank & Trust","Nationwide,GA","https://www.qnbtrust.bank/Business/Accounts/Credit-Cards ","","Queensborough National Bank & Trust Company  "
"2c0216ea-223d-80f5-8083-cf697fd73885","6 months","TransUnion","Yes","Self","Nationwide,WI","https://www.ecu.com/credit-cards/ ","","MONTANA EDUCATORS’"
"2c0216ea-223d-80b4-806a-cac83a8cd56e","12 months","TransUnion","Yes","Self","Nationwide,TX","https://blazecu.com/business/commercial-lending/business-platinum-visa-credit-card ","","BLAZE, TCM"
"2c6216ea-223d-80b1-b776-e69b62155432","3 months","TransUnion","Yes","Self","OH,Nationwide","https://www.kemba.org/business/borrowing/business-credit-card","","KEMBA FINANCIAL"
"236216ea-223d-80ca-8467-c61b7205fa10","6 months","Experian","No","TCM","MO","https://www.mycardapply.com/synindex?ecdma-lc=07613&ecid=FI_52807&offertype=0","","Farmers and Merchants Bank of St. Clair"
"236216ea-223d-8026-a5bc-f7c2a799e15c","12 months","Experian","No","TCM","MO","https://www.mycommunitycc.com/card-detail/CC/MC_PLATINUM_CASH_REWARDS?merchantId=s5Av2r02aXWZ","","The Missouri Bank"
"236216ea-223d-80c0-8c09-da56fa7df95a","6 months","Experian","No","TCM","AL,WI","https://www.mycommunitycc.com/card-detail/BCC/VISA_BUSINESS_CASH_REWARDS?merchantId=nbKerCEfLt9b","","Marion Community Bank"
"236216ea-223d-803b-ae8d-dd7665b9a007","6 months","Experian","No","TCM","MI","https://www.mycommunitycc.com/card-detail/BCC/VISA_BUSINESS_CASH_REWARDS?merchantId=rdn997J5VYxJ","","First Bank, Upper Michigan"
"236216ea-223d-80b9-93cd-c9b2b1418796","6 months","Experian","No","TCM","IA","https://www.mycommunitycc.com/card-detail/BCC/VISA_BUSINESS_REWARDS?merchantId=s2G88NY7K2Im ","","Federation Bank"
"237216ea-223d-80f3-9850-d483a2532aa1","6 months","Experian","No","TCM","IA","https://www.mycommunitycc.com/card-detail/BCC/VISA_BUSINESS_REWARDS?merchantId=QiB9pDMnLtPM ","","Iowa State Bank and Trust Company of Fairfield, Iowa"
"237216ea-223d-80b3-a8ea-c57084068e26","6 months","Experian","No","TCM","OH","https://mycommunitycc.com/?merchantId=ypnYa38RY1y5","","The First Citizens National Bank of Upper Sandusky"
"230216ea-223d-8040-8c76-ee34adcd60fb","6 months","Experian","No","TCM","IA","https://www.mycommunitycc.com/?merchantId=sNg2P4KsR4TS ","","Corydon State Bank"
"216216ea-223d-80f4-ba73-dbd93ad54118","6 months","Experian","No","TCM","IN","https://www.mycardapply.com/synindex/?ecdma-lc=17344&ecid=OTHE_25940&offertype=0","","First Farmers Bank & Trust Co."
"216216ea-223d-80f3-844d-ed8d374b4413","6 months","TransUnion","No","TCM","IA","https://www.mycommunitycc.com/?merchantId=uFlT8gpwYIau","","Denver Savings Bank"
"216216ea-223d-8049-8069-f20736ec06e2","6 months","All 3","No","TCM","IA,MO,AR","https://www.mycommunitycc.com/?merchantId=queCQRX0u69c","","Farmers Trust and Savings Bank"
"216216ea-223d-8029-a954-c5eb41e99230","6 months","All 3","No","TCM","MO,IL,AR","https://www.mycommunitycc.com/?merchantId=tI8yjbc4DnFB","","FNBC Bank"
"233216ea-223d-80b0-ab36-cf92952d793c","","Experian","No","TCM","NE","https://www.mycardapply.com/synindex/?ecdma-lc=31721&ecid=OTHE_25940&offertype=0","","Nebraska State Bank"
"216216ea-223d-80de-9ee4-d25b6ed08543","6 months","Experian","No","TCM","OH","https://www.mycommunitycc.com/?merchantId=biHhn2JSImgh","","The Richwood Banking Company"
"233216ea-223d-8084-aba8-d137e3e2b42e","6 months","Experian","No","TCM","OH","https://www.mycommunitycc.com/?merchantId=P6Y5qUhBOsnR","","Greenville National Bank"
"216216ea-223d-802f-a42e-e3fe0729a2b9","6 months","Experian","No","TCM","IN","https://www.mycommunitycc.com/?merchantId=rRxeX5Xi1VRi ","","Owen County State Bank"
"216216ea-223d-8077-8344-ca8af8125b48","6 months","All 3","No","TCM","IA,MO,IL,IN","https://www.mycommunitycc.com/?merchantId=fgqoRh5LQbkH ","","Peoples Trust and Savings Bank"
"216216ea-223d-80cd-a8e0-e81ccc6d9505","6 months","Experian","No","TCM","IN","https://www.mycommunitycc.com/card-detail/CC/VISA_PLATINUM_EDITION?merchantId=FZQbEih1Vrmp","","The Friendship State Bank"
"216216ea-223d-807c-9358-c00c43bf6332","6 months","Experian,TransUnion","No","TCM","OH,MA","https://www.mycommunitycc.com/card-detail/CC/VISA_PLATINUM_EDITION?merchantId=AVli515jfI9W","","The Savings Bank"
"233216ea-223d-808e-9f3e-dad152fc6c8e","6 months","Experian","No","TCM","OH","https://www.mycommunitycc.com/?merchantId=pxlv7a2Rgpfb ","","The Middlefield Banking Company"
"20e216ea-223d-804e-922c-e0088e0560db","6 months","Experian","No","TCM","MI","https://www.mycommunitycc.com/?merchantId=VK6sZQjBCThr","","Huron Community Bank"
"20e216ea-223d-80d1-89c5-fcfe8d2e6872","6 months","All 3","No","TCM","NM,OH","https://www.mycommunitycc.com/?merchantId=gkJKzUWg4GZ6","","The Killbuck Savings Bank Company"
"20e216ea-223d-8001-9b72-e0343504b4f6","6 months","Experian","No","TCM","WI","https://www.mycommunitycc.com/?merchantId=e8wZoAU72Rqz ","","The Cleveland State Bank"
"20e216ea-223d-80f3-9a6e-d88a4fa9b366","6 months","Experian","No","TCM","CA","https://www.mycommunitycc.com/?merchantId=CGXsX9mzy421 ","","FMB Bank"
"20e216ea-223d-8014-a827-ee3af9657e0c","6 months","Experian","No","TCM","IL","https://www.mycommunitycc.com/?merchantId=KPJEJ23FR3Fn ","","State Bank of Toulon"
"20e216ea-223d-80cb-96d8-fcaa3c534a08","6 months","Experian","No","TCM","IL","https://www.mycommunitycc.com/?merchantId=PAQXfmCNFZe7","","Lena State Bank"
"209216ea-223d-80f2-865a-eff62e8d7f3e","6 months","Experian","No","TCM","MO","https://www.mycommunitycc.com/?merchantId=aumaULFPRZdk ","","The Citizens-Farmers Bank of Cole Camp"
"209216ea-223d-8064-9073-f3eb60e54844","6 months","Experian","No","TCM","KY","https://www.mycommunitycc.com/?merchantId=sTE3nuPKMaN1 ","","Cumberland Security Bank, Inc."
"216216ea-223d-808e-a488-fc40fac383c0","6 months","Experian","No","TCM","OH,NE","https://www.mycommunitycc.com/?merchantId=gIk0vPfikZ9C","","Bank of England"
"143216ea-223d-8148-a700-e809c5061126","6 months","Experian","No","TCM","Nationwide,AR,VA","https://www.mycommunitycc.com/?merchantId=qJeW5yJ4Brem ","","Today’s Bank"
"143216ea-223d-81eb-8dcc-c2c2152dc2f7","6 months","Experian","No","TCM","Nationwide,PA,KY","https://www.mycommunitycc.com/DLO47x5iVyUa/business ","","The Neffs National Bank"
"143216ea-223d-81c0-bb01-cbd9efe20122","6 months","Experian","No","TCM","Nationwide,OH,MA,NH","https://www.mycommunitycc.com/MrRgmao59Hh3/business ","","The Home Loan Savings Bank"
"143216ea-223d-8143-80e7-d6afcb1eab87","6 months","Equifax","No","TCM","Nationwide,IA,NE","https://www.mycommunitycc.com/bkq5yxtWQ2fQ ","","Availa Bank"
"143216ea-223d-81cb-a15d-dbf84e07e417","6 months","Experian","No","TCM","Nationwide,CT","https://www.mycommunitycc.com/ALw8GZZQQDhV","","Connecticut Community Bank, N.A."
"143216ea-223d-8156-ae67-c4a59638c97e","6 months","All 3","No","TCM","FL","https://www.mycommunitycc.com/pzR6PG3oyYjs/business ","","First Bank"
"143216ea-223d-812a-9a19-d6d7a424540d","6 months","All 3","No","TCM","Nationwide,FL","https://www.mycommunitycc.com/Ije946CyqQEh ","","The Warrington Bank "
"143216ea-223d-816d-bbab-dff33fb1f682","6 months","TransUnion","No","TCM","Nationwide,IL","https://www.mycommunitycc.com/iX8nh1WmqrTr","No","BankChampaign, National Association"
"143216ea-223d-8162-84a2-fffc1b77391f","6 months","Experian","No","TCM","AL","https://www.mycommunitycc.com/nrHj2xRpxZwJ ","","Brantley Bank & Trust Co"
"143216ea-223d-8112-9116-f9e977cf5e7b","6 months","Experian","No","TCM","MN","https://www.mycommunitycc.com/NKMEejbyLbkq/business","","Bridgewater Bank"
"143216ea-223d-810c-9bf2-d0909190b010","6 months","All 3","No","TCM","WV","https://www.mycommunitycc.com/lagrGSbqHnBK/business","","Capon Valley Bank"
"143216ea-223d-8120-8c04-c5cadab2371e","6 months","Experian","No","TCM","OK","https://www.mycommunitycc.com/MPyEH20yTahb/charge-card","","Cattlemens Bank"
"143216ea-223d-8168-a690-d9294218991d","6 months","Experian","No","TCM","AR","https://www.mycommunitycc.com/URbfbgU7aLGC/business","No","Central Bank"
"143216ea-223d-8112-a118-de969898a90c","6 months","All 3","No","TCM","AZ","https://www.mycommunitycc.com/YLxPCvrnpJsg/business","","Integro Bank"
"143216ea-223d-81f3-a974-f10d012fc6b4","6 months","All 3","No","TCM","AZ","https://www.mycommunitycc.com/X77lgvknsQxe/business","","Republic Bank of Arizona "
"143216ea-223d-81e1-8c12-d0bde2af49fc","6 months","All 3","No","TCM","Nationwide,KY","https://www.mycommunitycc.com/YjfAKA59iLga/business ","","Citizens Guaranty Bank"
"143216ea-223d-81d6-86b4-c8b0cb7f4dfb","6 months","Experian","No","TCM","Nationwide,KY,TN","https://www.mycommunitycc.com/hSWeU3l2MtK7/business ","","Citizens Savings Bank and Trust Company"
"143216ea-223d-8174-be33-c9155c0e89d8","6 months","Equifax","No","TCM","IA","https://www.mycommunitycc.com/rBfJDH05hdxm/business ","","Community Bank & Trust"
"143216ea-223d-81b3-b588-f6e28c722b63","6 months","All 3","Yes","TCM","PA","https://www.mycommunitycc.com/OGfRWOSqkng5/business","","CFSBank "
"143216ea-223d-813d-87c3-c2ed44fb43bf","6 months","All 3","No","TCM","IL","https://www.mycommunitycc.com/R0ryYFybNxOR/business","","Community State Bank of Rock Falls"
"143216ea-223d-8120-bd19-e7359c19b658","6 months","Experian","No","TCM","NU","https://www.mycommunitycc.com/R0ryYFybNxOR/business ","","ConnectOne Bank"
"143216ea-223d-8164-9fb8-d3cc40fd18ca","6 months","TransUnion","Yes","TCM","AR","https://www.mycommunitycc.com/AonmswtIEWkJ/business ","","Eagle Bank and Trust Company"
"143216ea-223d-8147-9cac-fd7b8a3864b8","6 months","All 3","No","TCM","MN","https://www.mycommunitycc.com/Zh1eJ1SfvCPL/business","","Eagle Rock Bank"
"143216ea-223d-8160-bb24-f59bfc336329","6 months","All 3","No","TCM","Nationwide,NC,OH,MO,CA,KS","https://www.mycommunitycc.com/AzCJwLoXcuQK/business ","","Farmers & Merchants Bank"
"143216ea-223d-81bc-a871-f95a4986c2b3","6 months","Equifax","No","TCM","MD","https://www.mycommunitycc.com/yw6s9mo2y7b4","","Farmers & Merchants Bank, MD"
"143216ea-223d-81a6-b377-c5c8a7a2190e","6 months","All 3","No","TCM","IA,MN","https://www.mycommunitycc.com/zyklIZvtqta8/charge-card","No","First Citizens Bank "
"143216ea-223d-810a-a7cc-e38a4cc698c0","6 months","All 3","No","TCM","IL","https://www.mycommunitycc.com/in16C27IZzAt/business ","","First Community Bank of Hillsboro"
"143216ea-223d-81bb-a944-fceaef4854c3","6 months","All 3","No","TCM","IL","https://www.mycommunitycc.com/GHqHSGyQsLfx/business","","First Community Bank, Xenia-Flora"
"143216ea-223d-81be-aae5-e78e456d107a","6 months","All 3","No","TCM","OK","https://www.mycommunitycc.com/caCopUpfRssP/charge-card ","","First Liberty Bank"
"143216ea-223d-8176-84ec-fcd46fe47d09","6 months","All 3","No","TCM","CO","https://www.mycommunitycc.com/nooja14G6psY/business","","First National Bank, Cortez"
"143216ea-223d-81f6-9881-dcfc53e097fa","6 months","Experian","No","TCM","GA","https://www.mycommunitycc.com/ZLz9ColCieut/business","","First National Community Bank"
"143216ea-223d-81fd-b647-f4a7bb20c5af","6 months","Experian","No","TCM","AR","https://www.mycommunitycc.com/ZLz9ColCieut/business","","First State Bank of DeQueen"
"143216ea-223d-81c5-bfc2-f47827deef08","6 months","Experian","No","TCM","AL","https://www.mycommunitycc.com/qwz3ZCMwGpTw/business","","First US Bank"
"143216ea-223d-81d4-8900-c52e3e22dbdb","6 months","Experian","No","TCM","VA","https://www.mycommunitycc.com/card-detail/BCC/VISA_BUSINESS_CASH_REWARDS?merchantId=JlI2vgPSauAO","","FVCbank "
"143216ea-223d-81b3-803d-f0241796007f","6 months","Experian","No","TCM","AR","https://www.mycommunitycc.com/s3goq0D1ObKV/business","","First Western Bank"
"143216ea-223d-81d1-a52e-f233c76c2eb0","6 months","Experian","No","TCM","OK","https://www.mycommunitycc.com/dPqjXCtxsNHr/business ","","Grand Bank"
"143216ea-223d-8101-86ac-d4705e78557c","6 months","Experian,TransUnion","No","TCM","IA","https://www.mycommunitycc.com/DGXk7apbQPc3","","Grinnell State Bank"
"143216ea-223d-81f4-bcac-caf06d9f90bd","6 months","Experian","No","TCM","NJ","https://www.mycommunitycc.com/jGwLtoWmDMBF/charge-card","","Hana Bank USA, N.A"
"143216ea-223d-81fa-a55b-da52e25d5161","6 months","Experian","No","TCM","MD","https://www.mycommunitycc.com/PapXxRZPbZrB/business","","Harford Bank"
"143216ea-223d-81a5-8f85-ebf52f9dd7ad","6 months","Experian","No","TCM","LA","https://www.mycommunitycc.com/UurOrg0pAAy3","","Heritage Bank of St. Tammany"
"143216ea-223d-8126-be73-c2b56d06a41a","6 months","Experian","No","TCM","VA","https://www.mycommunitycc.com/YaX8pA2pnWLX/business","","Highlands Community Bank"
"143216ea-223d-81be-b0c4-e946e1e49749","6 months","Experian","No","TCM","MN","https://myht.bank/business-banking/credit-cards/","","HomeTown Bank"
"143216ea-223d-813c-8d23-d63a9c713be4","6 months","Experian","No","TCM","TN","https://www.mycommunitycc.com/ZSoX4w9n23Qj/business","","INSOUTH Bank"
"143216ea-223d-8130-8c93-f61d0fabd0a4","6 months","Experian","No","TCM","IA","https://www.mycommunitycc.com/pPRR6nrMSa1Q/business","","Iowa State Bank"
"143216ea-223d-8157-899a-f685049744dc","6 months","Experian","No","TCM","NE","https://www.mycommunitycc.com/jJjo04WeMAOZ/charge-card","","Jones Bank"
"143216ea-223d-81cc-bcc6-db77176af779","6 months","Experian","No","TCM","Nationwide,TX","https://www.mycommunitycc.com/QThkTkmmEVl9/charge-card","","Lamar National Bank "
"143216ea-223d-81c2-8cb7-e1c70957dc56","6 months","Experian","No","TCM","MT","https://www.mycommunitycc.com/xH1JPZf1KvGx/business","","Manhattan Bank"
"143216ea-223d-81c9-81e0-c7c6653a57d6","6 months","Experian","No","TCM","MA","https://www.mycommunitycc.com/C4ywPqYXlJLV/business","","Martha's Vineyard Bank"
"143216ea-223d-81d3-9226-f4f805194836","6 months","Experian","No","TCM","NY","https://www.mycommunitycc.com/DwUORFb8JPGq/business","","Maspeth Federal Savings"
"143216ea-223d-8102-9922-c46f1721dd69","6 months","Experian","No","TCM","PA","https://www.mycommunitycc.com/ayLnpNJzuYcX","","MCS Bank "
"143216ea-223d-8155-b2f1-e16e6df7e44d","6 months","Experian","No","TCM","IL","https://www.mycommunitycc.com/MnuWdMMTMa9h/business","","Midwest National Bank"
"143216ea-223d-8122-8461-cbccbae794b4","6 months","Experian","No","TCM","CA","https://www.mycommunitycc.com/sgpXj3gLGuZQ/business","","Mission Bank"
"143216ea-223d-818e-a4d5-f68c01a625f0","6 months","Experian","No","TCM","NY","https://www.mycommunitycc.com/fSEm4BLQYqir/business","Yes","Modern Banking Group (MBG)"
"143216ea-223d-81d2-8ae1-f32f1833e931","12 months","Experian","No","TCM","CO,MT,WA","https://nativeamericanbank.com/products/credit-cards/","","Native American Bank"
"143216ea-223d-81d4-8e70-d51a10c7a73a","6 months","Experian","No","TCM","PA","https://www.mycommunitycc.com/D94pPXEusZOa/business","","New Tripoli Bank "
"143216ea-223d-8138-8f28-de05b115cfec","6 months","Experian","No","TCM","MA","https://www.mycommunitycc.com/D94pPXEusZOa/business","","New Valley Bank & Trust"
"143216ea-223d-815e-b341-d774e11ad9fc","6 months","Experian","No","TCM","IA","https://www.mycommunitycc.com/epjhaitDLFzt/business","","Ohnward Bank & Trust"
"143216ea-223d-817b-84eb-dec11a1654b8","6 months","Experian","No","TCM","WV,VA","https://www.mycommunitycc.com/EO4aKZr2FIq5/business","","Pendleton Community Bank, Inc."
"143216ea-223d-81f1-a7d4-f55e705f2cec","6 months","Experian","No","TCM","IN","https://www.mycommunitycc.com/fgqoRh5LQbkH/business","","Peoples Trust & Savings Bank"
"143216ea-223d-81c0-9f95-c97c8358a514","6 months","Experian","No","TCM","IL,IN","https://www.mycommunitycc.com/cSG81d7OL182/business","","Peoples Bank"
"143216ea-223d-81f6-addf-c48caebcf512","6 months","Experian","No","TCM","CO","https://www.mycommunitycc.com/gRF91iBABALU","","Pikes Peak National Bank"
"143216ea-223d-8127-9a7e-f6302e73af96","6 months","Experian","No","TCM","AL","https://www.mycommunitycc.com/YI1LnodPLyKY","","Pinnacle Bank"
"143216ea-223d-8108-8998-e467e90871ad","6 months","Experian","No","TCM","OK","https://www.mycommunitycc.com/bMqcWBWFidIM/business","","Quail Creek Bank"
"143216ea-223d-8157-bb9f-ce85d8903fa2","6 months","Experian","No","TCM","CO","https://www.mycommunitycc.com/fP2c9xRoBIRN/business","","Redwood Capital Bank"
"143216ea-223d-81eb-a4d1-f4944aa469e7","6 months","Experian","No","TCM","OH","https://www.mycommunitycc.com/wNXtKHWpdR4A","","RiverHills Bank"
"143216ea-223d-8190-8a7f-f295ca638527","6 months","Experian","No","TCM","TN","https://www.mycommunitycc.com/w7A27c0ZVWmT/business","","RockPoint Bank"
"143216ea-223d-8181-968c-d84bb613022b","6 months","Experian","No","TCM","Nationwide,MA","https://www.mycommunitycc.com/kEYVLfIMhaj6/business","","Seamen's Bank"
"143216ea-223d-8116-80ff-c2baa853efe2","6 months","Experian","No","TCM","Nationwide,MN","https://www.mycommunitycc.com/mXJ3uP2cDBdJ/business","","Security State Bank of Aitkin"
"143216ea-223d-8163-86b1-ceb2ee96005a","6 months","Experian","No","TCM","PA","https://www.sharonbank.com/loans/credit-cards/business-credit-cards.html","","Sharon Bank"
"143216ea-223d-8117-9a2d-faa66c4cfd15","6 months","Experian","No","TCM","Nationwide,MA,RI","https://www.mycommunitycc.com/bKdzYezjjBdj/business","","Security Bank"
"143216ea-223d-81e3-af9e-c478fb140099","6 months","Experian","No","TCM","IN","https://www.statebank1910.bank/business-credit-cards/","","State Bank"
"143216ea-223d-8112-a58f-e999b601e046","6 months","Experian","No","TCM","IL","https://www.mycommunitycc.com/ynDDaagrgIpK/business","","State Bank of Cherry"
"143216ea-223d-8119-b9ba-c0a181d9423a","6 months","Experian","No","TCM","IA","https://www.statecentralbank.com/commercial/loans-and-credit","","State Central Bank"
"143216ea-223d-812c-b2c4-e586f29860cb","6 months","Experian","No","TCM","OK,UT","https://stridebank.com/business-credit-cards.html","","Stride Bank"
"143216ea-223d-81bf-8e65-fef225da6ddc","6 months","Experian","No","TCM","MA","https://www.mycommunitycc.com/lrPpfohG0ys9/business ","","The Bank of Canton"
"143216ea-223d-81b8-a54f-e6acdab18c3b","6 months","Experian","No","TCM","ID,MT","https://www.mycommunitycc.com/G31j2MYP1hIx/business ","","The Bank of Commerce"
"143216ea-223d-814b-8946-dde0cad00070","6 months","Experian","No","TCM","WV","https://www.mycommunitycc.com/ncWbjKnhE2I9/business ","","The Bank of Monroe"
"143216ea-223d-819c-b288-cfd0c70b73d8","6 months","Experian","No","TCM","CO","https://www.mycommunitycc.com/L9e83hJBKq1c ","","Farmers State Bank of Brush"
"143216ea-223d-8104-a521-ede809411714","6 months","Experian","No","TCM","KS","https://www.mycommunitycc.com/GQsFZLvu6pyd/charge-card","","First National Bank of Louisburg"
"143216ea-223d-816e-b57b-e95467aa14d9","6 months","Experian","No","TCM","MN","https://www.mycommunitycc.com/g4qoJmAKCCiJ/business","","First National Bank of Moose Lake"
"25b216ea-223d-8096-8f04-ea2344f2b2a6","6 months","Experian","No","TCM","Nationwide,IN","https://www.mycommunitycc.com/d8eSXKGbSpz3","","The North Salem State Bank"
"25b216ea-223d-8065-a0a9-c14c3d5aa10b","6 months","Experian","No","TCM","Nationwide,PA","https://www.mycommunitycc.com/W4SgJv86Z21o ","","First Citizens Community Bank"
"25b216ea-223d-8024-bb60-c36def760025","6 months","Experian","No","TCM","Nationwide,PA","https://www.mycommunitycc.com/NZbu1YcVuBCW ","","The National Bank of Malvern"
"25b216ea-223d-807e-8149-d94b6b2f2373","6 months","Experian","No","TCM","Nationwide,PA","https://www.mycommunitycc.com/JLuLWHTXicj0","","The Honesdale National Bank"
"25b216ea-223d-80b0-bceb-ce0ea3a0b668","6 months","Experian","No","TCM","Nationwide,OH","https://applecreekbank.com/business-credit-cards/ ","","The Apple Creek Banking Company"
"25a216ea-223d-80a4-8c8d-d67a557f0a94","6 months","All 3","No","TCM","Nationwide,NY,PA","https://www.mycommunitycc.com/EMN3mYs6xij7","","Wayne Bank"
"259216ea-223d-807d-abbd-f3feaf5c1434","6 months","Experian","No","TCM","Nationwide,OH","https://www.mycommunitycc.com/fDESoAQ7yPTu","","Somerville Bank"
"259216ea-223d-80c3-8bb8-dffe58535335","6 months","Experian","No","TCM","Nationwide,OH","https://www.mycommunitycc.com/saHfetUGJBZn","","The Citizens National Bank of McConnelsville"
"259216ea-223d-8073-bfa5-df9de14b7e78","6 months","Experian","No","TCM","PO","https://www.mycommunitycc.com/jgcG72NbhzAR ","","The First National Bank of McConnelsville"
"258216ea-223d-8011-9884-c4d66808e74f","6 months","Experian","No","TCM","Nationwide,NJ","https://www.mycommunitycc.com/MtVxzW0wpBqE","","The First National Bank of Absecon"
"258216ea-223d-80ab-85e9-f791301ee8d0","6 months","Experian","No","TCM","Nationwide,OH","https://www.mycommunitycc.com/J0XB4Wds9kK8","","The Community Bank"
"257216ea-223d-80b8-a3be-d103e3ddc414","6 months","Experian","No","TCM","Nationwide","https://www.mycommunitycc.com/LyTsRpM4X0TJ","","Integrity Bank SSB"
"257216ea-223d-808b-9b41-c6a96440c266","6 months","Experian","No","TCM","Nationwide,CA","https://www.mycommunitycc.com/lSp9OsZX4zOr","","Icon Business Bank"
"257216ea-223d-80bc-8d94-e56c42a7e1b4","6 months","Experian","No","TCM","Nationwide,MN","https://www.mycommunitycc.com/FsanaqoyDBqT","","EntreBank"
"257216ea-223d-80ca-882c-dfee785d051c","6 months","Experian","No","TCM","Nationwide,VA,MD,DC","https://www.mycommunitycc.com/fINa3BOpjpWT","","Trustar Bank"
"257216ea-223d-80c4-bf92-caf44575201a","6 months","Experian","No","TCM","Nationwide,OH","https://www.mycommunitycc.com/G4AcMMdRi051","","Ohio State Bank"
"257216ea-223d-803c-b74e-de52351ca29a","6 months","Experian","No","TCM","Nationwide,MO","https://www.mycommunitycc.com/MVtwWFxfV60W/personal","","Guaranty Bank"
"257216ea-223d-80f0-b8da-da0c6e089917","6 months","Experian","No","TCM","Nationwide,VA","https://www.mycommunitycc.com/SsTWEvquFelF","","Oak View National Bank"
"257216ea-223d-8010-ac34-c48a6afb664d","6 months","Experian","No","TCM","Nationwide,CO","https://www.mycommunitycc.com/fP2c9xRoBIRN","","Redstone Bank"
"257216ea-223d-80a6-be9c-f3c695e03691","6 months","Experian","No","TCM","Nationwide,NY","https://www.mycommunitycc.com/lIcdOTsK1wCR","","Hanover Community Bank"
"257216ea-223d-80b4-b40f-e355ef29eb29","6 months","All 3","No","TCM","Nationwide,VA","https://mycommunityccard.com/?merchantId=geUVCk4wZcEU","","Old Dominion National Bank"
"257216ea-223d-8094-887d-cc5738765256","6 months","Experian","No","TCM","Nationwide,CT,NY","https://www.mycommunitycc.com/?merchantId=K8EjfQtDCDuS","","The First Bank of Greenwich"
"256216ea-223d-80db-ba1e-f10dd194e956","6 months","Experian","No","TCM","Nationwide,GA","https://www.mycommunitycc.com/jiAkqOT2dEwk","","Signature Bank of Georgia"
"256216ea-223d-8094-aea5-e9f20a35bc9a","6 months","Experian","No","TCM","Nationwide,IA","https://www.mycommunitycc.com/dhOXKcRHYPaU","","Two Rivers Bank & Trust"
"255216ea-223d-80df-bf1f-d8f0e3501bc4","6 months","Experian,Equifax","No","TCM","Nationwide,WA","https://www.mycommunitycc.com/ztJY50VzwFs3/personal","","Sound Community Bank"
"255216ea-223d-802f-85bf-d061c100661f","6 months","Experian","No","TCM","Nationwide,FL","https://www.mycommunitycc.com/JnyAFHfzXsLJ","","Sanibel Captiva Community Bank"
"255216ea-223d-809f-9e02-e2549f7ae89f","6 months","Experian","No","TCM","Nationwide,KY","https://www.mycommunitycc.com/B4DuUO3phRIZ","","United Community Bank of West Kentucky, Inc."
"255216ea-223d-80f8-ae94-ccb7ccddfd0e","6 months","Experian","No","TCM","Nationwide,AR","https://www.mycommunitycc.com/DTzPPJb6cMFf","","PEOPLES BANK"
"255216ea-223d-807b-b9a4-f35c3db37473","6 months","Experian","No","TCM","Nationwide,GA,FL","https://www.mycommunitycc.com/WgY6KPvBWWtO","","Southeastern Bank"
"255216ea-223d-80bc-9cd1-c0145d69c3e8","6 months","Experian","No","TCM","Nationwide,NE","https://www.mycommunitycc.com/nl686kFFGQD4","","Citizens State Bank"
"254216ea-223d-80a0-940f-e8f0ca5a94ff","6 months","Equifax","No","TCM","MS","https://www.trustmark.com/businesscard","","Trustmark National Bank"
"254216ea-223d-80fa-8f2b-df101ce2e3eb","6 months","Experian","No","TCM","Nationwide,SD,MN","https://www.mycommunitycc.com/M68YrESQbWQP","","Security Bank Midwest"
"253216ea-223d-8011-873a-d6f668e8a64b","6 months","Experian","No","TCM","Nationwide,IA","https://www.mycommunitycc.com/K4T4TNP9drug","","The First National Bank of Primghar"
"250216ea-223d-80db-86b1-df669f90d180","6 months","Experian","No","TCM","Nationwide,AR","https://www.mycommunitycc.com/sbGDIh0cKaSk","","Bank of 1889"
"250216ea-223d-8088-ae4f-c06ae8d914ab","6 months","Experian","No","TCM","Nationwide,IL","https://www.mycommunitycc.com/xTYCcmJdaWVc","","The Litchfield National Bank"
"250216ea-223d-80a2-a8db-d10cea0ed4a2","6 months","Experian","No","TCM","Nationwide,FL","https://www.mycommunitycc.com/kKDtNADFy5Ee","","The First National Bank of Mount Dora"
"250216ea-223d-8017-a7de-fad78f3d0349","6 months","Experian","No","TCM","Nationwide,TN","https://www.mycommunitycc.com/D1ZoWqJnREJH","","TriStar Bank"
"250216ea-223d-8086-b7d0-db0c4269c341","12 months","Experian","No","TCM","Nationwide,CO","https://www.mycommunitycc.com/card-detail/CC/VISA_SIGNATURE_EXCURSION?merchantId=TRcTAn72f5zy","","Yampa Valley Bank"
"250216ea-223d-806e-a216-f23bf5167474","6 months","Experian","No","TCM","","https://www.mycommunitycc.com/card-detail/BCC/VISA_BUSINESS_REWARDS?merchantId=RmbtMoDKeAvN ","","Twin City Bank"
"250216ea-223d-8047-b32e-d46dae59cabb","6 months","Experian","No","TCM","Nationwide,IL","https://www.mycommunitycc.com/card-detail/BCC/VISA_BUSINESS_CASH_REWARDS?merchantId=YEpOoCKMyZ8O","","First Secure Community Bank"
"250216ea-223d-8050-b04e-c509889ad4e7","6 months","Experian","No","TCM","Nationwide,OH","https://www.mycommunitycc.com/uqRObbnxT9KL","","Buckeye Community Bank"
"250216ea-223d-80bf-90fb-d661669cae09","6 months","Experian,Equifax","No","TCM","Nationwide,KS,CO","https://www.mycommunitycc.com/pa47m9yili3b","","Farmers & Merchants Bank of Colby"
"24f216ea-223d-80b1-b8f7-d31ebb9df82a","6 months","Experian","No","TCM","Nationwide,MI","https://www.mycommunitycc.com/DXHXsZ1zgWQp","","Bank of Ann Arbor"
"24f216ea-223d-80ae-a644-e176750aeaf2","6 months","Experian","No","TCM","Nationwide,MS","https://www.mycommunitycc.com/XRULt5avvUuQ","","The Peoples Bank, Biloxi, Mississippi"
"24e216ea-223d-80a9-ab4d-c9a1d12748c9","6 months","Experian","No","TCM","Nationwide,TX","https://www.mycommunitycc.com/f924H4bnOqnI","","The City National Bank of Colorado City"
"24d216ea-223d-80ca-b869-f0256e80325a","6 months","Experian","No","TCM","Nationwide,CO","https://www.mycommunitycc.com/AQAISQbTu3mn","","Rocky Mountain Bank & Trust"
"24d216ea-223d-8080-864f-fc3d01c62ef5","6 months","Experian","No","TCM","Nationwide,OH","https://www.mycommunitycc.com/rm6fbz4sdav9 ","","Southern Hills Community Bank"
"24c216ea-223d-80bf-87a3-edf8a967a4e0","6 months","All 3","No","TCM","Nationwide,NY,MA","https://www.mycommunitycc.com/DBxwWiH5q51p","","NorthEast Community Bank"
"24a216ea-223d-8077-a6cf-e9edaf5c936d","6 months","Experian","No","TCM","Nationwide,VT","https://www.mycommunitycc.com/SpYrMeTwFGk9/personal","","The Brattleboro Savings and Loan Association"
"249216ea-223d-8057-909a-ff3cd1c9b5f8","6 months","Experian","No","TCM","Nationwide,IL,IN","https://www.mycommunitycc.com/jzP4Wp0aviud","","First Robinson Savings Bank, National Association"
"249216ea-223d-80a7-9761-c0621d3ca5c2","6 months","Experian","No","TCM","Nationwide,OH","https://www.mycommunitycc.com/JDNBLirEQOBB","","Citizens Federal Savings and Loan Association"
"249216ea-223d-8021-90a6-cf2e37337628","6 months","Experian","No","TCM","Nationwide,AL","https://www.mycommunitycc.com/BM2TG6vArCTS","","The First National Bank and Trust"
"248216ea-223d-80f6-b50a-f93b22a35b7c","6 months","Experian","No","TCM","Nationwide,NJ","https://www.mycommunitycc.com/jGwLtoWmDMBF","","Hana Bank USA, National Association"
"247216ea-223d-800d-be92-d324b873af1c","6 months","Experian","No","TCM","Nationwide,WI","https://www.mycommunitycc.com/Pi6VN3VyVI1q","","Badger Bank"
"245216ea-223d-8078-9b37-e3ec1102f43b","6 months","Experian","No","TCM","Nationwide,MN","https://www.mycommunitycc.com/n4oHhzqRkutE/personal","","Union Bank and Trust Company"
"245216ea-223d-8088-9f7f-d292c7f496d6","6 months","Experian","No","TCM","Nationwide,GA","https://www.mycommunitycc.com/AMUeCMZGjEsS","","The Geo. D. Warthen Bank"
"245216ea-223d-8067-a9f3-dec030376e7b","6 months","Experian","No","TCM","Nationwide,IN,MI","https://www.mycommunitycc.com/s76VpHJsxj3h","","Tri-County Bank & Trust Company"
"245216ea-223d-80f8-b0b7-d4ab59f77845","6 months","Experian","No","TCM","Nationwide,DC,VA,MD","https://www.mycommunitycc.com/rIXk4c6gZGZG","","The National Capital Bank of Washington"
"245216ea-223d-8068-be39-fbc672a1ad50","6 months","Experian","No","TCM","Nationwide,MT","https://www.mycommunitycc.com/LwRSajuCTYW1","","Valley Bank of Kalispell"
"245216ea-223d-80e9-b7e0-f9d4c0a677c9","6 months","Experian","No","TCM","Nationwide,MT","https://www.mycommunitycc.com/cTfCcxCSH58m","","The Yellowstone Bank"
"243216ea-223d-80f7-a69f-f3d918a100ae","6 months","Experian","No","TCM","Nationwide,DA","https://www.mycommunitycc.com/2f497f80fb2c/personal","","BAC Community Bank"
"242216ea-223d-805b-aa78-d8f069d034c3","6 months","Experian","No","TCM","Nationwide,MN","https://www.mycommunitycc.com/ReU0HimSqHuZ","","Neighborhood National Bank"
"242216ea-223d-80e1-a15b-d88e820dc27f","6 months","Experian","No","TCM","Nationwide,KS","https://www.mycommunitycc.com/mGQ7UPYPuJDG","","Union State Bank"
"242216ea-223d-80fe-b8c1-c548f4ca02df","6 months","Experian","No","TCM","Nationwide,IA","https://www.mycommunitycc.com/PeaWAleVwJvy/personal","","Community State Bank"
"241216ea-223d-80d7-8d07-eff60594807f","6 months","Experian","No","TCM","","https://www.mycommunitycc.com/G31j2MYP1hIx","","The Bank of Commerce"
"241216ea-223d-80f6-9d75-ce2fd68df11e","6 months","Experian","No","TCM","Nationwide,NH","https://www.mycommunitycc.com/HbN6Zjma37OT","","Woodsville Guaranty Savings Bank"
"241216ea-223d-80f8-8af6-fac93bf187e9","12 months","Experian","No","TCM","Nationwide,NH","https://www.themerrimack.com/personal/personal-lending/personal-credit-cards/","","Merrimack County Savings Bank"
"241216ea-223d-8066-ad6f-ddcc2915fa86","6 months","Experian","No","TCM","Nationwide,IL","https://www.mycommunitycc.com/fdef67jhqq4z","","The Fisher National Bank"
"241216ea-223d-804c-ae4f-dc755b60c064","6 months","Experian","No","TCM","Nationwide,ND","https://www.mycommunitycc.com/Bi54ZiC72OJ8","","The Bank of Tioga"
"23f216ea-223d-8009-83d0-c483d2507135","6 months","All 3","No","TCM","Nationwide,KY,OH,WV,TN,VA,IN","https://www.mycommunitycc.com/x533O0W3tW3e","","The Peoples Bank"
"249216ea-223d-8099-acb6-eef68ca2919f","6 months","Experian","No","TCM","Nationwide,PA","https://www.sharonbank.com/loans/credit-cards/personal-credit-cards.html","No","Sharon Bank"
"143216ea-223d-815a-8fba-c64f7d081d55","6 months","Experian","No","TCM","Nationwide,MD","https://www.woodsborobank.com/business/credit-cards/","","Woodsboro Bank"
"143216ea-223d-81a4-9f45-fba37af2c9b8","6 months","Experian","No","TCM","Nationwide,MI","https://www.westshorebank.com/borrow/business/business-credit-cards","","West Shore Bank"
"143216ea-223d-8106-a2bd-d452e747fab1","6 months","Experian","No","TCM","Nationwide,PA,NY","https://www.waynebankonline.com/business/solutions/credit-cards","","Wayne Bank "
"143216ea-223d-8119-83ce-c17d5907fdfa","6 months","Experian","No","TCM","Nationwide,GA","https://www.mycommunitycc.com/itunH0G4BKVN/business","","Waycross Bank & Trust"
"143216ea-223d-8101-b814-c7641fc3133e","6 months","Experian","No","TCM","Nationwide,KY","https://www.mytcbt.bank/business/banking/credit-cards","","Town & Country Bank and Trust Co."
"23f216ea-223d-8047-bc2b-e9d1749ead68","6 months","All 3","No","TCM","OH,IN","https://www.mycommunitycc.com/RaSP3Hmcv2Az","","The Hicksville Bank"
"23f216ea-223d-8063-87da-c4b19370f291","6 months","All 3","No","TCM","MS","https://www.tcbenterprise.com/services/debit-credit-card","","The Citizens Bank"
"23f216ea-223d-807a-a42b-e5e7a8764e71","6 months","Experian","No","TCM","FL","https://www.mycommunitycc.com/zIKdbgxgiqrK","","The Tri-County Bank"
"23e216ea-223d-808a-9434-c0b1cf883be3","6 months","All 3","No","TCM","KY","https://www.mytcbt.bank/personal/banking/credit-cards","","Town & Country Bank and Trust Company"
"23b216ea-223d-80ee-846c-e325f337ea90","6 months","Experian","No","TCM","IA,IL","https://www.scsbnet.com/personal-banking/credit-cards","","The Shelby County State Bank"
"23a216ea-223d-8025-960d-e544d215f722","12 months","Experian","No","TCM","OK,IA","https://www.mycommunitycc.com/card-detail/CC/VISA_SIGNATURE_EXCURSION?merchantId=auytQrpviD5z","","The Farmers State Bank"
"239216ea-223d-80a7-8547-fb440a40fa2c","12 months","Experian","No","TCM","OK","https://www.mycommunitycc.com/card-detail/CC/VISA_PLATINUM_REWARDS?merchantId=QXHG0Um59ALf","","The Security National Bank of Enid"
"239216ea-223d-8050-8d69-e9ffc8ff0083","12 months","Experian","No","TCM","IA","https://www.mycommunitycc.com/card-detail/CC/VISA_PLATINUM_CASH_REWARDS?merchantId=xstregpNWPQX","","Peoples Savings Bank"
"239216ea-223d-80a2-b09b-e07e70441192","12 months","Experian","No","TCM","WV,MD,OH,PA","https://www.mycommunitycc.com/card-detail/CC/VISA_PLATINUM_REWARDS?merchantId=M0vOXjr8kWgv","","CNB Bank, Inc."
"239216ea-223d-8020-881c-e35842a28fd7","12 months","Experian","No","TCM","WV","https://mycommunitycc.com/card-detail/CC/VISA_PLATINUM_CASH_REWARDS?merchantId=TZMtR4MX44fm","","Williamstown Bank, Inc."
"1d5216ea-223d-8092-85e4-e44c32282a8d","6 months","Experian","No","TCM","VA,MD","https://www.fvcbank.com/business-banking/credit-card-services/","","FVC Bank"
"1d2216ea-223d-80a7-b988-ff9c1ebd9fd7","6 months","Experian","No","TCM","VA,MD,AL,AZ,AR,CA,CO,DE,DC,FL,GA,ID,IL,IN,IA,KS,KY,LA,MA,MI,MN,MS,MO,MT,NE,NJ,NM,NC,ND,OH,OK,OR,PA,RI,SC,SD,TN,TX,UT,WA,WV,WI,WY","https://www.mycommunitycc.com/gWkpEVURoC65/business","","Primis Bank"
"1d2216ea-223d-8098-a509-c096a9b9d4ab","6 months","Experian","No","TCM","VT,NH","https://www.mycommunitycc.com/xFbiVSiIg3A5","","Claremont Savings Bank:"
"1d2216ea-223d-8047-a41a-f1ba297ea75d","6 months","Experian","No","TCM","OK,KS,AK,CO,CT,GA,HI,IL,KY,ME,MN,MO,NE,NH,PA,SC,TN,VT","https://www.mycommunitycc.com/x5I3lstciqKp/business","","RCB Bank"
"1d1216ea-223d-8002-8362-f1bb2bfa9266","6 months","Experian","No","TCM","MT","https://www.mycommunitycc.com/cTfCcxCSH58m/business","","YellowStone Bank"
"1d1216ea-223d-8000-9035-e510fa7a664f","6 months","Experian","No","TCM","MS","https://www.mycommunitycc.com/?merchantId=e2ca937de5b5","","Priority One Bank"
"1d1216ea-223d-8073-ae79-ef0eaea1b112","6 months","Experian","No","TCM","ME","https://www.mycommunitycc.com/NOf1OHNdGliI/business","","Saco & Biddeford"
"143216ea-223d-8162-a15c-d5a1bb615de2","6 months","Experian","No","TCM","CO","https://www.mycommunitycc.com/TRcTAn72f5zy/business","","Yampa Valley Bank"
"143216ea-223d-81af-906f-c89adca63078","6 months","TransUnion","No","TCM","IL","https://www.mycommunitycc.com/qkipxjJ83B9i/charge-card","","Bank of Pontiac"
"143216ea-223d-812e-a99a-de86041c0eee","6 months","Experian","No","TCM","OH","https://www.mycommunitycc.com/VhdsBPoIHH30",""," First Federal Savings of Ohio"
"143216ea-223d-81b0-9476-dabb9f3ef062","6 months","Experian","No","TCM","OH","https://www.mycommunitycc.com/uqRObbnxT9KL/business","","Buckeye Community Ban"
"143216ea-223d-81f0-9ac3-ee1f457af516","6 months","All 3","No","TCM","PA","https://www.mycommunitycc.com/491d6c4e1dfe/charge-card","","ESSA Bank & Trust"
"143216ea-223d-81fb-9574-da112761fc1e","6 months","All 3","No","TCM","NY","https://www.bsnb.com/loans/business-credit-cards.php","","Ballston Spa National Bank"
"2bf216ea-223d-80e3-a789-cb2389e59434","6 months","Experian","No","TCM","IA,Nationwide","https://www.fsbbanks.com/","","BEACON COMMUNITY "
"2bf216ea-223d-8068-ab1d-ff9b87153164","6 months","Experian","No","TCM","Nationwide,TX","https://www.gbcib.com/business","","GBC International Bank"
"2bf216ea-223d-8036-b4c5-fee03f11b86d","12 months","Experian","No","TCM","Nationwide,CA","https://blazecu.com/business/commercial-lending/business-platinum-visa-credit-card","","BLAZE"
"2cf216ea-223d-8024-92fc-c2bd0add2051","6 months","Experian,Dun & Bradstreet or SBFE","No","Elan","AR,Nationwide","https://www.mycardapply.com/synindex/?ecdma-lc=11441&ecid=OTHE_25940&offertype=0 ","","Fm Bank And Trust "
"2cf216ea-223d-80f1-80eb-e562692e4f45","6 months","Equifax,Dun & Bradstreet or SBFE","No","Elan","PA,Nationwide","https://www.mycardapply.com/synindex/?ecdma-lc=14976&ecid=OTHE_25940&offertype=0 ","","Central Penn Bank & Trust "
"2cf216ea-223d-8072-b6d6-f405b7a2ce57","6 months","Experian,Equifax,Dun & Bradstreet or SBFE","No","Elan","Nationwide,MA","https://www.mycardapply.com/synindex/?ecdma-lc=14976&ecid=OTHE_25940&offertype=0 ","","Cape & Coast Bank "
"2cf216ea-223d-80a1-8913-d5be0d1be938","6 months","Experian,Equifax,Dun & Bradstreet or SBFE","No","Elan","Nationwide,NY","https://www.mycardapply.com/synindex/?ecdma-lc=22612&ecid=OTHE_25940&offertype=0 ","","Seneca Savings Bank, National Association"
"2cf216ea-223d-8090-a391-d2652c29e2eb","6 months","TransUnion,Dun & Bradstreet or SBFE","No","Elan","SW,WA","https://www.mycardapply.com/synindex/?ecdma-lc=24218&ecid=OTHE_25940&offertype=0 ","","Pacific Crest Bank "
"1dc216ea-223d-8060-8641-d51008772069","6 months","TransUnion,Dun & Bradstreet or SBFE","No","Elan","NV","https://creditcardlearnmore.com/fi/11t3/index?ecdma-lc=26953&ecid=OTHE_25940#business","No","Greater Nevada Credit Union"
"230216ea-223d-80bd-a25d-e6fe87b54194","6 months","TransUnion,Dun & Bradstreet or SBFE","No","Elan","MO","https://creditcardlearnmore.com/fi/11t3/index?ecdma-lc=231&ecid=OTHE_25940","","Royal Bank"
"230216ea-223d-8015-b9f5-d1b9a2ae4da8","6 months","TransUnion,Experian,Dun & Bradstreet or SBFE","No","Elan","KS,LA,MO","https://www.mycardapply.com/synindex/?ecdma-lc=29269&ecid=OTHE_25940&offertype=0 ","","Exchange Bank and Trust Company"
"216216ea-223d-8001-81f7-fa3d68eb956c","6 months","TransUnion,Dun & Bradstreet or SBFE","No","Elan","WI","https://creditcardlearnmore.com/fi/11t3/index?ecdma-lc=00429&ecid=OTHE_25940","","Baraboo State Bank"
"216216ea-223d-806d-b784-c6de75efab55","6 months","TransUnion,Dun & Bradstreet or SBFE","No","Elan","IN","https://creditcardlearnmore.com/fi/11t3/index?ecdma-lc=35616&ecid=OTHE_25940#business","","Centier Bank"
"216216ea-223d-801c-875e-d3b92a1502a7","6 months","TransUnion,Dun & Bradstreet or SBFE","No","Elan","MN","https://creditcardlearnmore.com/fi/11t3/index?ecdma-lc=1133&ecid=OTHE_25940","","Bremer Bank, National Association"
"216216ea-223d-801b-a6f3-ea57620809dd","","TransUnion,Dun & Bradstreet or SBFE","No","Elan","ND","https://creditcardlearnmore.com/11t3/202308/consumer-platinum?ecdma-lc=01609&ecid=OTHE_25940","","Union State Bank of Hazen"
"20e216ea-223d-80e2-81a6-cec09e0bddfd","","All 3","No","Elan","IL","https://creditcardlearnmore.com/11t3/202308/consumer-platinum?ecdma-lc=02533&ecid=OTHE_25940","","Germantown Trust & Savings Bank"
"20e216ea-223d-805b-bda6-db351631638e","","All 3","No","Elan","MO,KS","https://creditcardlearnmore.com/11t3/202308/consumer-platinum?ecdma-lc=04689&ecid=OTHE_25940","","First State Bank of St. Charles, Missouri"
"20e216ea-223d-8063-8a72-f4b985f3972e","","TransUnion,Dun & Bradstreet or SBFE","No","Elan","IL","https://creditcardlearnmore.com/11t3/202308/consumer-platinum?ecdma-lc=01368","","La Salle State Bank"
"20e216ea-223d-8047-a4ee-dad6ec67e78a","","All 3","No","Elan","IN,IL,MI,TX,CO","https://creditcardlearnmore.com/fi/11t3/index?ecdma-lc=31373&ecid=OTHE_25940","","Citizens State Bank"
"20e216ea-223d-8010-9a6a-dbd169a11456","","TransUnion,Dun & Bradstreet or SBFE","No","Elan","NM,LA","https://creditcardlearnmore.com/11t3/202208/business-platinum?ecdma-lc=20438&ecid=OTHE_25940","","Bank of Sunset and Trust Company"
"20e216ea-223d-807f-8530-f95ea48f1091","6 months","TransUnion,Dun & Bradstreet or SBFE","No","Elan","WI","https://creditcardlearnmore.com/fi/11t3/index?ecdma-lc=0554&ecid=OTHE_25940","","GreenLeaf Bank"
"209216ea-223d-8014-8468-c86b65e850ec","6 months","All 3","No","Elan","KS","https://creditcardlearnmore.com/fi/11t3/index?ecdma-lc=25034&ecid=OTHE_25940","","Fidelity State Bank and Trust Company"
"209216ea-223d-80ee-b6e0-db06d62f7bb3","6 months","TransUnion,Dun & Bradstreet or SBFE","No","Elan","NE","https://creditcardlearnmore.com/fi/11t3/index?ecdma-lc=07310&ecid=OTHE_25940","","Homestead Bank"
"209216ea-223d-803d-90f5-e9864d4f9a94","6 months","All 3","No","Elan","CA","https://creditcardlearnmore.com/fi/11t3/index?ecdma-lc=2496&ecid=OTHE_25940","","Valley Premier Bank"
"209216ea-223d-8029-ae8d-df13124a488c","6 months","TransUnion,Dun & Bradstreet or SBFE","No","Elan","MI","https://creditcardlearnmore.com/fi/11t3/index?ecdma-lc=03031&ecid=OTHE_25940","","Highpoint Community Bank"
"209216ea-223d-80e6-9b8c-ee047aacdddc","6 months","TransUnion,Dun & Bradstreet or SBFE","No","Elan","MN","https://creditcardlearnmore.com/fi/11t3/index?ecdma-lc=01131&ecid=OTHE_25940","","Center National Bank"
"209216ea-223d-8036-9422-de4c8bae0fc5","6 months","TransUnion,Dun & Bradstreet or SBFE","No","Elan","MN","https://creditcardlearnmore.com/fi/11t3/index?ecdma-lc=2011&ecid=OTHE_25940","","Root River State Bank"
"209216ea-223d-80f9-ace4-f3e316e15158","","TransUnion,Dun & Bradstreet or SBFE","No","Elan","MN","https://creditcardlearnmore.com/fi/11t3/index?ecdma-lc=1717&ecid=OTHE_25940","","Lake Central Bank"
"209216ea-223d-802e-bce0-eaa3c15bd670","6 months","All 3","No","Elan","NJ","https://creditcardlearnmore.com/fi/11t3/index?ecdma-lc=25902&ecid=OTHE_25940","","Peapack Private Bank & Trust"
"209216ea-223d-809e-82e0-e5440c4e98c4","6 months","TransUnion,Dun & Bradstreet or SBFE","No","Elan","SD","https://creditcardlearnmore.com/fi/11t3/index?ecdma-lc=3272&ecid=OTHE_25940","","American Bank & Trust"
"23a216ea-223d-8099-be4d-e6c1dd3a7983","","TransUnion","No","Elan","AL","https://www.22ndstatebank.com/consumer-products-services/credit-cards/","","22nd State Bank"
"164a39ae-ae15-4516-ae9a-467379e9501a","6 months","TransUnion,Dun & Bradstreet or SBFE","No","Elan","NC","https://creditcardlearnmore.com/fi/11t3/index?ecdma-lc=24255&ecid=OTHE_25940","","HomeTrust Bank"
"143216ea-223d-8132-977c-eeef80da732d","6 months","All 3,Dun & Bradstreet or SBFE","No","Elan","GA,NC,TN,SC,FL,AL","https://creditcardlearnmore.com/fi/11t3/index?ecdma-lc=14286&ecid=OTHE_25940","","United Community Bank"
"2b3216ea-223d-804b-aebb-e998dec5f388","6 months","TransUnion,Dun & Bradstreet or SBFE","No","Elan","WA,VA,BC,Nationwide","https://www.mycardapply.com/synindex/?ecdma-lc=20441&ecid=OTHE_25940&offertype=0","","CONNEX "
"143216ea-223d-81df-be98-db138e48fe41","6 months","All 3,Dun & Bradstreet or SBFE","No","Elan","MN","https://reliancebankmn.com/business-banking/treasury-management-credit-cards/","","Reliance Bank"
"143216ea-223d-81b7-b8b3-f4651724d1eb","6 months","All 3,Dun & Bradstreet or SBFE","No","Elan","WI","https://www.mycardapply.com/synindex/?ecdma-lc=00086&ecid=OTHE_25940&offertype=0","","Peshtigo National Bank"
"143216ea-223d-819f-a4fe-f9e36cde5ba0","6 months","TransUnion,Dun & Bradstreet or SBFE","Yes","Elan","PA","https://creditcardlearnmore.com/11t3/index?ecdma-lc=24283&OTHE_25940","","3HILL"
"143216ea-223d-81a2-957f-f9d149c02025","6 months","All 3,Dun & Bradstreet or SBFE","No","Elan","WI","https://www.abbybank.com/services/card-services/credit-cards","","Abby Bank"
"143216ea-223d-817f-807b-e851de204147","6 months","TransUnion,Dun & Bradstreet or SBFE","No","Elan","MA","https://www.adamscommunity.com/","","Adams Community Bank"
"143216ea-223d-8156-a671-d0a18f994c65","6 months","All 3,Dun & Bradstreet or SBFE","No","Elan","TX","https://creditcardlearnmore.com/11t3/index?ecdma-lc=31309&ecid=OTHE_25940","","American State Bank"
"143216ea-223d-81eb-b357-c65628c2d2fe","6 months","TransUnion,Dun & Bradstreet or SBFE","No","Elan","MN","https://creditcardlearnmore.com/11t3/index?ecdma-lc=14473&ecid=OTHE_25940","","American State Bank OF GRYGLA"
"143216ea-223d-8109-80ec-dfa7188487c6","6 months","All 3,Dun & Bradstreet or SBFE","No","Elan","FL","https://creditcardlearnmore.com/11t3/index?ecdma-lc=1839&OTHE_25940",""," Sunrise Bank"
"143216ea-223d-812e-807f-d9fa97bbcf6e","6 months","All 3,Dun & Bradstreet or SBFE","No","Elan","CA","https://creditcardlearnmore.com/11t3/index?ecdma-lc=22292&ecid=OTHE_25940","","First Northern Bank of Dixon "
"143216ea-223d-81ff-80ec-e9186ca6f614","6 months","All 3,Dun & Bradstreet or SBFE","No","Elan","MN","https://creditcardlearnmore.com/11t3/index?ecdma-lc=03012&ecid=OTHE_25940","","BankVista"
"143216ea-223d-810f-aea3-ce9c9667df6e","","Dun & Bradstreet or SBFE","No","Elan","MA","https://www.baystatesavingsbank.com/business/business-credit-cards/","","Bay State Savings Bank"
"143216ea-223d-8160-a0a6-e613363f271f","6 months","Dun & Bradstreet or SBFE","No","Elan","ND","https://creditcardlearnmore.com/11t3/index?ecdma-lc=1739&ecid=OTHE_25940#","","Bell Bank"
"143216ea-223d-8189-8ba8-f85a725de696","6 months","TransUnion,Dun & Bradstreet or SBFE","No","Elan","MA","https://creditcardlearnmore.com/11t3/index?ecdma-lc=26191&ecid=othe_25940","","Bluestone Bank"
"143216ea-223d-81e8-9eea-f4406a5aa660","6 months","All 3,Dun & Bradstreet or SBFE","No","Elan","NJ","https://creditcardlearnmore.com/11t3/index?ecdma-lc=12168&ecid=OTHE_25940#business","","Bogota Savings Bank "
"143216ea-223d-81fb-a3ae-dfd0be88ea89","6 months","All 3,Dun & Bradstreet or SBFE","No","Elan","NY","https://creditcardlearnmore.com/11t3/index?ecdma-lc=32254&ecid=OTHE_25940#business","","Carver Federal Savings Bank"
"143216ea-223d-816a-80e0-d8b70b804d85","6 months","All 3,Dun & Bradstreet or SBFE","No","Elan","ND","https://creditcardlearnmore.com/11t3/index?ecdma-lc=01678&ecid=OTHE_25940","","Border Bank"
"143216ea-223d-81a2-b581-c66007e47892","6 months","All 3,Dun & Bradstreet or SBFE","No","Elan","MA","https://creditcardlearnmore.com/11t3/index?ecdma-lc=7350&ecid=OTHE_25940","","Cambridge Trust ( Eastern Bankshares, Inc)"
"143216ea-223d-8142-9881-cdb1d48570a7","6 months","Equifax,Dun & Bradstreet or SBFE","No","Elan","FL,GA,AL,Nationwide","https://www.ccbg.com/business/business-services","","Capital City Bank"
"143216ea-223d-8146-9a44-c98958b95cd9","6 months","All 3,Dun & Bradstreet or SBFE","No","Elan","AZ,ND","https://creditcardlearnmore.com/11t3/index?ecdma-lc=01738&ecid=OTHE_25940","","BNC National Bank"
"143216ea-223d-81f5-8de9-daf689a526b1","6 months","All 3,Dun & Bradstreet or SBFE","No","Elan","IL","https://creditcardlearnmore.com/11t3/index?ecdma-lc=1785&ecid=OTHE_25940#business","","Carrollton Bank"
"143216ea-223d-8188-8809-fd5b4219686c","6 months","TransUnion,Dun & Bradstreet or SBFE","No","Elan","KS","https://creditcardlearnmore.com/11t3/index?ecdma-lc=25026&ecid=OTHE_25940#business","No","Carson Bank "
"143216ea-223d-817e-9904-c604d1bb9e6b","6 months","All 3,Dun & Bradstreet or SBFE","No","Elan","NE","https://creditcardlearnmore.com/11t3/index?ecdma-lc=3473&ecid=OTHE_25940","","Cattle Bank & Trust"
"143216ea-223d-810e-813f-cb15fe54b31c","6 months","TransUnion,Dun & Bradstreet or SBFE","No","Elan","ND","https://creditcardlearnmore.com/11t3/index?ecdma-lc=3610&ecid=OTHE_25940","","Choice Bank"
"143216ea-223d-8177-bcb6-e80f6f0f5163","6 months","TransUnion,Experian,Dun & Bradstreet or SBFE","No","Elan","MN","https://creditcardlearnmore.com/11t3/index?ecdma-lc=2851&ecid=OTHE_25940","","Citizens Bank Minnesota"
"143216ea-223d-8197-8202-c07f6b4dd7fe","6 months","Equifax,Dun & Bradstreet or SBFE","No","Elan","VA","https://creditcardlearnmore.com/11t3/index?ecdma-lc=12912&ecid=OTHE_25940#business","","Citizens and Farmers Bank"
"143216ea-223d-81c4-9c77-f319970a889e","6 months","TransUnion,Dun & Bradstreet or SBFE","No","Elan","RI","https://creditcardlearnmore.com/11t3/index?ecdma-lc=24440&OTHE_25940","","Centreville Bank"
"143216ea-223d-8134-947f-de77c3ec0bdf","6 months","TransUnion,Dun & Bradstreet or SBFE","No","Elan","WI","https://creditcardlearnmore.com/11t3/index?ecdma-lc=337&ecid=OTHE_25940#business","","Cleveland State Bank"
"143216ea-223d-8182-bbca-da29b982ba49","6 months","Equifax,Dun & Bradstreet or SBFE","No","Elan","MO","https://creditcardlearnmore.com/11t3/index?ecdma-lc=12113&ecid-OTHE_25940","","Community Bank of Pleasant Hill "
"143216ea-223d-81e1-8fc3-df4195ae5d34","6 months","TransUnion,Dun & Bradstreet or SBFE","No","Elan","IL","https://creditcardlearnmore.com/11t3/index?ecdma-lc=02957&ecid=OTHE_25940","","Community Savings Bank - Galva, IL"
"143216ea-223d-8102-b8ce-ceb660390a78","","All 3,Dun & Bradstreet or SBFE","No","Elan","ND,SD","https://www.cornerstonebanks.net/ag-business-banking/business-credit-card/","","Cornerstone Bank"
"143216ea-223d-812e-bad1-c4dfbd865770","","Dun & Bradstreet or SBFE","No","Elan","SC","https://creditcardlearnmore.com/11t3/index?ecdma-lc=23338&ecid=OTHE_25940#business","","County Bank"
"143216ea-223d-81a2-aeff-f43b46886142","","All 3","No","Elan","MN","https://deerwoodbank.com/","","Deerwood Bank"
"143216ea-223d-81d9-b399-ee758ce4a551","","Experian,Dun & Bradstreet or SBFE","No","Elan","MA","https://creditcardlearnmore.com/11t3/index?ecdma-lc=33377&ecid=OTHE_25940#business","","Eagle Bank"
"143216ea-223d-81c0-8e82-f7c65b7e8fa8","","TransUnion","No","Elan","OH,KY","https://creditcardlearnmore.com/11t3/index?ecdma-lc=20448&ecid=OTHE_25940","","LCNB National Bank"
"143216ea-223d-8108-8f84-d6625bcaba88","","TransUnion,Dun & Bradstreet or SBFE","No","Elan","CA","https://creditcardlearnmore.com/11t3/index?ecdma-lc=29271&ecid=OTHE_25940","","Excel Bank - a tradename of EH National Bank"
"143216ea-223d-81af-b608-eac4c0d7ebbb","","All 3,Dun & Bradstreet or SBFE","No","Elan","TN","https://creditcardlearnmore.com/11t3/index?ecdma-lc=27362&ecid=OTHE_25940","","F&M Bank"
"143216ea-223d-81f9-acd7-c056e988149a","","Experian,Dun & Bradstreet or SBFE","No","Elan","CA","https://creditcardlearnmore.com/11t3/index?ecdma-lc=31463&ecid=OTHE_25940","","Farmers & Merchants Bank, CA"
"143216ea-223d-8158-8ac8-dc9f2812b306","","Equifax,Dun & Bradstreet or SBFE","No","Elan","MO","https://creditcardlearnmore.com/11t3/index?ecdma-lc=32992&ecid=OTHE_25940","","FMB of St.Clair"
"143216ea-223d-813d-b701-d40e1a107897","","Experian,Dun & Bradstreet or SBFE","No","Elan","MA","https://creditcardlearnmore.com/11t3/index?ecdma-lc=33307&ecid=OTHE_25940#business","","Fidelity Co-Operative Bank"
"143216ea-223d-81a4-abc6-febadc2d37a9","","TransUnion,Dun & Bradstreet or SBFE","No","Elan","IN","https://firstfedindiana.bank/borrow/business/credit-cards","","First Federal Savings Bank of  Indiana"
"143216ea-223d-81b4-94b3-f08a92f77264","","All 3,Dun & Bradstreet or SBFE","No","Elan","ID","https://creditcardlearnmore.com/11t3/index?ecdma-lc=31442&ecid=OTHE_25940","","First Federal Bank of Twin Falls"
"143216ea-223d-81ed-84a5-f6fae19ce6bb","","TransUnion,Dun & Bradstreet or SBFE","No","Elan","KY","https://creditcardlearnmore.com/11t3/index?ecdma-lc=28282&ecid=OTHE_25940","","First Kentucky Bank"
"143216ea-223d-8149-b1ee-f15f805fd153","","Dun & Bradstreet or SBFE,All 3","No","Elan","OK","https://creditcardlearnmore.com/11t3/index?ecdma-lc=26890&ecid=OTHE_25940%20","","First Oklahoma Bank"
"143216ea-223d-8192-bc76-e6cd27095f4d","","TransUnion,Dun & Bradstreet or SBFE","No","Elan","OH","https://www.fsb4me.com/","","First State Bank, OH"
"143216ea-223d-814a-87ad-f7314d06f9cf","","TransUnion,Dun & Bradstreet or SBFE","Yes","Elan","MO","https://www.fsbtrust.com/credit-card-business-cash-back-rewards","","First State Bank and Trust"
"143216ea-223d-8146-8739-e7fba693637c","","Experian,Dun & Bradstreet or SBFE","No","Elan","NY","https://www.five-starbank.com/banking/business-banking/business-credit-cards","","Five Star Bank"
"143216ea-223d-8176-98c8-d1bb4beeb5e7","","Equifax,Dun & Bradstreet or SBFE","No","Elan","GA","https://creditcardlearnmore.com/11t3/index?ecdma-lc=21593&ecid=OTHE_25940","","Flint Community Bank"
"143216ea-223d-811f-b4e1-f692ffdd033f","","All 3,Dun & Bradstreet or SBFE","No","Elan","TN","https://creditcardlearnmore.com/11t3/index?ecdma-lc=17027&ecid=OTHE_25940","","Fourth Capital A Division of Volunteer State Bank"
"143216ea-223d-81fe-b696-d33b43bfe063","","TransUnion,Equifax,Dun & Bradstreet or SBFE","No","Elan","MN","https://www.frandsenbank.com/business/cards/credit-cards/","","Frandsen Bank & Trust"
"143216ea-223d-81ff-8df1-cb88cf10000a","","Experian,Dun & Bradstreet or SBFE","No","Elan","PA","https://www.fmfcu.org/business-banking/business-credit-cards/","","Franklin Mint Federal Credit Union"
"143216ea-223d-8157-8b5a-c96d838dac37","","All 3,Dun & Bradstreet or SBFE","No","Elan","ME","","","Franklin Savings Bank"
"143216ea-223d-8133-9484-eee988afff59","","Experian,Dun & Bradstreet or SBFE","No","Elan","NJ","https://creditcardlearnmore.com/11t3/index?ecdma-lc=29289&ecid=OTHE_25940","","Freedom Bank of NJ"
"143216ea-223d-81f3-a715-c841d7ebb664","","All 3,Dun & Bradstreet or SBFE","No","Elan","MN","https://creditcardlearnmore.com/11t3/index?ecdma-lc=04550&ecid=OTHE_25940","","Gateway Bank"
"143216ea-223d-8109-8a4f-dfd36d3b76aa","","TransUnion,Dun & Bradstreet or SBFE","No","Elan","OH","https://www.firstfed.com/loans-mortgages/business-credit-cards.html","","First Federal Community Bank"
"143216ea-223d-819c-94f9-ec3728742c88","","TransUnion,Dun & Bradstreet or SBFE","No","Elan","IL","https://creditcardlearnmore.com/11t3/index?ecdma-lc=31726&ecid=OTHE_25940#consumer","","Great Lakes Credit Union"
"143216ea-223d-8169-a3f6-e29614d09fef","","Equifax,Dun & Bradstreet or SBFE","No","Elan","IA","https://www.greenbeltbank.bank/business/borrow/credit-cards","","Green Belt Bank & Trust"
"143216ea-223d-8166-84a5-f9065d7580d0","","Dun & Bradstreet or SBFE,Experian","No","Elan","MA","https://creditcardlearnmore.com/11t3/index?ecdma-lc=7337&ecid=OTHE_25940","","Greenfield Cooperative Bank and Northampton Cooperative Bank"
"143216ea-223d-8114-ad42-dc1288b3dfb8","","TransUnion,Dun & Bradstreet or SBFE","No","Elan","OH","https://creditcardlearnmore.com/11t3/index?ecdma-lc=22075&ecid=OTHE_25940","","Guardian Savings Bank"
"143216ea-223d-81ca-9546-ebda141f91b1","","Experian,Dun & Bradstreet or SBFE","No","Elan","MA","https://creditcardlearnmore.com/11t3/index?ecdma-lc=7336&ecid=OTHE_25940","","Haverhill Bank"
"143216ea-223d-814a-b1d8-ef98c0c0a3a8","","All 3,Dun & Bradstreet or SBFE","No","Elan","MI","https://creditcardlearnmore.com/11t3/index?ecdma-lc=07684&ecid=OTHE_25940","","Huron Valley State Bank"
"143216ea-223d-813b-9db5-e2b01377d598","","All 3,Dun & Bradstreet or SBFE","No","Elan","ID","https://creditcardlearnmore.com/11t3/index?ecdma-lc=12412&ecid=OTHE_25940","","Idaho First Bank"
"143216ea-223d-81ca-b6e0-cb5697f23c43","","TransUnion,Dun & Bradstreet or SBFE","No","Elan","PA","https://creditcardlearnmore.com/11t3/index?ecdma-lc=33125&ecid=OTHE_25940#business","","InFirst Bank"
"143216ea-223d-8165-8ed8-c37e5b1173e5","","Experian,Dun & Bradstreet or SBFE","No","Elan","NY","https://creditcardlearnmore.com/11t3/index?ecdma-lc=07654","","Jeff Bank"
"143216ea-223d-81bb-a6e1-ec731a27cc0a","","All 3,Dun & Bradstreet or SBFE","No","Elan","WI","https://creditcardlearnmore.com/11t3/index?ecdma-lc=3924&ecid=OTHE_25940#business","","Johnson Financial Group"
"143216ea-223d-810e-a828-de04273b2df4","","TransUnion,Dun & Bradstreet or SBFE","No","Elan","PA","https://www.journeybank.com/for-business/bank/business-credit-cards","","Journey Bank"
"143216ea-223d-81a4-b6fe-c8c3a62d1a31","","All 3,Dun & Bradstreet or SBFE","No","Elan","NH,ME","https://www.kennebunksavings.com/business-banking-services/credit-cards/","","Kennebunk Savings"
"143216ea-223d-81fd-a9c4-d5647d0bb985","","All 3,Dun & Bradstreet or SBFE","No","Elan","ND","https://creditcardlearnmore.com/11t3/index?ecdma-lc=3299&ecid=OTHE_25940","","Kirkwood Bank & Trust"
"143216ea-223d-81cf-972c-c921a8d4867b","","Experian,Dun & Bradstreet or SBFE","No","Elan","MA","https://creditcardlearnmore.com/11t3/index?ecdma-lc=32928&ecid=OTHE_25940#business","","Lee Bank"
"143216ea-223d-81d9-96fc-fc209c69e6b0","","All 3,Dun & Bradstreet or SBFE","No","Elan","MN","https://online1.elancard.com/pdap/landing","No","Liberty Bank Minnesota"
"143216ea-223d-8122-b399-eb4a853c7438","","Experian,Dun & Bradstreet or SBFE","No","Elan","NJ","https://creditcardlearnmore.com/11t3/index?ecdma-lc=32585&ecid=OTHE_25940#business",""," Manasquan Bank"
"143216ea-223d-8137-8e0a-d1bd27f045f8","","TransUnion,Dun & Bradstreet or SBFE","No","Elan","IL","https://creditcardlearnmore.com/11t3/index?ecdma-lc=03057&ecid=OTHE_25940","","Marquette Bank"
"143216ea-223d-81f9-8ccc-fe197404852f","","TransUnion,Dun & Bradstreet or SBFE","No","Elan","OH","https://creditcardlearnmore.com/11t3/index?ecdma-lc=23692&ecid=OTHE_25940","","Mechanics Bank"
"143216ea-223d-813d-8fdd-cb952c2b333a","","Experian,Dun & Bradstreet or SBFE","No","Elan","MA","https://creditcardlearnmore.com/11t3/index?ecdma-lc=11671&ecid=OTHE_25940#business","","Middlesex Savings Bank"
"143216ea-223d-81d0-a47a-d1c1bfa3e12a","","All 3,Dun & Bradstreet or SBFE","No","Elan","MN","https://creditcardlearnmore.com/11t3/index?ecdma-lc=14430&ecid=OTHE_25940https://creditcardlearnmore.com/11t3/index?ecdma-lc=14430&ecid=OTHE_25940#business","","Midwest Bank"
"143216ea-223d-8117-8ea0-ea7558b077d9","","TransUnion,Dun & Bradstreet or SBFE","No","Elan","OH","https://www.minsterbank.com/business/borrow/credit-cards/","","Minster Bank"
"143216ea-223d-818d-a864-d1d30d67bad7","","Experian","No","Elan","MA","https://www.mycommunitycc.com/jKezTkTz7t2S/business","","Monson Savings"
"143216ea-223d-8182-bdd5-c2b402561de9","","Equifax,Dun & Bradstreet or SBFE","No","Elan","MO","https://www.montgomerybank.com/credit-cards/business-credit-cards","","Montgomery Bank"
"143216ea-223d-8197-bec8-e3115f393e0d","","All 3,Dun & Bradstreet or SBFE","No","Elan","IA","https://creditcardlearnmore.com/11t3/index?ecdma-lc=1291&ecid=OTHE_25940#business","","Mount Vernon Bank & Trust Company"
"143216ea-223d-8148-a08b-e76a579d0cf4","","Experian,Dun & Bradstreet or SBFE","No","Elan","CO","https://creditcardlearnmore.com/11t3/index?ecdma-lc=32722&ecid=OTHE_25940","","Mountain View Bank of Commerce"
"143216ea-223d-81e5-b377-f8e2822e80f7","","Experian,Dun & Bradstreet or SBFE","No","Elan","MA","https://creditcardlearnmore.com/11t3/index?ecdma-lc= 27795&ecid=OTHE_25940#business","","MountainOne Bank "
"143216ea-223d-8132-a1a7-ce89821d3ad0","","All 3,Dun & Bradstreet or SBFE","No","Elan","MA,NH","https://creditcardlearnmore.com/11t3/index?ecdma-lc=27451&ecid=OTHE_25940","","Newburyport Five Cents Savings Bank"
"143216ea-223d-810c-8a92-eb5a62a92216","","All 3,Dun & Bradstreet or SBFE","No","Elan","MO","https://www.nvb.com/credit-cards-business/","","Nodaway Valley Bank"
"143216ea-223d-818a-9599-f09493307997","","All 3,Dun & Bradstreet or SBFE","No","Elan","MA,NH","https://www.mycardapply.com/synindex/?ecdma-lc=24794&ecid=OTHE_25940&offertype=0#business","","North Shore Bank, a Co-operative Bank"
"143216ea-223d-8194-a610-fc3777b0af85","","All 3,Dun & Bradstreet or SBFE","No","Elan","NH","https://www.northwaybank.com/personal/credit-cards","","Northway Bank"
"143216ea-223d-81e9-82ba-feeddbd0198d","","All 3,Dun & Bradstreet or SBFE","No","Elan","IA,NE","https://www.nw.bank/business/credit-cards/","","Northwest Bank"
"143216ea-223d-8142-9dc6-da9449f5b188","","All 3,Dun & Bradstreet or SBFE","No","Elan","WI","https://creditcardlearnmore.com/11t3/index?ecdma-lc=27395&ecid=OTHE_25940","","Oostburg State Bank "
"143216ea-223d-816b-adcd-fdf33fa09fc8","","TransUnion,Dun & Bradstreet or SBFE","No","Elan","WA","https://creditcardlearnmore.com/11t3/index?ecdma-lc=24218&ecid=OTHE_25940","","Pacific Crest Savings Bank"
"143216ea-223d-81c6-b08a-eae0f02b9bef","","All 3,Dun & Bradstreet or SBFE","No","Elan","MN","https://creditcardlearnmore.com/11t3/index?ecdma-lc=22367&ecid=OTHE_25940","","Pine River State Bank "
"143216ea-223d-8148-a97c-dd0c0f1fc969","","All 3,Dun & Bradstreet or SBFE","No","Elan","NJ","https://www.provident.bank/business-planning/additional-services/credit-cards","","Provident Bank"
"143216ea-223d-813f-b95d-e2c8502a33a3","","TransUnion,Equifax,Dun & Bradstreet or SBFE","No","Elan","MN","https://creditcardlearnmore.com/fi/11t3/index?ecdma-lc=02264&ecid=OTHE_25940","","RiverWood Bank"
"143216ea-223d-81f7-8cf2-d1550bfe26be","","Equifax","No","Elan","VA,MD","https://www.spectracu.com/products/business-credit-cards","","Spectra CU "
"143216ea-223d-81f3-8eea-fc5f604c745c","","TransUnion,Dun & Bradstreet or SBFE","No","Elan","IN","https://www.mycardapply.com/synindex/?ecdma-lc=9334&ecid=OTHE_25940&offertype=0","","STAR Financial Bank"
"143216ea-223d-8101-a1f1-de429db7e99a","","All 3,Dun & Bradstreet or SBFE","No","Elan","MI","https://creditcardlearnmore.com/fi/11t3/index?ecdma-lc=29288&ecid=OTHE_25940","","Sturgis Bank & Trust Company"
"143216ea-223d-814a-9807-f1f335c1f10f","","TransUnion,Dun & Bradstreet or SBFE","No","Elan","PA","https://creditcardlearnmore.com/fi/11t3/index?ecdma-lc=9338&ecid=OTHE_25940","","The Bank of Landisburg"
"143216ea-223d-81b4-ac33-f1dd81a3fa8d","","Experian,TransUnion,Dun & Bradstreet or SBFE","No","Elan","NJ,PA,NY","https://www.mycardapply.com/synindex/?ecdma-lc=27125&ecid=OTHE_25940&offertype=0","","The Bank of Princeton"
"248216ea-223d-8036-985c-f903b37651f7","6 months","All 3","No","Elan","Nationwide,MA","https://www.everettbank.com/personal/borrowing/credit-cards","","Everett Co-operative Bank"
"2b3216ea-223d-80d7-af0e-e2c94d51be1e","6 months","Experian","No","Elan","Nationwide,AZ","https://www.mycardapply.com/synindex/?ecdma-lc=21254&ecid=OTHE_25940&__hstc=70978127.b3c85e1ee55f6b901ecdfdbb5b476bd5.1763538771689.1763538771689.1763538771689.1&__hssc=70978127.1.1763538771689&__hsfp=3906976603&hsCtaTracking=7e0e823f-4ac5-43b6-a045-66eb33a25ffb%7C1a4b1850-05b6-4dbb-b49b-1bb5ba229b60&offertype=0","","COPPER STATE"
"2a9216ea-223d-80b1-a3b7-de1c9b72cd6d","6 months","Experian,Dun & Bradstreet or SBFE","No","Elan","Nationwide, WI","https://www.mycardapply.com/synindex/?ecdma-lc=27308&ecid=OTHE_25940&offertype=0#business","","SUPERIOR CHOICE"
"09f0ddc8-c7c7-4c41-8b4e-045667daa4bd","6 months","TransUnion,Dun & Bradstreet or SBFE","No","Elan","Nationwide,ME","https://creditcardlearnmore.com/fi/11t3/index?ecdma-lc=2844&OTHE_25940","","Camden National Bank"
"143216ea-223d-8144-9c36-c7f7909c9e1d","6 months","TransUnion,Dun & Bradstreet or SBFE","No","Elan","Nationwide,NY,NE,PA,MA,TX,NH,CT,ME,VT","https://creditcardlearnmore.com/11t3/index?ecdma-lc=27393&ecid=OTHE_25940","No","NBT Bank"
"143216ea-223d-81af-97fd-c503f84f220c","6 months","All 3,Dun & Bradstreet or SBFE","No","Elan","Nationwide,IL","https://www.woodland.bank/business/business-credit-cards.html","No","Woodland Bank"
"143216ea-223d-81a7-ab9b-e99fdfec6c01","6 months","All 3,Dun & Bradstreet or SBFE","No","Elan","Nationwide,WI","https://creditcardlearnmore.com/fi/11t3/index?ecdma-lc=00912&ecid=OTHE_25940","No","Woodford State Bank"
"143216ea-223d-818c-a266-e2be689fadeb","6 months","Dun & Bradstreet or SBFE,Equifax","No","Elan","Nationwide,MO","https://creditcardlearnmore.com/fi/11t3/index?ecdma-lc=29946&ecid=OTHE_25940#business","No","Wood & Huston Bank"
"143216ea-223d-8167-a7b4-c9756c89a7a1","6 months","Experian,Dun & Bradstreet or SBFE","No","Elan","Nationwide,MA","https://creditcardlearnmore.com/fi/11t3/index?ecdma-lc=32709&ecid=OTHE_25940#business","No","Winchester Savings Bank"
"143216ea-223d-81df-94cf-cb8ee5d65e1a","","Equifax,Dun & Bradstreet or SBFE,TransUnion","No","Elan","WV","https://creditcardlearnmore.com/fi/11t3/index?ecdma-lc=32340&OTHE_25940#business","","Whitesville State Bank"
"143216ea-223d-81aa-9677-c04d7354a25c","6 months","Experian,TransUnion,Dun & Bradstreet or SBFE","No","Elan","Nationwide,MA,OH,CT","https://creditcardlearnmore.com/fi/11t3/index?ecdma-lc=27166&OTHE_25940","No","Westfield Bank"
"143216ea-223d-813e-ab61-dd493586d11e","","All 3,Dun & Bradstreet or SBFE","No","Elan","AZ,ND,KS","https://creditcardlearnmore.com/fi/11t3/index?ecdma-lc=21451&ecid=OTHE_25940","","Western State Bank"
"143216ea-223d-8140-95ba-cb0243f6d504","","All 3,Dun & Bradstreet or SBFE,TransUnion","No","Elan","WI","https://creditcardlearnmore.com/fi/11t3/index?ecdma-lc=23490&ecid=OTHE_25940","","Westbury Bank"
"143216ea-223d-8145-8dbf-d31339ff3444","","TransUnion,Dun & Bradstreet or SBFE","No","Elan","","https://creditcardlearnmore.com/fi/11t3/index?ecdma-lc=0031310&ecid=OTHE_25940","","Washington Financial Bank"
"143216ea-223d-8162-9245-ee4b509665ea","","TransUnion,Dun & Bradstreet or SBFE","No","Elan","PA","https://creditcardlearnmore.com/fi/11t3/index?ecdma-lc=31400&ecid=OTHE_25940","","USSCO Johnstown Federal Credit Union"
"143216ea-223d-8138-8591-dcc0059fae48","","TransUnion,Dun & Bradstreet or SBFE","No","Elan","FL","https://creditcardlearnmore.com/fi/11t3/index?ecdma-lc=24265&ecid=OTHE_25940","","United Southern Bank"
"143216ea-223d-81f2-9791-cd2200c15719","","TransUnion,Dun & Bradstreet or SBFE","No","Elan","OH","https://creditcardlearnmore.com/fi/11t3/index?ecdma-lc=24528&ecid=OTHE_25940","","Unified Bank"
"143216ea-223d-811f-accc-cc290788d536","","TransUnion,Dun & Bradstreet or SBFE","No","Elan","IL,WV","https://creditcardlearnmore.com/11t3/index?ecdma-lc=12141&ecid=OTHE_25940","","U.S. Employees Credit Union"
"143216ea-223d-812f-8080-dbe82f25f5fe","6 months","All 3,Dun & Bradstreet or SBFE","No","Elan","Nationwide,RI,MA,WA,CT","https://creditcardlearnmore.com/fi/11t3/index?ecdma-lc=20143&ecid=OTHE_25940","No","Washington Trust"
"143216ea-223d-818f-95bb-ce62caaf287e","6 months","All 3,Dun & Bradstreet or SBFE","No","Elan","Nationwide,IL,MI","https://creditcardlearnmore.com/fi/11t3/index?ecdma-lc=3127&ecid=OTHE_25940#business","No","Shelby State Bank"
"143216ea-223d-8108-beca-c59b5060e755","6 months","Dun & Bradstreet or SBFE,TransUnion","No","Elan","Nationwide,OH,CA","https://www.theubank.com/businesses/credit-cards","No","The Union Bank Co."
"143216ea-223d-815e-b235-da0bc0e934e3","","TransUnion,Dun & Bradstreet or SBFE","No","Elan","IN","https://creditcardlearnmore.com/fi/11t3/index?ecdma-lc=03307&ecid=OTHE_25940","","The Napoleon State Bank"
"143216ea-223d-8197-9045-c4b0222adbc1","6 months","Experian,Dun & Bradstreet or SBFE","No","Elan","Nationwide,MA","https://creditcardlearnmore.com/11t3/index?ecdma-lc=27453&ecid=OTHE_25940#","No","The Lowell Five Cent Savings Bank"
"143216ea-223d-812a-8ded-d2238d6bdfd7","","Experian,Dun & Bradstreet or SBFE","No","Elan","","https://www.aacu.com/","","Air Academy CU"
"143216ea-223d-816f-95a4-d76831ce7a40","6 months","All 3,Dun & Bradstreet or SBFE","No","Elan","Nationwide,MN,WI,IA,ND,mi","https://www.alerus.com/your-business/operate/business-credit-cards/","No","Alerus"
"143216ea-223d-8124-8566-d34e8c3651f7","6 months","All 3,Dun & Bradstreet or SBFE,TransUnion","No","Elan","Nationwide,AL,FL,NC,SC,GA","https://creditcardlearnmore.com/fi/11t3/index?ecdma-lc=12252&ecid=OTHE_25940","No","Ameris Bank"
"143216ea-223d-81c4-813e-eb88981cee52","6 months","All 3,Dun & Bradstreet or SBFE","No","Elan","Nationwide,TX","https://www.goamplify.com/commercial-banking/credit-cards/","No","Amplify Credit Union"
"143216ea-223d-8137-834c-fad0fb0cfb59","6 months","Dun & Bradstreet or SBFE,TransUnion","No","Elan","Nationwide,OK,AZ,AR,CO,KS,MI,NM,TX","https://www.bankofoklahoma.com/business/products-and-services/small-business-loans-and-credit/business-credit-cards","No","Bank of Oklahoma"
"143216ea-223d-81c3-a294-c6a69f63acda","6 months","All 3,Dun & Bradstreet or SBFE","No","Elan","Nationwide,OK,MS,AL,NE,IA","https://www.bancfirst.bank/business/treasury-management/payables/business-credit-card","No","BancFirst"
"143216ea-223d-8169-9a7b-f6398647014e","6 months","Experian,Dun & Bradstreet or SBFE","No","Elan","Nationwide,ND,WI,MN","https://creditcardlearnmore.com/11t3/index?ecdma-lc=14543&ecid=OTHE_25940","No","Bank Forward"
"143216ea-223d-81f0-a6e5-d9eec97f0074","6 months","Equifax,TransUnion,Dun & Bradstreet or SBFE","No","Elan","Nationwide,mo","https://creditcardlearnmore.com/11t3/index?ecdma-lc=32041&ecid=OTHE_25940","","Bank of Franklin County"
"143216ea-223d-81da-b2fc-feeeafdec99e","6 months","TransUnion,Dun & Bradstreet or SBFE","No","Elan","Nationwide,NH,CA","https://creditcardlearnmore.com/11t3/index?ecdma-lc=10167&ecid=OTHE_25940","","Bank of New Hampshire"
"143216ea-223d-8112-a825-d6552947ff89","6 months","TransUnion,Dun & Bradstreet or SBFE","No","Elan","Nationwide,FL","https://creditcardlearnmore.com/11t3/index?ecdma-lc=32137&ecid=OTHE_25940#business","","
Seacoast National Bank"
"143216ea-223d-812d-a594-de689c67ee58","6 months","Experian,Dun & Bradstreet or SBFE","No","Elan","Nationwide,TN","https://creditcardlearnmore.com/11t3/index?ecdma-lc=22682&ecid=OTHE_25940","No","Bank of Tennessee "
"143216ea-223d-8187-a8e6-cbb63c2d87c1","6 months","All 3,Dun & Bradstreet or SBFE","No","Elan","Nationwide,MO","https://creditcardlearnmore.com/11t3/index?ecdma-lc=03704&ecid=OTHE_25940","","Bank Star"
"143216ea-223d-8156-b85e-e83f2fa8df0d","6 months","All 3,Dun & Bradstreet or SBFE","No","Elan","Nationwide,IA,IL","https://creditcardlearnmore.com/11t3/index?ecdma-lc=30926&ecid=OTHE_25940","","BankORION"
"143216ea-223d-81b9-842e-e35199199a6c","6 months","Experian,Dun & Bradstreet or SBFE","No","Elan","Nationwide,AL,CA","https://creditcardlearnmore.com/11t3/index?ecdma-lc=32845&ecid=OTHE_25940#","","Water and Power Community Credit Union"
"143216ea-223d-810f-95eb-e6c57e7c2707","6 months","TransUnion,Dun & Bradstreet or SBFE","No","Elan","Nationwide,KY","https://creditcardlearnmore.com/11t3/index?ecdma-lc=24280&ecid=OTHE_25940#business",""," Citizens Deposit Bank of  Arlington, Inc"
"143216ea-223d-8196-bf2b-e7ac83331920","6 months","TransUnion,Dun & Bradstreet or SBFE","No","Elan","Nationwide,MS","https://communitybank.net/business-banking/business-credit-card-2/","","Community Bank "
"143216ea-223d-81ae-a79a-f6ae0dfc838d","6 months","TransUnion,Equifax,Dun & Bradstreet or SBFE","No","Elan","Nationwide,TX","https://creditcardlearnmore.com/11t3/index?ecdma-lc=13939&ecid=OTHE_25940","","Cosden Federal Credit Union"
"143216ea-223d-8115-97cb-f03cf457dbf4","","TransUnion,Dun & Bradstreet or SBFE","No","Elan","","https://www.connexuscu.org/accounts/business-credit-cards","","Connexus Credit Union"
"143216ea-223d-81ee-9728-cef3f4868342","6 months","Dun & Bradstreet or SBFE,All 3","No","Elan","Nationwide,NJ","https://creditcardlearnmore.com/11t3/index?ecdma-lc=25413&ecid=OTHE_25940#business","","First Bank of NJ"
"143216ea-223d-8116-a83e-c2fd22cd1b2e","6 months","All 3,Dun & Bradstreet or SBFE","No","Elan","Nationwide,KS","https://creditcardlearnmore.com/11t3/index?ecdma-lc=27272&ecid=OTHE_25940","","First Commerce Bank, Kansas"
"143216ea-223d-812a-916f-daa8c391b2fe","6 months","All 3,Dun & Bradstreet or SBFE","No","Elan","Nationwide,TX","https://creditcardlearnmore.com/11t3/index?ecdma-lc=29492&ecid=OTHE_25940","","First Community Bank, TX"
"143216ea-223d-8150-b4fc-dcdc6db36628","6 months","All 3,Dun & Bradstreet or SBFE","No","Elan","Nationwide,TN","https://creditcardlearnmore.com/11t3/index?ecdma-lc=17027&ecid=OTHE_25940	","","Volunteer State Bank"
"143216ea-223d-81fc-a178-eeed5b53bdf9","6 months","Experian,Dun & Bradstreet or SBFE","No","Elan","Nationwide,NY,AR,NE","https://creditcardlearnmore.com/11t3/index?ecdma-lc=25888&ecid=OTHE_25940","","Generations Bank"
"143216ea-223d-81f0-8b6b-ea7abb58cf8f","6 months","Equifax,TransUnion,Dun & Bradstreet or SBFE","No","Elan","Nationwide,NH","https://creditcardlearnmore.com/11t3/index?ecdma-lc=25615&ecid=OTHE_25940#","","Primary Bank"
"143216ea-223d-81c9-a85e-c3b0a43d4e8b","","Equifax,Dun & Bradstreet or SBFE","No","Elan","","https://creditcardlearnmore.com/fi/11t3/index?ecdma-lc=29279&ecid=OTHE_25940","","Rosedale Federal Savings & Loan Association"
"143216ea-223d-81b6-a72a-d09b3674b218","6 months","All 3,Dun & Bradstreet or SBFE","No","Elan","Nationwide,NY,PA,NJ","https://creditcardlearnmore.com/fi/11t3/index?ecdma-lc=25456&ecid=OTHE_25940","","Security Bank & Trust Co,"
"143216ea-223d-8178-8544-e845755b2d89","6 months","All 3,Dun & Bradstreet or SBFE","No","Elan","Nationwide,ME","https://creditcardlearnmore.com/fi/11t3/index?ecdma-lc=07207&ecid=OTHE_25940","","Skowhegan Savings Bank"
"143216ea-223d-819e-95b3-c6d87d08276d","6 months","Equifax,Experian,Dun & Bradstreet or SBFE","No","Elan","Nationwide,FL,TN,AL","https://creditcardlearnmore.com/fi/11t3/index?ecdma-lc=31875&ecid=OTHE_25940#business","","SmartBank"
"143216ea-223d-81f7-8a79-dc1497ec7c46","","Experian,TransUnion,Dun & Bradstreet or SBFE","No","Elan","","https://creditcardlearnmore.com/fi/11t3/index?ecdma-lc=12337&ecid=OTHE_25940#business","","SMBC MANUBANK"
"143216ea-223d-81e0-ab47-ccb738b51420","6 months","All 3,Dun & Bradstreet or SBFE","No","Elan","Nationwide,CT,TN","https://creditcardlearnmore.com/fi/11t3/index?ecdma-lc=31398&ecid=OTHE_25940","","SouthEast Bank"
"143216ea-223d-81f2-9008-ecc2729d84b5","6 months","Experian,Dun & Bradstreet or SBFE","No","Elan","Nationwide,NZ","https://creditcardlearnmore.com/fi/11t3/index?ecdma-lc=26190&ecid=OTHE_25940","","The Cooperative Bank"
"143216ea-223d-8115-bc3d-ddc9d0a3e197","6 months","TransUnion,Dun & Bradstreet or SBFE","No","Elan","Nationwide,IN,OH,KY,GA","https://www.thefarmersbank.com/personal/consumer-credit-cards","","The Farmers Bank"
"251216ea-223d-80d4-9371-d6a50ee2790e","6 months","TransUnion","No","Elan","Nationwide,OK","https://www.bankfnbt.com/business/business-credit-cards/","","The First National Bank and Trust Co., Chickasha, Oklahoma"
"24e216ea-223d-80f5-a739-f99f0659ea42","","TransUnion","No","Elan","","https://www.prioritybank.com/loans/personal-loans/credit-cards.html","","Priority Bank"
"241216ea-223d-80a7-a3b9-ca8a6653e603","","TransUnion","No","Elan","","https://www.mycardapply.com/synindex/?ecdma-lc=1359&ecid=OTHE_25940&offertype=0","","Sterling State Bank"
"1d1216ea-223d-80a0-9dc0-ee37c70c8acc","","TransUnion,Experian","No","Elan","","https://www.bankmw.com/business-banking/debit-credit-cards/","","Bank Midwest "
"269216ea-223d-80c5-992b-f81a015dca62","6 months","TransUnion,Dun & Bradstreet or SBFE","No","Elan","TX,Nationwide","https://www.mycardapply.com/synindex/?ecdma-lc=31684&ecid=OTHE_25940&offertype=0","","Amarillo Community Federal Credit Union"
"269216ea-223d-804c-b419-cb28f693b2b3","6 months","TransUnion,Dun & Bradstreet or SBFE","No","Elan","Nationwide,TN","https://www.mycardapply.com/synindex/?ecdma-lc=35170&ecid=OTHE_25940&offertype=0#business","","TENNESSEE MEMBERS 1ST"
"26a216ea-223d-80e3-a605-f25c64f9b35b","","TransUnion,Dun & Bradstreet or SBFE","No","Elan","GA","https://www.mycardapply.com/synindex/?ecdma-lc=20440&ecid=OTHE_25940&offertype=0","","CDC"
"26a216ea-223d-8095-ac14-f0c7fc712759","6 months","TransUnion","No","Elan","Nationwide,CA,TX","https://www.mycardapply.com/synindex/?ecdma-lc=34018&ecid=OTHE_25940&offertype=0#business","","Skyone"
"26b216ea-223d-8070-a600-d2f4cf597d82","6 months","TransUnion,Dun & Bradstreet or SBFE","No","Elan","Nationwide,MD,WV","https://www.mycardapply.com/synindex/?ecdma-lc=12215&ecid=OTHE_25940&offertype=0","","WEPCO"
"26c216ea-223d-80a1-a0e0-d0574fdd0bde","","TransUnion,Dun & Bradstreet or SBFE","No","Elan","OP","https://www.mycardapply.com/synindex/?ecdma-lc=14460&ecid=OTHE_25940&offertype=0","","NORTHERN HILLS"
"26c216ea-223d-804f-a16b-fb29b8f3c391","6 months","TransUnion,Dun & Bradstreet or SBFE","No","Elan","Nationwide,OH,KS","https://www.mycardapply.com/synindex/?ecdma-lc=11675&ecid=OTHE_25940&offertype=0","","UNION"
"26c216ea-223d-8003-86b5-eab8fc3d4a8e","6 months","TransUnion","","Elan","Nationwide,TX,NM","https://www.mycardapply.com/synindex/?ecdma-lc=14068&ecid=OTHE_2594&offertype=0","","WHITE SANDS"
"26c216ea-223d-8042-9651-e8bb7cda2428","","TransUnion,Dun & Bradstreet or SBFE","No","Elan","NW","https://www.mycardapply.com/synindex/?ecdma-lc=20147&ecid=OTHE_25940&offertype=0","","AFL CIO EMPLOYEES"
"271216ea-223d-809c-8e16-ec330e4bdce1","6 months","TransUnion,Dun & Bradstreet or SBFE","No","Elan","IN,Nationwide","https://www.mycardapply.com/synindex/?ecdma-lc=07941&ecid=OTHE_25940&offertype=0","","SOLIDARITY COMMUNITY"
"271216ea-223d-8088-8aa8-f510ff2ddfac","6 months","TransUnion,Dun & Bradstreet or SBFE","No","Elan","Nationwide,TX","https://www.mycardapply.com/synindex/?ecdma-lc=32856&ecid=OTHE_25940&offertype=0","","VICTORIA TEACHERS"
"278216ea-223d-806e-b8b7-c588969570c4","6 months","TransUnion,Dun & Bradstreet or SBFE","No","Elan","Nationwide,NV","https://www.mycardapply.com/synindex/?ecdma-lc=25078&ecid=OTHE_25940&offertype=0","","ELKO"
"279216ea-223d-80e6-bd75-d0f3ba883689","","TransUnion,Dun & Bradstreet or SBFE","No","Elan","DT,SC,RB","https://www.mycardapply.com/synindex/?ecdma-lc=32808&ecid=OTHE_25940&offertype=0#business","","PACIFIC CASCADE"
"27a216ea-223d-80c2-a58c-d55edc2e5d76","","TransUnion,Dun & Bradstreet or SBFE","No","Elan","AZ,VT","https://www.mycardapply.com/synindex/?ecdma-lc=26940&ecid=OTHE_25940&offertype=0","","U-HAUL"
"27f216ea-223d-803a-b5af-c9e7fa1b3af2","12 months","TransUnion,Dun & Bradstreet or SBFE","No","Elan","Nationwide,NY","https://secny.org/credit-card-rates-syracuse-ny/","","SECNY"
"280216ea-223d-80c7-96a3-e938858a55b9","6 months","TransUnion,Dun & Bradstreet or SBFE","No","Elan","Nationwide,MN","https://www.mycardapply.com/synindex/?ecdma-lc=32738&ecid=OTHE_25940&offertype=0","","TORO EMPLOYEES"
"281216ea-223d-8026-b6d0-dd5089268376","6 months","TransUnion,Dun & Bradstreet or SBFE","No","Elan","Nationwide,NC,SC","https://www.mycardapply.com/synindex/?ecdma-lc=31380&ecid=OTHE_25940&offertype=0","","SHARONVIEW"
"281216ea-223d-8057-9750-e10148d96b9f","6 months","TransUnion,Dun & Bradstreet or SBFE","No","Elan","Nationwide,CT","https://www.mycardapply.com/synindex/?ecdma-lc=27858&ecid=OTHE_25940&offertype=0","","SCIENT"
"286216ea-223d-80f7-8cbc-ddc5ce8b82e2","6 months","TransUnion,Dun & Bradstreet or SBFE","No","Elan","Nationwide,MN","https://www.mycardapply.com/synindex/?ecdma-lc=11664&ecid=OTHE_25940&offertype=0","","WAKOTA"
"287216ea-223d-807d-b071-f9893568a695","6 months","TransUnion,Dun & Bradstreet or SBFE","No","Elan","Nationwide,NY","https://www.mycardapply.com/synindex/?ecdma-lc=13956&ecid=OTHE_25940&offertype=0","","FASNY"
"287216ea-223d-80dd-ab4c-dfd91f761502","6 months","TransUnion,Dun & Bradstreet or SBFE","No","Elan","Nationwide,NW","https://www.mycardapply.com/synindex/?ecdma-lc=32357&ecid=OTHE_25940&hsCtaAttrib=191780152915&offertype=0","","WEOKIE"
"287216ea-223d-806a-aa78-c168aa9eabb3","6 months","TransUnion,Dun & Bradstreet or SBFE","No","Elan","Nationwide,MA","https://www.mycardapply.com/synindex/?ecdma-lc=11540&ecid=OTHE_25940&offertype=0","","WORKERS"
"287216ea-223d-80b8-ba27-e7ea8554b54a","6 months","TransUnion,Dun & Bradstreet or SBFE","No","Elan","Nationwide,VA","https://www.mycardapply.com/synindex/?ecdma-lc=24999&ecid-OTHE_25940&offertype=0","","VIRGINIA"
"27a216ea-223d-8091-8eea-c6cb22fe0b3b","6 months","TransUnion,Dun & Bradstreet or SBFE","No","Elan","Nationwide,GA","https://www.mycardapply.com/synindex/?ecdma-lc=21593&ecid=OTHE_25940&offertype=0","","FLINT"
"2a3216ea-223d-80b0-b898-ec771d1b82a3","","TransUnion","No","Elan","OR,Nationwide","https://myoccu.org/business/credit-cards","","OREGON COMMUNITY"
"2b3216ea-223d-8094-877a-d99885dbd343","6 months","Experian,Dun & Bradstreet or SBFE","No","Elan","Nationwide,MN","https://www.mycardapply.com/synindex/?ecdma-lc=11557&ecid=OTHE_25940&offertype=0#business","","CENTRICITY "
"2b3216ea-223d-8017-89fb-d5739a7b7975","","Experian","Yes","Self","AZ","https://vantagewest.org/business/credit-cards/","","VANTAGE WEST "
"2b3216ea-223d-805d-bf59-e1e10177b399","12 months","TransUnion","No","Elan","Nationwide,WA","https://www.veritycu.com/business-credit-cards ","","VERITY "
"2b3216ea-223d-8035-a751-ce4e61600ffb","","TransUnion,Dun & Bradstreet or SBFE","No","Elan","","https://www.mycardapply.com/synindex/product?ecdma-lc=13899&ecid=FI_28694&offertype=109","","MATADORS COMMUNITY"
"2b3216ea-223d-80a6-ba5f-dcc14abc0e17","6 months","TransUnion","No","Elan","Nationwide,MA","https://www.mycardapply.com/synindex/?ecdma-lc=13965&ecid=OTHE_25940&offertype=0","","HOMEFIELD "
"2b3216ea-223d-809e-83e5-c38fd476bf8d","6 months","TransUnion","No","Elan","Nationwide,MA","https://www.mycardapply.com/synindex/?ecdma-lc=21631&26ecid=OTHE_25940&offertype=0 ","","FALL RIVER MUNICIPAL"
"251216ea-223d-805e-bed2-f225e66ceaa1","","Experian","No","Elan","SD","https://fnbsf.myapexcard.com/apply/","","The First National Bank in Sioux Falls"
"2b3216ea-223d-80e6-92da-e7cf3674bb6f","6 months","TransUnion","No","Elan","Nationwide,MA","https://www.mycardapply.com/synindex/?ecdma-lc=12235&ecid=OTHE_25940&offertype=0","","ST. MARY'S BANK"
"2b3216ea-223d-80da-9dc7-c89a79309053","6 months","TransUnion","No","Elan","Nationwide,RI","https://www.mycardapply.com/synindex/?ecdma-lc=21856&ecid=OTHE_25940&offertype=0 ","","NAVIGANT"
"2b6216ea-223d-8095-bb22-e1f9b4b76267","","TransUnion,Dun & Bradstreet or SBFE","No","Elan","","https://www.mycardapply.com/synindex/?ecdma-lc=12456&ecid=OTHE_25940&offertype=0 ","","CHEVRON "
"2b6216ea-223d-80b6-928c-e5c98d8b952b","6 months","TransUnion,Equifax,Dun & Bradstreet or SBFE","No","Elan","Nationwide,OH","https://www.mycardapply.com/synindex/?ecdma-lc=14030&ecid=OTHE_25940&offertype=0","","RIVERVIEW "
"2b7216ea-223d-8072-b1f2-f97acae0614f","6 months","Equifax,TransUnion,Dun & Bradstreet or SBFE","No","Elan","Nationwide,NJ","https://www.mycardapply.com/synindex/?ecdma-lc=33173&ecid=OTHE_25940&offertype=0 ","","IRCO COMMUNITY "
"2b7216ea-223d-808f-b7a3-f5896a38065e","","TransUnion,Dun & Bradstreet or SBFE","No","Elan","","https://www.crossvalleyfcu.org/borrow/credit-cards/  ","","CROSS VALLEY "
"286216ea-223d-8055-96b5-d11c3d39a437","","TransUnion,Dun & Bradstreet or SBFE","No","Elan","MA","https://www.mycardapply.com/synindex/?ecdma-lc=35496&ecid=OTHE_25940&offertype=0","","FIRST PRIORITY"
"284216ea-223d-8010-b76e-febd4a9d67e1","","TransUnion,Dun & Bradstreet or SBFE","No","Elan","MA","https://www.mycardapply.com/synindex/?ecdma-lc=32256&ecid=OTHE_25940&offertype=0","","BEVERLY MUNICIPAL"
"281216ea-223d-80da-8dfb-fd7e1c060ab3","6 months","TransUnion,Dun & Bradstreet or SBFE","No","Elan","Nationwide,NY","https://www.mycardapply.com/synindex/?ecdma-lc=12134&ecid=OTHE_25940&offertype=0","","O AND R UTILITIES EMPLOYEES"
"280216ea-223d-80c2-a724-c18042a06c95","6 months","TransUnion,Dun & Bradstreet or SBFE","No","Elan","Nationwide,MS","https://www.mycardapply.com/synindex/?ecdma-lc=09375&ecid=FI_52807&offertype=0","","PLANTERS"
"27e216ea-223d-8029-9aa2-cfa8381ca237","","TransUnion,Dun & Bradstreet or SBFE","No","Elan","PA","https://www.crossvalleyfcu.org/borrow/credit-cards/","","CROSS VALLEY"
"27a216ea-223d-804e-b54c-fea3d42764da","","TransUnion,Dun & Bradstreet or SBFE","No","Elan","IN","https://www.mycardapply.com/synindex/?ecdma-lc=13986&ecid=OTHE_25940&offertype=0","","LAMPCO"
"27a216ea-223d-80d9-a670-e30fde184f08","","TransUnion,Dun & Bradstreet or SBFE","No","Elan","MA","https://www.mycardapply.com/synindex/?ecdma-lc=32928&ecid=OTHE_25940&offertype=0","","LEE"
"273216ea-223d-80aa-a8c6-de7739a14f90","","TransUnion,Dun & Bradstreet or SBFE","No","Elan","MI","https://www.mycardapply.com/synindex/?ecdma-lc=09383&ecid=OTHE_25940&offertype=0#business","","PUBLIC SERVICE"
"23b216ea-223d-8085-aa20-cb81e5b82809","","TransUnion,Experian,Dun & Bradstreet or SBFE","No","Elan","IA","https://www.twincedars.bank/personal-banking/consumer-credit-cards","","Twin Cedars Bank"
"209216ea-223d-80b4-8c34-eeb614c7398a","","TransUnion,Dun & Bradstreet or SBFE","No","Elan","TX","https://creditcardlearnmore.com/fi/11t3/index?ecdma-lc=26435&ecid=OTHE_25940","","Transpecos Banks, SSB"
"209216ea-223d-809c-b583-d1460717a4b8","","TransUnion,Dun & Bradstreet or SBFE","No","Elan","WI","https://creditcardlearnmore.com/fi/11t3/index?ecdma-lc=00256&ecid=OTHE_25940","","First Citizens State Bank"
"209216ea-223d-80cd-b922-d4ede1b2cfc4","","TransUnion,Dun & Bradstreet or SBFE","No","Elan","IL","https://creditcardlearnmore.com/fi/11t3/index?ecdma-lc=4855&OTHE_25940#consumer","","The Bank of Herrin"
"209216ea-223d-808c-969e-ffeffa67981f","","TransUnion,Dun & Bradstreet or SBFE","No","Elan","IL","https://creditcardlearnmore.com/fi/11t3/index?ecdma-lc=12516&ecid=OTHE_25940","","Farmers State Bank of Alto Pass, Ill."
"201216ea-223d-808b-ab62-e5e5fad128f9","","TransUnion,Dun & Bradstreet or SBFE","No","Elan","MO","https://creditcardlearnmore.com/fi/11t3/index?ecdma-lc=2952&ecid=OTHE_25940","","SULLIVAN BANK"
"201216ea-223d-806e-99b3-e3f916b3f3d4","","TransUnion,Dun & Bradstreet or SBFE","No","Elan","MO","https://creditcardlearnmore.com/fi/11t3/index?ecdma-lc=32378&ecid=OTHE_25940","","The Nodaway Valley Bank"
"201216ea-223d-80cd-b1c7-d9a8902df45d","","All 3","No","Elan","mn,NH","https://creditcardlearnmore.com/fi/11t3/index?ecdma-lc=33715&ecid=OTHE_25940","","Pentucket  Bank"
"201216ea-223d-80d5-a38a-c31230601d50","","TransUnion,Dun & Bradstreet or SBFE","No","Elan","MA","https://creditcardlearnmore.com/fi/11t3/index?ecdma-lc=14692&OTHE_25940","","Webster Five Cents Savings Bank"
"201216ea-223d-802f-a26a-d83e85287147","","TransUnion,Dun & Bradstreet or SBFE","No","Elan","MA","https://creditcardlearnmore.com/fi/11t3/index?ecdma-lc=32709&ecid=OTHE_25940","","Winchester Savings Bank"
"201216ea-223d-80e7-8cbd-d5cbea88adc9","","All 3","No","Elan","MN","https://creditcardlearnmore.com/fi/11t3/index?ecdma-lc=1585&ecid=OTHE_25940#business","","Farmers & Merchants State Bank of New York Mills, Incorporated"
"201216ea-223d-801e-85b8-ec6252d49d71","","TransUnion,Dun & Bradstreet or SBFE","No","Elan","ND","https://creditcardlearnmore.com/fi/11t3/index?ecdma-lc=3610&ecid=OTHE_25940","","Choice Financial Group"
"201216ea-223d-808b-a2a7-f55edc368481","","TransUnion,Dun & Bradstreet or SBFE","No","Elan","MA","https://creditcardlearnmore.com/fi/11t3/index?ecdma-lc=28440&ecid=OTHE_25940","","Rockland Trust Company"
"201216ea-223d-805c-ac41-c91826fdb470","","TransUnion,Dun & Bradstreet or SBFE","No","Elan","NE","http://creditcardlearnmore.com/fi/11t3/index?ecdma-lc=04574&ecid=OTHE_25940","","Adams State Bank"
"201216ea-223d-8033-87e0-c57afa918a75","","TransUnion,Dun & Bradstreet or SBFE","No","Elan","MN","https://creditcardlearnmore.com/fi/11t3/index?ecdma-lc=24452&ecid=OTHE_25940","","F & M Community Bank, National Association"
"201216ea-223d-8002-b84e-f438355e1cb4","","TransUnion,Dun & Bradstreet or SBFE","No","Elan","IA","https://creditcardlearnmore.com/fi/11t3/index?ecdma-lc=1986&ecid=OTHE_25940#business","","Central State Bank"
"201216ea-223d-809f-9f6f-d41ca234db36","","TransUnion,Dun & Bradstreet or SBFE","No","Elan","WI","https://creditcardlearnmore.com/fi/11t3/index?ecdma-lc=14976&ecid=OTHE_25940","","Mifflinburg Bank and Trust Company"
"201216ea-223d-8056-a403-cae4a86c0c1d","","TransUnion,Dun & Bradstreet or SBFE","No","Elan","IA","https://creditcardlearnmore.com/fi/11t3/index?ecdma-lc=1291&ecid=OTHE_25940","","Mount Vernon Bank and Trust Company"
"201216ea-223d-80a4-ad6b-ea6d4b5a443b","","TransUnion,Dun & Bradstreet or SBFE","No","Elan","WI","https://creditcardlearnmore.com/fi/11t3/index?ecdma-lc=00230&ecid=OTHE_25940#business","","State Bank Financial"
"201216ea-223d-807c-b1bb-d16ad15cff24","","TransUnion,Dun & Bradstreet or SBFE","No","Elan"," WI","https://creditcardlearnmore.com/fi/11t3/index?ecdma-lc=27395&ecid=OTHE_25940","","Oostburg State Bank"
"201216ea-223d-808a-a97a-f0f2c2d10ba5","","TransUnion,Dun & Bradstreet or SBFE","No","Elan","CA","https://creditcardlearnmore.com/11t3/index?ecdma-lc=31463&ecid=OTHE_25940","","The Farmers and Merchants Bank"
"201216ea-223d-8064-a73c-de968f6555ab","","TransUnion,Dun & Bradstreet or SBFE","No","Elan","AR","https://creditcardlearnmore.com/11t3/index?ecdma-lc=11441&ecid=OTHE_25940","","Farmers Bank and Trust Company"
"201216ea-223d-8032-8139-fa19ab054ec4","","TransUnion,Dun & Bradstreet or SBFE","No","Elan","MN","https://creditcardlearnmore.com/11t3/index?ecdma-lc=23604&ecid=OTHE_25940","","Security State Bank of Marine"
"201216ea-223d-80ae-b8e0-d22e51168577","","TransUnion,Dun & Bradstreet or SBFE","No","Elan","M I","https://creditcardlearnmore.com/11t3/index?ecdma-lc=3127&ecid=OTHE_25940#business","","The Shelby State Bank"
"1fa216ea-223d-8085-8d9a-f603108465ff","","TransUnion,Dun & Bradstreet or SBFE","No","Elan","WI","https://creditcardlearnmore.com/fi/11t3/index?ecdma-lc=859=XXXXX&ecid=OTHE_25940","","Security Bank"
"1fa216ea-223d-808b-b265-efa92e6fa06a","","TransUnion,Dun & Bradstreet or SBFE","No","Elan","IA","https://creditcardlearnmore.com/fi/11t3/index?ecdma-lc=01615&ecid=OTHE_25940","","Exchange State Bank"
"1d2216ea-223d-8008-b42c-d271491261ec","","TransUnion","No","Elan","WI","https://creditcardlearnmore.com/fi/11t3/index?ecdma-lc=13898&ecid=OTHE_25940","","Tri City National Bank "
"1d2216ea-223d-80ae-80f1-e28a9872496d","","TransUnion","No","Elan","ME,VT,NH","https://creditcardlearnmore.com/fi/11t3/index?ecdma-lc=13050&ecid=OTHE_25940","","Bar Harbor Bank & Trust:"
"1d1216ea-223d-8098-a665-d71a2838195b","","Experian","No","Elan","MA,NH,RI,CT","https://creditcardlearnmore.com/fi/11t3/index?ecdma-lc=20091&ecid=OTHE_25940#business","","Eastern Bank"
"1d0216ea-223d-80a9-8bb5-f39bbee84770","","TransUnion","No","Elan","KS,OK,MO","https://www.fidelitybank.com/business/lending/business-credit-cards/","","Fidelity Bank"
"1d0216ea-223d-8015-aad8-eaa0fc36eaa0","","TransUnion,Experian","No","Elan","IA","https://creditcardlearnmore.com/fi/11t3/index?ecdma-lc=04571","","Lincoln Savings Bank "
"1d0216ea-223d-80d8-88f5-f6161dab7af4","","TransUnion,Experian","No","Elan","IA,AR,GA,IL,KS,MN,MO,NE,NC,TX,CO,AZ","https://www.greatsouthernbank.com/business/credit-cards","","Great Southern Bank"
"1d0216ea-223d-803c-843b-c6823b88d698","","All 3","No","Elan","IN,IL","https://creditcardlearnmore.com/fi/11t3/index?ecdma-lc=17344&ecid=OTHE_25940","No","First Farmers Bank "
"1d0216ea-223d-801c-be12-e2a132b92ddd","","All 3","No","Elan","IN,MI","https://creditcardlearnmore.com/fi/11t3/index?ecdma-lc=3666&ecid=OTHE_25940","","Horizon bank"
"1d0216ea-223d-80e4-b44b-c43bbac8e51b","","TransUnion,Experian","No","Elan","IL,MO,FL,IN,KS,OK,TX,AZ,CO,NM","https://creditcardlearnmore.com/fi/11t3/index?ecdma-lc=12170&ecid=OTHE_25940","","Busey Bank"
"1cf216ea-223d-809d-b6ec-c9a1892d0d02","","TransUnion,Experian","No","Elan","IL,WI,MO,TX,IN","https://www.firstmid.com/business-debit-and-credit-card-options/business-debit-credit-cards/","","First Mid & Bank Trust"
"1cf216ea-223d-805e-95eb-edf59f2bf19b","","TransUnion","No","Elan","ID,AZ,AR,CA,CO,IL,IN,IA,KS,KY,MN,MO,MT,NE,NV,NM,NC,ND,OH,OR,SD,TN,TX,UT,WA,WI,WY","https://www.usbank.com/index.html","Yes","US Bank"
"1cf216ea-223d-80df-b635-f6fe37671c1c","","All 3","No","Elan","HI,OR,CA,WA","https://www.homestreet.com/business/banking/business-credit-cards","","HomeStreet Bank "
"1cf216ea-223d-80ee-b9bd-f88db81adb70","","All 3","No","Elan","HI","https://creditcardlearnmore.com/fi/11t3/index?ecdma-lc=31832&ecid=OTHE_25940#business","","American Savings Bank"
"1ce216ea-223d-8097-97ed-db421b3989a5","","All 3","No","Elan","CO","https://www.cobnks.com/business-borrowing-overview/","","Community Bank of Colorado"
"1cc216ea-223d-805a-b78b-ec10c7cce08f","","Experian","No","Elan","CA","https://creditcardlearnmore.com/fi/11t3/index?ecdma-lc=31463&ecid=OTHE_25940","","Farmers & Merchants Bank"
"16f216ea-223d-80c4-b00f-e2ce64c17998","","All 3","No","Elan","NY","https://heritagefcu.com/borrowing/visa-credit-cards/","","Heritage Financial Credit Union"
"1dbf4402-dc0b-4ccc-932c-78625b3aa916","","TransUnion,Dun & Bradstreet or SBFE","No","Elan","MO","https://creditcardlearnmore.com/fi/11t3/index?ecdma-lc=23308&ecid=OTHE_25940","","Town & Country Bank"
"a7f72ebf-cb81-434e-9584-5937edae0724","","TransUnion,Dun & Bradstreet or SBFE","No","Elan","MO","https://creditcardlearnmore.com/fi/11t3/index?ecdma-lc=10059&ecid=OTHE_25940","","Mid-Missouri Bank"
"e857b89b-b2f9-449b-8dea-43dc6f1bbc4d","","TransUnion,Dun & Bradstreet or SBFE","No","Elan","MO","https://creditcardlearnmore.com/fi/11t3/index?ecdma-lc=33124&ecid=OTHE_25940#business","","HNB National Bank"
"ecbddd8f-c83a-4285-ae84-243676bb597a","","TransUnion,Dun & Bradstreet or SBFE","No","Elan","PA,NJ","https://www.unitybank.com/business-banking/lending/credit-cards","","Unity Bank (CALL BANK)"
"b556ba94-8803-4bb8-aded-45dbc3393386","","TransUnion,Dun & Bradstreet or SBFE","No","Elan","NC","https://creditcardlearnmore.com/fi/11t3/index?ecdma-lc=03241&ecid=OTHE_25940","","Farmers & Merchants Bank"
"63c51085-dcfe-480f-982e-b99da0f21a0f","","TransUnion","No","Elan","SD","https://creditcardlearnmore.com/fi/11t3/index?ecdma-lc=03295&ecid=OTHE_25940","","Merchants State Bank"
"8b248acc-518a-4bb0-8494-5a54361d627a","","TransUnion,Dun & Bradstreet or SBFE","No","Elan","MA,RI","https://creditcardlearnmore.com/fi/11t3/index?ecdma-lc=21287&ecid=OTHE_25940","","Bristol County Savings Bank"
"305fe472-13d3-42f4-be7d-b447fe675a78","","TransUnion,Dun & Bradstreet or SBFE","No","Elan","AR","https://creditcardlearnmore.com/fi/11t3/index?ecdma-lc=14657&ecid=OTHE_25940","","Merchants and Planters Bank"
"3d296b45-4766-43b6-b06c-2b1ef5232b5b","","TransUnion,Dun & Bradstreet or SBFE","No","Elan","RI","https://creditcardlearnmore.com/fi/11t3/index?ecdma-lc=9312&ecid=OTHE_25940","","BankNewport"
"55ea9e82-d4cb-4878-8b81-3989c16c8dea","","TransUnion,Dun & Bradstreet or SBFE","No","Elan","AL,MS","https://creditcardlearnmore.com/fi/11t3/index?ecdma-lc=12169&ecid=OTHE_25940","","Merchants & Marine Bank"
"37d0a48f-dd92-436b-830d-010f22124365","","TransUnion,Dun & Bradstreet or SBFE","No","Elan","ME","https://creditcardlearnmore.com/es/11t3/index?ecdma-lc=28373","","Auburn Savings Bank"
"0fe49ab3-3129-480c-aca4-0ef26a4bfd04","","TransUnion,Dun & Bradstreet or SBFE","No","Elan","CT,RI","https://creditcardlearnmore.com/fi/11t3/index?ecdma-lc=20143&ecid=OTHE_25940","","The Washington Trust Company"
"b85393fd-24b4-40ab-b042-fc5fc1060d37","","TransUnion,Dun & Bradstreet or SBFE","No","Elan","MS","https://creditcardlearnmore.com/fi/11t3/index?ecdma-lc=26495&ecid=OTHE_25940","","Planters Bank & Trust Company"
"a8adbd61-f52e-487e-9891-1e6c4f8dea20","","TransUnion","No","Elan","SD","https://creditcardlearnmore.com/fi/11t3/index?ecdma-lc=24281&ecid=OTHE_25940#business","","Pioneer Bank & Trust"
"430f49bd-0c7c-4052-ad71-25616b6d0d2e","","TransUnion","No","Elan","SD,MN","https://creditcardlearnmore.com/fi/11t3/index?ecdma-lc=3272&ecid=OTHE_25940","","American Bank & Trust"
"4f895d30-5043-4d23-a68e-c0435ee8b3bd","","TransUnion,Dun & Bradstreet or SBFE","No","Elan","MN","https://creditcardlearnmore.com/fi/11t3/index?ecdma-lc=1359&ecid=OTHE_25940#business","","Sterling State Bank"
"3f1cc37c-d0b3-4f8c-bde6-70cab760853b","","TransUnion,Dun & Bradstreet or SBFE","No","Elan","PA","https://creditcardlearnmore.com/fi/11t3/index?ecdma-lc=4745&ecid=OTHE_25940","","Jersey Shore State Bank"
"db01df02-65c8-4c5e-ba69-37f729fa8462","","TransUnion,Dun & Bradstreet or SBFE","No","Elan","NM","https://creditcardlearnmore.com/fi/11t3/index?ecdma-lc=32082&ecid=OTHE_25940#business","","Kensington Bank"
"8fec6488-2f32-4cb7-9eaf-280ead2f08ca","","TransUnion","No","Elan","MD,PA","https://creditcardlearnmore.com/fi/11t3/index?ecdma-lc=21959&ecid=OTHE_25940","","AmeriServ Financial Bank"
"f7a58641-355f-48ce-a58b-857b03937a07","","TransUnion","No","Elan","MN","https://creditcardlearnmore.com/fi/11t3/index?ecdma-lc=1595&ecid=OTHE_25940","","Pioneer Bank"
"38a35065-c9a5-4cf4-8ab2-2f6ce785d508","","TransUnion","No","Elan","PA","https://creditcardlearnmore.com/fi/11t3/index?ecdma-lc=09339&ecid=OTHE_25940","","First Keystone Community Bank"
"91d364fb-4290-4c58-b06b-715cfa6e1881","","TransUnion","No","Elan","MA,ME,NY","https://creditcardlearnmore.com/es/11t3/index?ecdma-lc=29545&ecid=OTHE_25940","","Northeast Bank"
"dc555ccc-05ab-4579-a1eb-f94fa2b0122e","","TransUnion","No","Elan","PA","https://creditcardlearnmore.com/fi/11t3/index?ecdma-lc=07648&ecid=OTHE_25940","","Fidelity Deposit and Discount Bank"
"fa46601f-e371-46c7-b653-6cba5d629717","","TransUnion","No","Elan","SC","https://creditcardlearnmore.com/fi/11t3/index?ecdma-lc=17040&ecid=OTHE_25940","","The Commercial Bank "
"99636a5f-90b3-474a-a4d8-ba6ea535efd1","","TransUnion","No","Elan","MN","https://creditcardlearnmore.com/fi/11t3/index?ecdma-lc=27815&ecid=OTHE_25940","","Think Mutual Bank"
"51b2b5ad-1bd1-478c-b2a3-f3be83cd7250","","TransUnion","No","Elan","PA","https://creditcardlearnmore.com/fi/11t3/index?ecdma-lc=24526&ecid=OTHE_25940","","Penn Community Bank"
"b9afb3a9-d987-4fbd-8de9-2d14c7d3e4d3","","TransUnion","No","Elan","SC","https://creditcardlearnmore.com/fi/11t3/index?ecdma-lc=23338&ecid=OTHE_25940#business","","Countybank"
"440a9ef6-04b2-4e30-b845-5ae9ba5473a2","","TransUnion","No","Elan","MN","https://creditcardlearnmore.com/fi/11t3/business-cash-preferred?ecdma-lc=24311&ecid=OTHE_25940","","MidCountry Bank"
"f1b8694d-a61b-4ab4-99af-83e4a7af6627","","TransUnion","No","Elan","AR","https://creditcardlearnmore.com/es/11t3/index?ecdma-lc=25032&ecid=OTHE_25940","","Farmers Bank & Trust"
"45050d95-4532-4ff6-9477-60e36b073084","","TransUnion","No","Elan","SC","https://creditcardlearnmore.com/fi/11t3/index?ecdma-lc=12265&ecid=OTHE_25940","","Carolina Bank & Trust"
"2af5e817-2790-40f1-b15f-4bc3c53d9cb2","","TransUnion","No","Elan","MD,PA","https://creditcardlearnmore.com/fi/11t3/index?ecdma-lc=14966&ecid=OTHE_25940","","PeoplesBank"
"0ad71305-9d3d-4ba8-a99f-800d606e883e","","TransUnion","No","Elan","MI","https://creditcardlearnmore.com/fi/11t3/index?ecdma-lc=26565&ecid=OTHE_25940","","Eaton Community Bank"
"3479ac29-1db0-48c3-8c8c-a2e505a0064f","","TransUnion","No","Elan","SC","https://creditcardlearnmore.com/fi/11t3/index?ecdma-lc=24269&ecid=OTHE_25940","","Anderson Brothers Bank"
"6c05a90b-c115-4771-9200-bcfb05a224dd","","TransUnion","No","Elan","MI","https://creditcardlearnmore.com/fi/11t3/index?ecdma-lc=03031&ecid=OTHE_25940","","Highpoint Community Bank"
"f126dd73-0115-4c6f-92e6-f3928f1b5c43","","TransUnion","No","Elan","NJ,NY,PA","https://creditcardlearnmore.com/fi/11t3/index?ecdma-lc=27277&ecid=OTHE_25940","","Peoples Security Bank & Trust "
"85ae8d43-6169-4f00-a56c-2e31eab8e710","","TransUnion","No","Elan","MI","https://creditcardlearnmore.com/fi/11t3/index?ecdma-lc=12156&ecid=OTHE_25940","","Oxford Bank"
"ea7d55ff-4d0d-4cc3-b8e7-51238f6815c8","","TransUnion","No","Elan","IN","https://creditcardlearnmore.com/fi/11t3/index?ecdma-lc=00696&ecid=OTHE_25940","","Range Bank"
"57ca3b1a-a4d2-4401-90ff-6fc6f2961213","","TransUnion","No","Elan","MI","https://creditcardlearnmore.com/fi/11t3/index?ecdma-lc=01193&ecid=OTHE_25940","","Citizens National Bank of Cheboygan"
"ecdfd72c-8d71-4e6a-b7b2-227425fdad3a","","TransUnion","No","Elan","MI","https://creditcardlearnmore.com/fi/11t3/index?ecdma-lc=29791&ecid=OTHE_25940","","Superior National Bank"
"06280147-b4e8-477f-a0a2-edab619b84f9","","TransUnion","No","Elan","KS","https://creditcardlearnmore.com/es/11t3/index?ecdma-lc=3772&ecid=OTH_25940","","Country Club Bank"
"d252c104-321e-44be-9113-434f2b63485a","","TransUnion","No","Elan","OR","https://creditcardlearnmore.com/fi/11t3/index?ecdma-lc=27844&ecid=OTHE_25940","","Univest Bank"
"d4a3b216-af69-460c-8b39-642a3c1712a4","","TransUnion","No","Elan","MI","https://creditcardlearnmore.com/fi/11t3/index?ecdma-lc=29848&ecid=OTHE_25940","","Northstar Bank"
"e9db2c5d-0788-47d0-b0ae-5c9a6c20f39c","","TransUnion","No","Elan","MI","https://creditcardlearnmore.com/fi/11t3/index?ecdma-lc=21629&ecid=OTHE_25940","","Eastern Michigan Bank"
"4249a72f-3b84-4a29-b104-bea41873f651","","TransUnion","No","Elan","KS","https://creditcardlearnmore.com/es/11t3/index?ecdma-lc=29512&ecid=OTHE_25940","","Emprise Bank"
"8ca2fa0d-3f57-4e92-9fef-b780e6de13d8","","TransUnion","No","Elan","MI","https://creditcardlearnmore.com/fi/11t3/index?ecdma-lc=26218&ecid=OTHE_25940","","United Bank of Michigan"
"1db32a5a-959f-4783-87a0-aabdc2142557","","TransUnion","No","Elan","MI","https://creditcardlearnmore.com/fi/11t3/index?ecdma-lc=14778&ecid=OTHE_25940","","First State Bank"
"e1adbe32-daec-4256-877a-a84bcef4c969","","TransUnion","No","Elan","OR","https://creditcardlearnmore.com/fi/11t3/index?ecdma-lc=07354&ecid=OTHE_25940","","Pacific West Bank"
"59e42439-b34f-4087-9021-94f20f3fd1e7","","TransUnion","No","Elan","WI,IA,IL","https://creditcardlearnmore.com/es/11t3/index?ecdma-lc=23417&ecid=OTHE_25940","","CBI Bank & Trust"
"02094e6e-d467-4c95-a841-635ad4c34895","","TransUnion","No","Elan","WI","https://creditcardlearnmore.com/fi/11t3/index?ecdma-lc=01791&ecid=OTHE_25940","","Great Midwest Bank"
"88c38493-e25b-46dd-9e9c-18e8a6274efc","","TransUnion","No","Elan","OR","https://creditcardlearnmore.com/fi/11t3/index?ecdma-lc=11527&ecid=OTHE_25940","","Willamette Valley Bank"
"e9bca9e8-b5dd-4400-a4f0-847a1ec4d1c1","","TransUnion","No","Elan","WI","https://creditcardlearnmore.com/fi/11t3/index?ecdma-lc=2109&ecid=OTHE_25940","","Prevail Bank"
"223178d6-fb9e-4999-9edd-eb1a3969a96e","","TransUnion","No","Elan","IN","https://creditcardlearnmore.com/es/11t3/index?ecdma-lc=03350&ecid=OTHE_25940#business","","Campbell & Fetter Bank"
"9bc2cadc-cea2-4458-8999-5cb49da655a8","","TransUnion","No","Elan","WI","https://creditcardlearnmore.com/fi/11t3/index?ecdma-lc=0507&ecid=OTHE_25940","","Community First Bank"
"9dcafc0d-da89-44a5-b8f2-1870c2f540de","","TransUnion","No","Elan","WI","https://creditcardlearnmore.com/fi/11t3/index?ecdma-lc=00210&ecid=OTHE_25940","","Peoples State Bank"
"babd96c0-806f-4d07-855c-5697aa81cca7","","TransUnion","No","Elan","AR,KS,OK","https://creditcardlearnmore.com/fi/11t3/index?ecdma-lc=25006&ecid=OTHE_25940#business","","Intrust Bank"
"c2445ab0-bfd0-48ea-8c4b-52477c78dcc2","","TransUnion","No","Elan","SD,MN","https://creditcardlearnmore.com/fi/11t3/index?ecdma-lc=9395&ecid=OTHE_25940","","First Bank & Trust Co."
"46a6e9b3-6859-4400-a926-da10ca05f313","","TransUnion","No","Elan","WI,MN","https://www.forward.bank/business/b-credit-cards/","","Forward Bank"
"8139530c-c70f-4576-b791-8b768861b3b8","","TransUnion","No","Elan","WI","https://creditcardlearnmore.com/fi/11t3/index?ecdma-lc=12246&ecid=OTHE_25940","","Dairy State Bank"
"bdc06ad6-1334-4e6f-950c-5efe26bff1ec","","TransUnion","No","Elan","WI,IL","https://creditcardlearnmore.com/fi/11t3/index?ecdma-lc=00430&ecid=OTHE_25940","","The First National Bank and Trust Company"
"23ad0a71-a274-41c2-8c90-52c163abb941","","TransUnion","No","Elan","KS,OK","https://creditcardlearnmore.com/fi/11t3/index?ecdma-lc=32073&ecid=OTHE_25940","","City National Bank"
"a78a44dd-a9cc-43be-9f6e-4ea3a50c43d4","","TransUnion","No","Elan"," WI","https://creditcardlearnmore.com/fi/11t3/index?ecdma-lc=00181&ecid=OTHE_25940","","Waukesha State Bank"
"0577265e-0ee9-43d9-9cd9-91222465e327","","TransUnion","No","Elan","OH","https://creditcardlearnmore.com/fi/11t3/index?ecdma-lc=20688&OTHE_25940","","BancFirst"
"f165a0c4-28a8-477d-8cda-f0c5d76b2e9f","","TransUnion","No","Elan","MI","https://creditcardlearnmore.com/fi/11t3/index?ecdma-lc=03989&ecid=OTHE_25940","","Macatawa Bank"
"898e21f6-68ef-4715-9475-99697f00e75f","","TransUnion","No","Elan","WI","https://creditcardlearnmore.com/fi/11t3/index?ecdma-lc=%2001649&ecid=OTHE_25940#business","","WaterStone Bank"
"3a85cb47-6caa-4270-b42c-fed94e2b03fb","","TransUnion","No","Elan","CA","https://creditcardlearnmore.com/es/11t3/index?ecdma-lc=3335&ecid=OTHE_25940","","United Fidelity Bank"
"dfc5798a-0870-479a-a4f2-0e688bc9b812","","TransUnion","No","Elan","OH","https://creditcardlearnmore.com/fi/11t3/index?ecdma-lc=23604&ecid=OTHE_25940","","Old Fort Banking"
"f32e7e72-257e-4a61-a615-923f51846868","","TransUnion","No","Elan"," WI","https://creditcardlearnmore.com/fi/11t3/index?ecdma-lc=231&ecid=OTHE_25940","","Royal Bank"
"57ad166e-4c42-4d97-95de-bfccdc11d053","","TransUnion","No","Elan","IN","https://creditcardlearnmore.com/es/11t3/index?ecdma-lc=9334&ecid=OTHE_25940","","Star Financial Bank"
"82e6579d-bc8f-4f82-9803-d26cdfcc9e36","","TransUnion","No","Elan","IN","https://creditcardlearnmore.com/es/11t3/index?ecdma-lc=3666&ecid=OTHE_25940","","Horizon Bank"
"a06bb1a5-3fa7-4bb8-bbcc-9ceb7a98c97b","","TransUnion","No","Elan","OH,WV","https://creditcardlearnmore.com/fi/11t3/index?ecdma-lc=4991&ecid=OTHE_25940#business","","Main Street Bank"
"beef55af-dbbf-415c-aad8-4bc280a0449a","","TransUnion","No","Elan","WI","https://creditcardlearnmore.com/fi/11t3/index?ecdma-lc=27844&ecid=OTHE_25940","","Bank of Luxemburg"
"d02a8204-06d8-49fe-9011-84954c85cb64","","TransUnion","No","Elan","IN","https://creditcardlearnmore.com/es/11t3/index?ecdma-lc=07621&ecid=OTHE_25940","","Lake City Bank"
"37821129-fdf1-4564-b614-2bb04ed5fcbc","","TransUnion","No","Elan","FL","https://www.keysbank.com/credit-card-p","","First State Bank of Florida "
"185ccdad-86ee-4319-b6cc-5ec45813275e","","TransUnion","No","Elan","FL","https://creditcardlearnmore.com/11t3/index?ecdma-lc=14286&ecid=OTHE_25940","","Seaside National Bank & Trust"
"1c671050-d5ea-4570-b2c5-06a8e10254ed","","TransUnion","No","Elan","IA,MN,WY","https://creditcardlearnmore.com/fi/11t3/index?ecdma-lc=1441&ecid=OTHE_25940","","Rolling Hills Bank & Trust"
"3111a0e0-41e2-4224-b42d-4e3d7f69759a","","TransUnion","No","Elan","IN,MI,OH","https://creditcardlearnmore.com/fi/11t3/index?ecdma-lc=32583&ecid=OTHE_25940","","The Farmers & Merchants State Bank"
"c711499e-79e9-4b88-90e2-2b3cb7d16dfa","","TransUnion","No","Elan","FL","https://creditcardlearnmore.com/11t3/index?ecdma-lc=4979&ecid=OTHE_25940","","Capital City Bank"
"55748979-4bda-4a0e-964d-59b742910292","","TransUnion","No","Elan","MI","https://creditcardlearnmore.com/fi/11t3/index?ecdma-lc=10156&ecid=OTHE_25940","","County National Bank"
"1e656d3a-675c-435c-b079-aee94548ba90","","TransUnion","No","Elan","WV","https://creditcardlearnmore.com/fi/11t3/index?ecdma-lc=10061&ecid=OTHE_25940","","Hilltop National Bank"
"c4db7530-948b-44d1-97e9-5f10ebd498b4","","TransUnion","No","Elan","WY","https://creditcardlearnmore.com/fi/11t3/index?ecdma-lc=32736&ecid=OTHE_25940","","Bank of Jackson Hole"
"49d5e845-1444-4138-b48e-39ac5774aba3","","TransUnion","No","Elan","MA","https://creditcardlearnmore.com/fi/11t3/index?ecdma-lc=32285&ecid=OTHE_25940#business","","East Cambridge Savings Bank"
"2ecb8973-28aa-4c9e-b94f-f9bd3765fba6","","TransUnion","No","Elan","IN,OH","https://creditcardlearnmore.com/fi/11t3/index?ecdma-lc=02826&ecid=OTHE_25940","","Civista Bank"
"c09a6292-bee5-44e3-9ff3-88583330574b","","TransUnion","No","Elan","MA","https://www.dedhamsavings.com/about/locations-and-hours/","","Dedham Savings"
"f266c6b9-480f-4765-90c4-df520ace6db3","","TransUnion","No","Elan","WV,VA","https://creditcardlearnmore.com/fi/11t3/index?ecdma-lc=23652&ecid=OTHE_25940","","MVB Bank"
"1154df1c-e755-4122-8bfa-1dcdefd1d7a2","","TransUnion","No","Elan","OH","https://creditcardlearnmore.com/11t3/index?ecdma-lc=4969&ecid=OTHE_25940","","Fahey Bank"
"5bcf1350-1e02-4154-bca7-8df4c68bf2e0","","TransUnion","No","Elan","WA","https://creditcardlearnmore.com/fi/11t3/index?ecdma-lc=12148","","Commencement Bank"
"560c8fd0-10ca-44eb-b13f-98f370ff459d","","TransUnion","No","Elan","MA","https://creditcardlearnmore.com/fi/11t3/index?ecdma-lc=26501&ecid=OTHE_25940#business","","Easthampton Savings Bank"
"33f94709-cb60-4c89-9f9a-ed27554a3575","","TransUnion","No","Elan","WA","https://creditcardlearnmore.com/fi/11t3/index?ecdma-lc=29943&ecid=OTHE_25940","","SaviBank"
"d028a9d7-4b31-48b3-a3d3-2872c10c9434","","TransUnion","No","Elan","MA","https://creditcardlearnmore.com/fi/11t3/index?ecdma-lc=32662&ecid=OTHE_25940#business","","BankFive"
"02fcca3e-f6ea-4df9-b14d-4675326531d0","","TransUnion,Dun & Bradstreet or SBFE","No","Elan","NJ","https://creditcardlearnmore.com/fi/11t3/index?ecdma-lc=24704&ecid=OTHE_25940","","Blue Foundry Bank"
"b9d95af7-c214-4321-85c7-e7179a3dfeca","","TransUnion,Dun & Bradstreet or SBFE","No","Elan","NJ,NY","https://creditcardlearnmore.com/fi/11t3/index?ecdma-lc=25902&ecid=OTHE_25940","","Peapack-gladstone Bank"
"5dddb260-2fe2-468a-891f-b66120218117","","TransUnion,Dun & Bradstreet or SBFE","No","Elan","NJ","https://creditcardlearnmore.com/fi/11t3/index?ecdma-lc=14961&ecid=OTHE_25940","","Spencer Savings Bank"
"dc755cc4-4ced-4c76-a13a-bd5ee30f82df","","TransUnion,Dun & Bradstreet or SBFE","No","Elan","IL","https://creditcardlearnmore.com/es/11t3/index?ecdma-lc=32027&ecid=OTHE_25940#business","","Midland States Bank"
"37757046-4177-422c-a7a2-ea031e357710","","TransUnion,Dun & Bradstreet or SBFE","No","Elan","IL","https://creditcardlearnmore.com/es/11t3/index?ecdma-lc=10024&ecid=OTHE_25940","","BankFinancial"
"ea497ee5-8934-4ccc-942b-a0dc922acd34","","TransUnion,Dun & Bradstreet or SBFE","No","Elan","IL","https://creditcardlearnmore.com/es/11t3/index?ecdma-lc=26234&ecid=OTHE_25940","","Peoples National Bank"
"00c37c89-268f-4f2c-b9d3-6eb845fbff31","","TransUnion,Dun & Bradstreet or SBFE","No","Elan","CO","https://creditcardlearnmore.com/es/11t3/index?ecdma-lc=03639&ecid=OTHE_25940","","TBK Bank"
"3319d86e-6764-4298-bc6f-dea85d8e2eab","","TransUnion,Dun & Bradstreet or SBFE","No","Elan","NJ,PA,FL","https://creditcardlearnmore.com/fi/11t3/index?ecdma-lc=25413&ecid=OTH_25940","","FIRST BANK"
"35cf684b-5acf-45ab-b1e6-fb0cb881d628","","TransUnion,Dun & Bradstreet or SBFE","No","Elan","NY","https://creditcardlearnmore.com/fi/11t3/index?ecdma-lc=22994&ecid=OTHE_25940","","Flushing Bank"
"b001b1a7-1c50-4f7a-8707-066a6c53aafe","","TransUnion,Dun & Bradstreet or SBFE","No","Elan","NY","https://creditcardlearnmore.com/fi/11t3/index?ecdma-lc=31618&ecid=OTHE_25940","","Dime Community Bank "
"33bb4580-3666-4235-9f83-28482879f49a","","TransUnion,Dun & Bradstreet or SBFE","No","Elan","TN","https://creditcardlearnmore.com/fi/11t3/index?ecdma-lc=25727&ecid=OTHE_25940","","Citizens Bank of Lafayette"
"36c3b784-40f1-415a-8e9d-16356bd1801d","","TransUnion,Dun & Bradstreet or SBFE","No","Elan","NY","https://creditcardlearnmore.com/fi/11t3/index?ecdma-lc=29287&ecid=OTHE_25940","","PCSB Bank"
"fae50a30-531d-4d5b-8003-3500b165637d","","TransUnion,Dun & Bradstreet or SBFE","No","Elan","TN","https://creditcardlearnmore.com/fi/11t3/index?ecdma-lc=3607&ecid=OTHE_25940","","First Citizens National Bank"
"a9a1558a-b5dc-401e-8a8f-a9e95467c5e3","","TransUnion,Dun & Bradstreet or SBFE","No","Elan","NJ","https://creditcardlearnmore.com/fi/11t3/index?ecdma-lc=17025&ecid=OTHE_25940#business","","OCEAN FIRST BANK"
"8add7d95-92b7-443c-97f4-7073d6f88662","","TransUnion,Dun & Bradstreet or SBFE","No","Elan","NJ","https://creditcardlearnmore.com/fi/11t3/index?ecdma-lc=25405&OTHE_25940","","kearny bank"
"fd6fbf40-a7ee-4064-9051-e556437c7d37","","TransUnion,Dun & Bradstreet or SBFE","No","Elan","IN","https://creditcardlearnmore.com/es/11t3/index?ecdma-lc=9372&ecid=OTHE_25940","","1st Source Bank"
"45f8babb-df5b-4a99-8026-bf5e523eecb4","","TransUnion,Dun & Bradstreet or SBFE","No","Elan","IN","https://creditcardlearnmore.com/es/11t3/index?ecdma-lc=09261&ecid=OTHE_25940","","First Merchants Bank"
"f44d5e8e-bc72-4232-a88a-ca69871f1923","","TransUnion,Dun & Bradstreet or SBFE","No","Elan","IL","https://fcbbanks.com/business-cards.aspx","","FCB Banks"
"1d853383-79d3-4e88-a1a8-23343a71a6f4","","TransUnion,Dun & Bradstreet or SBFE","No","Elan","ND","https://creditcardlearnmore.com/11t3/index?ecdma-lc=1414&ecid=OTHE_25940","","VISIONBank"
"5fdbbf1f-39cb-4143-baa3-0c797a9ba7d6","","TransUnion,Dun & Bradstreet or SBFE","No","Elan","CT","https://creditcardlearnmore.com/11t3/index?ecdma-lc=09256&ecid=OTHE_25940","","Union Savings Bank"
"bd5b94d1-e3b7-4502-8e19-4f5b8699db60","","TransUnion,Dun & Bradstreet or SBFE","No","Elan","WI","https://creditcardlearnmore.com/es/11t3/202208/business-platinum?ecdma-lc=11507&ecid=OTHE_25940","","Heartland Credit Union"
"dad87e62-09ba-47a7-a573-dd623550ff79","","TransUnion,Dun & Bradstreet or SBFE","No","Elan","IL","https://creditcardlearnmore.com/fi/11t3/index?ecdma-lc=32027&ecid=OTHE_25940#business","","Midland State Bank"
"82b35b11-5f86-4db7-bbe3-2413573bb579","","TransUnion,Dun & Bradstreet or SBFE","No","Elan","CO","https://www.cobnks.com/personal-banking/debit-credit-cards/","","Community Banks of Colorado"
"2b75d98d-8635-4b55-9360-17ef455837bf","","TransUnion,Dun & Bradstreet or SBFE","No","Elan","NY","https://creditcardlearnmore.com/es/11t3/index?ecdma-lc=31618&ecid=OTHE_25940","","DIME"
"535a262e-fbaf-4e14-abe6-25fe0e075705","","TransUnion","No","Elan","IL","https://creditcardlearnmore.com/es/11t3/index?ecdma-lc=02032&ecid=OTHE_25940#business","","Old Second National Bank"
"8af19876-6a71-4f91-a571-721e73999422","","TransUnion,Dun & Bradstreet or SBFE","No","Elan","MA,NJ,NH","https://creditcardlearnmore.com/fi/11t3/index?ecdma-lc=27451&ecid=OTHE_25940","","Newburyport Bank"
"feabf30b-d98a-45b4-b1d4-b7be563f6b59","","TransUnion,Dun & Bradstreet or SBFE","No","Elan","CA,TX,HI","https://creditcardlearnmore.com/fi/11t3/index?ecdma-lc=23419&ecid=OTHE_25940","","Commonwealth Business Bank"
"8dc12a58-2920-4dda-8ae0-95fa49b2ab94","","TransUnion,Dun & Bradstreet or SBFE","No","Elan","CA","https://www.communitywestbank.com/business-banking/business-online-banking/business-credit-cards","","Community West Bank "
"df5d3dd7-e7a5-493f-985d-e5078e8035ae","","TransUnion,Dun & Bradstreet or SBFE","No","Elan","MA,NH,CT","https://www.cambridgetrust.com/locations/","","Cambridge Trust Company"
"45dae0e6-379c-467b-810a-44e927237a7a","","TransUnion,Dun & Bradstreet or SBFE","No","Elan","HI","https://creditcardlearnmore.com/fi/11t3/index?ecdma-lc=25479&ecid=OTHE_25940","","Hawaii National Bank"
"9f3ab9d1-3bca-4364-8615-72d4e8b048d3","","TransUnion","No","Elan","VA","https://creditcardlearnmore.com/fi/11t3/index?ecdma-lc=24999&ecid-OTHE_25940","","Virginia National Bank"
"ec51ea02-8964-4791-8901-d68187b0b14c","","TransUnion,Dun & Bradstreet or SBFE","No","Elan","HI","https://creditcardlearnmore.com/fi/11t3/index?ecdma-lc=24475","","Territorial Savings Bank"
"e92adbfb-6837-4a2f-9b7e-099c64a32a2b","","TransUnion,Dun & Bradstreet or SBFE","No","Elan","ND","https://creditcardlearnmore.com/11t3/index?ecdma-lc=01609&amp;ecid=OTHE_25940","","Union State Bank"
"6fe08916-6063-48c4-9c8f-ecb06487cc88","","TransUnion,Dun & Bradstreet or SBFE","No","Elan","TN","https://creditcardlearnmore.com/fi/11t3/index?ecdma-lc=14458&ecid=OTHE_25940","","Independent Bank"
"b17b0865-025a-4d09-b984-0e1d2092685e","","TransUnion,Dun & Bradstreet or SBFE","No","Elan","CT,NY,MA","https://creditcardlearnmore.com/fi/11t3/index?ecdma-lc=20996#businessTab","","Webster Bank"
"54cf228d-2dd8-4c10-8459-af58f1023968","","TransUnion,Dun & Bradstreet or SBFE","No","Elan","MA,RI,NH,ME","https://creditcardlearnmore.com/fi/11t3/index?ecdma-lc=22342&ecid=OTHE_25940#business","","HarborOne Bank"
"85f45dc6-1b1e-4fbf-ad83-6013e9278c45","","TransUnion,Dun & Bradstreet or SBFE","No","Elan","NV","https://creditcardlearnmore.com/11t3/index?ecdma-lc=07538&ecid=OTHE_25940","","Valley Bank of Nevada"
"a88747b1-6636-49d1-9ad8-1be8347c75da","","TransUnion,Dun & Bradstreet or SBFE","No","Elan","MA","https://creditcardlearnmore.com/fi/11t3/index?ecdma-lc=25524&ecid=OTHE_25940#business","","Salem Five Cents Savings Bank"
"274f0eff-bd02-430c-869a-329ea502eff0","","TransUnion,Dun & Bradstreet or SBFE","No","Elan","AZ,CO,MI,OK,AK,KS,NM,TX","https://creditcardlearnmore.com/fi/11t3/business-cash-preferred?ecdma-lc=14405&ecid=DL_46457","","Bank Of Albuquerque"
"137edf14-f130-49e3-a2ce-7ff0e9340d7a","","TransUnion,Dun & Bradstreet or SBFE","No","Elan","NE,CO","https://creditcardlearnmore.com/11t3/index?ecdma-lc=32332&ecid=OTHE_25940#business","","MNB"
"ad976930-3907-467f-ad8c-cdc41f2c8374","","TransUnion,Dun & Bradstreet or SBFE","No","Elan","NJ","https://creditcardlearnmore.com/fi/11t3/index?ecdma-lc=%2031621&ecid=OTHE_25940#business","","First Hope Bank"
"211cee04-ec7e-4134-943a-3488f45132f7","","TransUnion,Dun & Bradstreet or SBFE","No","Elan","NE","https://creditcardlearnmore.com/11t3/index?ecdma-lc=01769&ecid=OTHE_25940","","Exchange Bank"
"404e43a7-0a93-4748-92d7-de215e258bae","","TransUnion,Dun & Bradstreet or SBFE","No","Elan","PA","https://creditcardlearnmore.com/11t3/index?ecdma-lc=04538&ecid=OTHE_25940","","First United Bank"
"63cb9491-7ce0-4150-9d6b-bf1309dbcf39","","TransUnion","No","Elan","NH,ME,NJ","https://creditcardlearnmore.com/11t3/index?ecdma-lc=13050&ecid=OTHE_25940","","Bar Harbor Bank & Trust "
"55145b76-3225-4fe1-9a02-50f63e2ac1c8","","TransUnion,Dun & Bradstreet or SBFE","No","Elan","NC","https://creditcardlearnmore.com/fi/11t3/index?ecdma-lc=24255&ecid=OTHE_25940","","Home Trust Bank"
"1c040c8d-9a16-4946-ad73-809ee085feb2","","TransUnion,Dun & Bradstreet or SBFE","No","Elan","NE","https://creditcardlearnmore.com/11t3/index?ecdma-lc=01531&ecid=OTHE_25940","","Home Federal Bank"
"4391ae25-ab84-45c2-8b19-6924a656a95a","","TransUnion,Dun & Bradstreet or SBFE","No","Elan","PA,GA","https://creditcardlearnmore.com/fi/11t3/index?ecdma-lc=32334&ecid=OTHE_25940","","Hyperion Bank"
"0372f481-9533-415c-bd21-8bed30c6e241","","TransUnion,Dun & Bradstreet or SBFE","No","Elan","NE","https://creditcardlearnmore.com/11t3/index?ecdma-lc=23593&ecid=OTHE_25940","","Five Points Bank"
"18b6a801-000f-4f5e-ae8d-9a79e3534edb","","TransUnion,Dun & Bradstreet or SBFE","No","Elan","VA,MD,DC","https://creditcardlearnmore.com/fi/11t3/index?ecdma-lc=32371&ecid=OTHE_25940#business","","Congressional Bank"
"6aa7b0f8-b05d-4a83-975d-f84c9a0f5093","","TransUnion,Dun & Bradstreet or SBFE","No","Elan","NE,SD","https://creditcardlearnmore.com/11t3/index?ecdma-lc=03694&ecid=OTHE_25940","","Security First Bank"
"316153f5-ff5d-4746-8813-9947ca0c828a","","TransUnion,Dun & Bradstreet or SBFE","No","Elan","PA","https://creditcardlearnmore.com/fi/11t3/index?ecdma-lc=09345&ecid=OTHE_25940","","Orrstown Bank"
"515cb0fa-7f14-48de-8ac2-23ed5bf5cd52","","TransUnion","No","Elan","ID,WY","https://www.zionsbank.com/business/business-credit-cards/amazing-cash-back-card/","Yes","Zions Bank"
"51d20dd0-bbf9-40b3-a199-30d2b01923c7","","TransUnion,Dun & Bradstreet or SBFE","No","Elan","MT","https://creditcardlearnmore.com/11t3/index?ecdma-lc=03535&ecid=OTHE_25940#business","","First Citizens Bank"
"f15d8d4f-f01b-4038-9fe8-e64a97f56ea6","","TransUnion,Dun & Bradstreet or SBFE","No","Elan","MD,VA,DC","https://creditcardlearnmore.com/fi/11t3/index?ecdma-lc=14656&ecid=OTHE_25940","","EagleBank"
"46acef25-1584-4c14-a1c9-b7b472d0509d","","TransUnion","No","Elan","FL","https://creditcardlearnmore.com/11t3/index?ecdma-lc=17422&ecid=OTHE_25940","","American Momentum Bank"
"c00d192a-54ab-4c4c-ab01-8e19f1d9a8bd","","TransUnion,Dun & Bradstreet or SBFE","No","Elan","MD,PA","https://creditcardlearnmore.com/fi/11t3/index?ecdma-lc=32143&ecid=OTHE_25940#business","","Middletown Valley Bank"
"2b4e8fe0-2a9f-4358-b070-e8c599a7ed63","","TransUnion,Dun & Bradstreet or SBFE","No","Elan","WY","https://creditcardlearnmore.com/11t3/index?ecdma-lc=12440&ecid=OTHE_25940","","First Federal Bank & Trust"
"75b87453-1327-4fef-b4e1-876ab20937d0","","TransUnion,Dun & Bradstreet or SBFE","No","Elan","MD","https://creditcardlearnmore.com/fi/11t3/index?ecdma-lc=27178&ecid=OTHE_25940","","Provident State Bank"
"1686464e-25d3-4349-bc97-b36b586227e4","","TransUnion","No","Elan","TX","https://creditcardlearnmore.com/11t3/index?ecdma-lc=26566&ecid=OTHE_25940","","Lone Star National Bank"
"2cbb8425-d8b7-4f67-9351-054c829eed70","","TransUnion,Dun & Bradstreet or SBFE","No","Elan","WV","https://creditcardlearnmore.com/fi/11t3/business-cash-preferred?ecdma-lc=26235&ecid=DL_46457","","Wesbanco Bank"
"96f25a12-2306-443e-9a1d-0478d3557f27","","TransUnion,Dun & Bradstreet or SBFE","No","Elan","MD","https://creditcardlearnmore.com/fi/11t3/index?ecdma-lc=27460&ecid=OTHE_25940","","Sandy Spring Bank"
"898d0c6b-1905-4e58-9271-bd926562faf8","","TransUnion","No","Elan","TX","https://creditcardlearnmore.com/11t3/index?ecdma-lc=27275&ecid=OTHE_25940","","Southside Bank"
"8a87e369-dc2a-4f33-989e-0bd6e1a10f73","","TransUnion,Dun & Bradstreet or SBFE","No","Elan","MT,WY","https://creditcardlearnmore.com/11t3/index?ecdma-lc=07993&ecid=OTHE_25940","","Little Horn State Bank"
"cd4e6053-205c-4d9e-a705-a226c2c30f8b","","TransUnion","No","Elan","TX","https://creditcardlearnmore.com/11t3/index?ecdma-lc=28366&ecid=OTHE_25940","","PlainsCapital Bank"
"8aff0205-0b26-4a58-8f30-0f51ed3771e1","","All 3","Yes","Elan","KY","https://creditcardlearnmore.com/11t3/index?ecdma-lc=17315&ecid=OTHE_25940","","Citizens National Bank"
"ccd60e37-f6f2-4704-83ff-a834a6381b92","","TransUnion","No","Elan","TX","https://creditcardlearnmore.com/11t3/index?ecdma-lc=25946&ecid=OTHE_25940","","First Financial Bank"
"201bb669-842a-4b86-9979-303b8e0f115b","","TransUnion,Dun & Bradstreet or SBFE","No","Elan","MT","https://creditcardlearnmore.com/11t3/index?ecdma-lc=0010230&ecid=OTHE_25940","","American Bank"
"a86ea0a8-f685-4d9f-b6c3-9b7ccd907347","","TransUnion","No","Elan","TX","https://creditcardlearnmore.com/11t3/business-cash-preferred?ecdma-lc=14413&ecid=DL_46457","","Bank of Texas"
"9379b507-d384-4bb2-8c59-2d927caf1d80","","TransUnion,Dun & Bradstreet or SBFE","No","Elan","NY","https://creditcardlearnmore.com/fi/11t3/index?ecdma-lc=32740&ecid=OTHE_25940","","Ulster Savings Bank"
"2e6cd1e7-5f0d-46de-a3a4-6f740c36dfe4","","All 3","No","Elan","KY,TN","https://creditcardlearnmore.com/fi/11t3/index?ecdma-lc=2584&ecid=OTHE_25940","","South Central Bank"
"143216ea-223d-81f4-b042-e67e0b4138ce","","Dun & Bradstreet or SBFE,TransUnion","No","Elan","AZ","https://www.desertfinancial.com/en/business/credit-cards/","","Desert Financial Credit Union"
"143216ea-223d-816a-a798-f4017c360a86","","Equifax,Experian,Dun & Bradstreet or SBFE","No","Elan","GA","https://creditcardlearnmore.com/11t3/index?ecdma-lc=26456&ecid=OTHE_25940","","Pinnacle Credit Union"
"143216ea-223d-818d-81dd-d063d6f4591b","","TransUnion,Dun & Bradstreet or SBFE","No","Elan","OH","https://creditcardlearnmore.com/11t3/index?ecdma-lc=29887&ecid=OTHE_25940","","First Federal Savings and Loan Association of Delta"
"143216ea-223d-8161-9947-c6ab855f2a95","","Dun & Bradstreet or SBFE,TransUnion","No","Elan","WI","https://creditcardlearnmore.com/fi/11t3/index?ecdma-lc=0117&ecid=OTHE_25940","","Bank Five Nine"
"143216ea-223d-8194-9897-f0b7689186f9","","All 3,Dun & Bradstreet or SBFE,TransUnion","No","Elan","NE,WY","https://creditcardlearnmore.com/11t3/index?ecdma-lc=02383&ecid=OTHE_25940#","","NebraskaLand Bank"
"143216ea-223d-813c-957e-ece2d2841045","","All 3,Dun & Bradstreet or SBFE","No","Elan","MN,WI","https://creditcardlearnmore.com/11t3/index?ecdma-lc=11557&ecid=OTHE_25940#business","","Centricity CU"
"143216ea-223d-8163-b793-fee078c6bf98","","Dun & Bradstreet or SBFE,TransUnion","No","Elan","CT,MA,RI","https://creditcardlearnmore.com/11t3/index?ecdma-lc=4851&ecid=OTHE_25940#business","","Liberty Bank"
"143216ea-223d-8103-bb8a-e54c813e0221","","TransUnion,Dun & Bradstreet or SBFE","No","Elan","OH","https://riverviewcu.com/credit-cards/","","Riverview Credit Union"
"143216ea-223d-8157-99eb-f2a7b0f23350","","All 3,Dun & Bradstreet or SBFE","No","Elan","NH","https://creditcardlearnmore.com/11t3/index?ecdma-lc=10063&ecid=OTHE_25940","","Northern Lights Credit Union"
"143216ea-223d-8167-9238-d1cc652eb4ec","","All 3,Dun & Bradstreet or SBFE","No","Elan","AZ,CA","https://www.meriwest.com/business/business-credit-cards","","Meriwest Credit Union"
"143216ea-223d-812d-9542-f939992a7fff","","Experian,Dun & Bradstreet or SBFE","No","Elan","NY","https://www.tompkinsbank.com/business-banking/loans/business-credit-cards","","Tompkins Community Bank"
"143216ea-223d-81ca-a21d-d2b2e5fb9a87","","Dun & Bradstreet or SBFE","No","Elan","SC","https://creditcardlearnmore.com/11t3/business-cash-preferred?ecdma-lc=9382&ecid=DL_46457","","AllSouth"
"143216ea-223d-8157-bcf4-f334352dcf8d","","Equifax,Dun & Bradstreet or SBFE,TransUnion","No","Elan","KY,NC,SC","https://creditcardlearnmore.com/fi/11t3/index?ecdma-lc=13018&ecid=OTHE_25940","","Park National Bank"
"143216ea-223d-81a9-b9f2-fe56e1bf863c","","TransUnion,Dun & Bradstreet or SBFE","No","Elan","MN,WI","https://ccf.us/business/business-banking/credit-cards/","","CCF Bank"
"143216ea-223d-8169-9435-f5d298ceded3","","Experian,Dun & Bradstreet or SBFE","No","Elan","CO","https://www.ent.com/personal/loans/credit-cards/","","Ent Credit Union"
"143216ea-223d-81d0-9b51-fc35d65a8745","","TransUnion,Dun & Bradstreet or SBFE","No","Elan","CT","https://creditcardlearnmore.com/11t3/index?ecdma-lc=20441&ecid=OTHE_25940#","","Connex Credit Union"
"143216ea-223d-81bf-a1fe-da0898f4880c","","Dun & Bradstreet or SBFE,Experian","No","Elan","CO","https://creditcardlearnmore.com/11t3/index?ecdma-lc=33545&ecid=OTHE_25940#business","","First Southwest Bank"
"143216ea-223d-8173-9118-f3961f686d4e","","All 3,Dun & Bradstreet or SBFE","No","Elan","MI","https://creditcardlearnmore.com/11t3/index?ecdma-lc=9383&ecid=OTHE_25940","","Public Service Credit Union"
"143216ea-223d-81bf-a8c1-ecdef540fa4e","","All 3,Dun & Bradstreet or SBFE","No","Elan","CA","https://creditcardlearnmore.com/11t3/index?ecdma-lc=12114&ecid=OTHE_25940#business","","Bank of the Sierra "
"143216ea-223d-8100-add3-d1ffc76e5f3e","","TransUnion,Dun & Bradstreet or SBFE","No","Elan","MO","https://alliancecu.com/","","Alliance CU"
"143216ea-223d-8178-adf2-e4af8fcdc453","","All 3,Dun & Bradstreet or SBFE","No","Elan","MT","https://www.russellcountryfcu.org/visa-credit-card/","","Russell Country Federal Credit Union"
"143216ea-223d-81c5-827f-e23c52d068f4","","Experian,Dun & Bradstreet or SBFE","No","Elan","CA","https://creditcardlearnmore.com/11t3/index?ecdma-lc=07506&ecid=OTHE_25940","","Mokelumne Federal Credit Union"
"143216ea-223d-81a9-8e4f-e37c5c215a0e","","TransUnion,Dun & Bradstreet or SBFE","Yes","Elan","WI,ND,MN","https://creditcardlearnmore.com/fi/11t3/index?ecdma-lc=1133&ecid=OTHE_25940","","Bremer Bank"
"143216ea-223d-818a-aecf-e76f87e19179","","Dun & Bradstreet or SBFE","No","Elan","MN","https://21stcb.com/","","21st Century Bank"
"143216ea-223d-8172-847b-c33e31283a00","","TransUnion,Dun & Bradstreet or SBFE","No","Elan","AZ","https://creditcardlearnmore.com/11t3/index?ecdma-lc=21254&ecid=OTHE_25940&__hstc=70978127.0fb7847c79666c44c56309b64f905870.1719741085422.1719741085422.1719741085422.1&__hssc=70978127.1.1719741085422&__hsfp=2537543900&hsCtaTracking=7e0e823f-4ac5-43b6-a045-66eb33a25ffb|1a4b1850-05b6-4dbb-b49b-1bb5ba229b60#","","Copper State"
"143216ea-223d-816e-957c-ce500ec56901","","Experian,Dun & Bradstreet or SBFE","No","Elan","NY,CT,NJ,PA","https://creditcardlearnmore.com/11t3/index?ecdma-lc=33945&ecid=OTHE_25940#business","","First Commerce Bank, NJ"
"143216ea-223d-81b9-9905-e9fc2480e903","","Experian,TransUnion,Dun & Bradstreet or SBFE","No","Elan","AL,FL,GA,NC,SC,VA","https://www.southstatebank.com/small-business/bank/credit-cards","","SouthState Bank"
"143216ea-223d-81ca-9546-f882358b7e95","","All 3,Dun & Bradstreet or SBFE","No","Elan","MS,AL","https://creditcardlearnmore.com/fi/11t3/index?ecdma-lc=26495&ecid=OTHE_25940","","The First Bank"
"143216ea-223d-81f7-bc77-c58a41820244","","All 3,Dun & Bradstreet or SBFE","No","Elan","ME","https://creditcardlearnmore.com/11t3/index?ecdma-lc=12188&ecid=OTHE_25940#","","New Dimensions Federal Credit Union"
"143216ea-223d-813f-a676-f1906acd1857","","All 3,Dun & Bradstreet or SBFE","No","Elan","WI","https://creditcardlearnmore.com/11t3/index?ecdma-lc=664&ecid=OTHE_25940","","Fox Valley Savings Bank"
"143216ea-223d-814e-986d-fc83cd062179","","Equifax,Dun & Bradstreet or SBFE","No","Elan","FL","https://www.keysbank.com/credit-cards-0","","First State Bank of the Florida Keys"
"143216ea-223d-81c4-82e0-ca4a0b19142b","","Equifax,Experian,Dun & Bradstreet or SBFE","No","Elan","MS,AL,TN,GA,FL","https://www.renasantbank.com/business/cards/credit-cards","","Renasant Bank"
"143216ea-223d-8106-9390-e8d598f99375","","All 3,Dun & Bradstreet or SBFE","No","Elan","ME","https://mesolutionsfcu.org/maine-solutions-credit-card-program/","","Maine Solutions Credit Union"
"143216ea-223d-8119-b2c4-f07b7c9cabf7","","Dun & Bradstreet or SBFE,TransUnion","No","Elan","OK","https://www.allegiancecu.org/","","Allegiance CU"
"143216ea-223d-8189-b422-ce4cef5dda2a","","Experian,Dun & Bradstreet or SBFE","Yes","Elan","NE","https://creditcardlearnmore.com/11t3/index?ecdma-lc=32364&ecid=OTHE_25940#business","","Cobalt Credit Union"
"143216ea-223d-818d-ae8e-e93078039ac9","","All 3,Dun & Bradstreet or SBFE","No","Elan","TX,NM","https://creditcardlearnmore.com/11t3/index?ecdma-lc=10198&ecid=OTHE_25940","","One Source Federal Credit Union"
"143216ea-223d-81ea-933b-eb40d1c782a3","","TransUnion,Dun & Bradstreet or SBFE","No","Elan","IN","https://creditcardlearnmore.com/11t3/index?ecdma-lc=33367&ecid=OTHE_25940#","","MidWest America Federal Credit Union "
"143216ea-223d-8174-b426-d73ae2a50e54","","TransUnion,Dun & Bradstreet or SBFE","No","Elan","CA","https://bancofcal.com/payment-solutions/","","Banc of California"
"143216ea-223d-81d9-adb5-ddffcd830ffd","","All 3,TransUnion","No","Elan","KY,OH,VA","https://creditcardlearnmore.com/fi/11t3/index?ecdma-lc=11434&ecid=OTHE_25940","","City National Bank"
"143216ea-223d-8172-8809-ddbf5b02a689","","Experian,Dun & Bradstreet or SBFE","No","Elan","MA","https://leominstercu.com/loans/credit-card/","","Leominster Credit Union"
"143216ea-223d-819e-a9a7-fe1680dec142","","All 3,Dun & Bradstreet or SBFE","No","Elan","ID,NV","https://creditcardlearnmore.com/11t3/index?ecdma-lc=11442&ecid=OTHE_25940#business","","Idaho Trust Bank"
"143216ea-223d-81f7-ae52-ef9530b3b4fb","","All 3,Dun & Bradstreet or SBFE","No","Elan","MN","https://creditcardlearnmore.com/11t3/index?ecdma-lc=12460&ecid=OTHE_25940&_gl=1*13h55f4*_ga*NTgzMTgyMjM0LjE3MTk3MjAyNDE.*_ga_E399VNF97P*MTcxOTcyMDI0MS4xLjEuMTcxOTcyMDI1NS4wLjAuMA..","","Members Cooperative Credit Union"
"143216ea-223d-815e-8aad-c4a1cf47ef52","","All 3,Dun & Bradstreet or SBFE","Yes","Elan","ID","https://www.independentbank.com/business/debit-cards/","","Independent Bank"
"143216ea-223d-8199-971f-f1c82284885e","","Experian,TransUnion,Dun & Bradstreet or SBFE","No","Elan","CA","https://creditcardlearnmore.com/fi/11t3/index?ecdma-lc=3959&ecid=OTHE_25940#business","","Universal Bank"
"143216ea-223d-81f8-9871-f5a05e735b07","","All 3,Dun & Bradstreet or SBFE","No","Elan","WI","https://pwsb.bank/business-credit-card.html","","Port Washington State Bank"
"143216ea-223d-81ce-94f6-c536a1a18843","","Experian,Dun & Bradstreet or SBFE","No","Elan","CA","https://creditcardlearnmore.com/11t3/index?ecdma-lc=10128&ecid=othe_25940","","Mechanics Bank"
"143216ea-223d-81a3-9e39-d13fb70f0079","","All 3,Dun & Bradstreet or SBFE","No","Elan","PA,NJ","https://creditcardlearnmore.com/fi/11t3/index?ecdma-lc=20451&ecid=OTHE_25940","","Mid Penn Bank"
"143216ea-223d-81ca-9642-d70a3fc83e2a","","Dun & Bradstreet or SBFE,Equifax","No","Elan","FL","https://www.crews.bank/business/banking/credit-cards","","Crews Bank & Trust ( Wauchula State Bank)"
"143216ea-223d-814a-9d3b-dac15cc9dbb7","","All 3,Dun & Bradstreet or SBFE","No","Elan","ME","https://creditcardlearnmore.com/11t3/index?ecdma-lc=12150&ecid=OTHE_25940#business","","Androscoggin Bank"
"143216ea-223d-81e2-b679-fd1c884ff6ee","","Experian,Dun & Bradstreet or SBFE","No","Elan","MA,RI","https://www.rocklandtrust.com/small-business/banking/small-business-credit-cards","","Rockland Trust"
"143216ea-223d-819f-92d7-dde9f4be5c9b","","Experian,Dun & Bradstreet or SBFE","No","Elan","CO","https://www.elevationscu.com/business-banking/credit-cards","","Elevations"
"143216ea-223d-81fe-8ed2-f8843000258c","","All 3,Dun & Bradstreet or SBFE","No","Elan","IA","https://creditcardlearnmore.com/11t3/index?ecdma-lc=0026984&ecid=OTHE_25940","","Metco Credit Union"
"143216ea-223d-81da-9653-f35c57b516d3","","All 3,Dun & Bradstreet or SBFE,TransUnion","No","Elan","MD,NC","https://creditcardlearnmore.com/fi/11t3/index?ecdma-lc=24310&ecid=OTHE_25940#business","","Atlantic Union Bank"
"143216ea-223d-8150-9de1-fd1306766a9d","","All 3,Dun & Bradstreet or SBFE","No","Elan","WI","https://creditcardlearnmore.com/11t3/index?ecdma-lc=00157&ecid=OTHE_25940","","Farmers & Merchants Bank & Trust"
"143216ea-223d-8196-8a5b-da4f3cd768e2","","Experian,Dun & Bradstreet or SBFE","No","Elan","MA","https://creditcardlearnmore.com/11t3/index?ecdma-lc=12235&ecid=OTHE_25940#","","St. Mary’s Credit Union"
"143216ea-223d-810e-95a4-f50c4465c99e","","All 3,Dun & Bradstreet or SBFE,TransUnion","No","Elan","SD,IA","https://creditcardlearnmore.com/11t3/index?ecdma-lc=02287&ecid=OTHE_25940","","Liberty National Bank"
"143216ea-223d-81cd-bde1-f56af8c8175c","","Dun & Bradstreet or SBFE","No","Elan","AR","https://creditcardlearnmore.com/11t3/index?ecdma-lc=29945&ecid=OTHE_25940#","","Baptist Health Federal Credit Union"
"143216ea-223d-8185-9c8a-d6211f5969a0","","TransUnion,Dun & Bradstreet or SBFE","No","Elan","WA","https://creditcardlearnmore.com/11t3/index?ecdma-lc=23275&ecid=OTHE_25940","","Olympia Federal Savings"
"143216ea-223d-81d4-a531-ded93250f75b","","TransUnion,Dun & Bradstreet or SBFE","No","Elan","IL","https://creditcardlearnmore.com/11t3/index?ecdma-lc=11544&ecid=OTHE_25940","","Community Savings Bank - Chicago, IL"
"143216ea-223d-810f-b382-d5810966bf61","","TransUnion,Dun & Bradstreet or SBFE","No","Elan","IL,WI","https://www.northshorebank.com/business/business-cards/business-credit-cards.aspx","","North Shore Bank"
"143216ea-223d-8116-93dd-c9faa9f76968","","All 3,Dun & Bradstreet or SBFE,TransUnion","No","Elan","ID,WA","https://www.twinriver.bank/?page_id=908","","Twin River Bank"
"143216ea-223d-812f-b597-eb47c3d0b2e0","","TransUnion,Dun & Bradstreet or SBFE","No","Elan","OH","https://creditcardlearnmore.com/fi/11t3/index?ecdma-lc=32868&ecid=OTHE_25940",""," 7 17 Credit Union"
"143216ea-223d-81e0-b750-d525cdd790b3","","Dun & Bradstreet or SBFE,TransUnion","No","Elan","PA,DE,NJ,VA","https://creditcardlearnmore.com/fi/11t3/202208/business-platinum?ecdma-lc=12567&ecid=OTHE_25940","","Fulton Bank"
"143216ea-223d-8148-9df1-f7c100b30967","","All 3,Dun & Bradstreet or SBFE","No","Elan","WI","https://creditcardlearnmore.com/11t3/index?ecdma-lc=01260&ecid=OTHE_25940","","First Federal Bank of Wisconsin "
"143216ea-223d-813b-be16-d471258a2667","","All 3,Dun & Bradstreet or SBFE","No","Elan","ND","https://creditcardlearnmore.com/fi/11t3/index?ecdma-lc=14065&ecid=OTHE_25940","","Western Cooperative Credit Union

"
"143216ea-223d-8193-b4ac-fec37d68332f","","TransUnion,Dun & Bradstreet or SBFE","No","Elan","PA","https://creditcardlearnmore.com/11t3/index?ecdma-lc=14039&ecid=OTHE_25940#","","Members 1st Federal Credit Union"
"143216ea-223d-816d-82a0-f777555fc508","","TransUnion,Dun & Bradstreet or SBFE","No","Elan","WI","https://branchoffer.com/11t2/index?bankercode=ria369&ecdma-lc=00306&ecid=OTHE_26646","","Banner Banks "
"143216ea-223d-819a-a881-d36c88360c48","","TransUnion,Dun & Bradstreet or SBFE","No","Elan","PA","https://www.traditions.bank/banking-for-your-business/borrow/loans/credit-cards/","","Traditions Bank"
"143216ea-223d-81f2-9e51-c135343f22b6","","Dun & Bradstreet or SBFE","No","Elan","MN","https://crb.bank/business-banking/credit-cards/","","Community Resource Bank"
"143216ea-223d-81c4-83f9-efcb91eead07","","TransUnion,Equifax,Dun & Bradstreet or SBFE","No","Elan","WV","https://creditcardlearnmore.com/11t3/index?ecdma-lc=11434&ecid=OTHE_25940","","City National Bank of West Virginia"
"143216ea-223d-8118-a6de-f081c8237b6a","","All 3,Dun & Bradstreet or SBFE","No","Elan","OR","https://creditcardlearnmore.com/11t3/index?ecdma-lc=32808&ecid=OTHE_25940#","","Pacific Cascade Federal Credit Union"
"143216ea-223d-81ce-ba62-d88b78654f8c","","Experian,Dun & Bradstreet or SBFE","No","Elan","MA","https://creditcardlearnmore.com/fi/11t3/index?ecdma-lc=14553&ecid=OTHE_25940#business","","Rollstone Bank & Trust"
"143216ea-223d-8136-a098-ca90ab220950","","All 3,Dun & Bradstreet or SBFE","No","Elan","IL,IN,IA,KY,MI,MN,TN,WI","https://www.oldnational.com/business/small-business-banking/loans/business-credit-cards/","","Old National Bank"
"143216ea-223d-8176-b76d-f0c5b59b7dc1","","All 3,Dun & Bradstreet or SBFE","No","Elan","TN","https://www.homefederalbanktn.com/business-banking/business-credit-cards/","","Home Federal Bank"
"143216ea-223d-818a-a29c-f8fcf0fb11a7","","All 3,Dun & Bradstreet or SBFE,TransUnion","No","Elan","WI,MI,FL","https://creditcardlearnmore.com/fi/11t3/index?ecdma-lc=17297&ecid=OTHE_25940","","IncredibleBank"
"143216ea-223d-81fa-bdab-ee2aff628813","","All 3,Dun & Bradstreet or SBFE","No","Elan","MS","https://creditcardlearnmore.com/fi/11t3/index?ecdma-lc=11476&ecid=OTHE_25940","","Rivertrust Federal Credit Union"
"143216ea-223d-813f-8b61-d5cfaa2c3198","","Experian,Dun & Bradstreet or SBFE","No","Elan","NJ","https://creditcardlearnmore.com/11t3/index?ecdma-lc=3606&ecid=OTHE_25940#business","","Lakeland Bank"
"143216ea-223d-8117-9c76-fcc582e5a071","","All 3,Dun & Bradstreet or SBFE","No","Elan","TX","https://creditcardlearnmore.com/11t3/index?ecdma-lc=25522&ecid=OTHE_25940","","PrimeWay Federal Credit Union"
"143216ea-223d-81d0-9df3-d15fda46d2c3","","All 3,Dun & Bradstreet or SBFE","No","Elan","OK","https://www.bancfirst.bank/business/treasury-management/payables/business-credit-card","","BancFirst"
"143216ea-223d-8165-bbff-e2cd11ead87e","","All 3,Dun & Bradstreet or SBFE","No","Elan","TN","https://www.myfirstfarmers.com/business/business-banking/business-credit-cards/","","First Farmers & Merchants Bank., TN"
"143216ea-223d-814b-a777-dd0e8c420922","","All 3,Dun & Bradstreet or SBFE,TransUnion","No","Elan","SC","https://creditcardlearnmore.com/11t3/index?ecdma-lc=32667&ecid=OTHE_25940",""," Coastal Carolina National Bank"
"143216ea-223d-8123-98ed-ec78625ecb76","","TransUnion,Dun & Bradstreet or SBFE","No","Elan","WA","https://creditcardlearnmore.com/fi/11t3/business-real-rewards?ecdma-lc=11438","","Connect Community Bank was Raymond Federal Bank"
"143216ea-223d-8136-a63d-f91aa730603c","","All 3,Dun & Bradstreet or SBFE","No","Elan","IL,MN,WI","https://www.associatedbank.com/business/cards/business-credit-cards?redir=A24","","Associated Bank"
"143216ea-223d-81e2-902c-e02d349b59f9","","Experian,Dun & Bradstreet or SBFE","No","Elan","NY","https://creditcardlearnmore.com/11t3/index?ecdma-lc=28313&ecid=OTHE_25940#","","Italo-American Federal CU"
"143216ea-223d-815b-bd99-cf290f8304ad","","Experian,TransUnion,Dun & Bradstreet or SBFE","No","Elan","CA","https://creditcardlearnmore.com/11t3/index?ecdma-lc=31774&ecid=OTHE_25940#business","","LA Financial Credit Union"
"143216ea-223d-8104-b88b-ceed88807950","","All 3,Dun & Bradstreet or SBFE","No","Elan","KY","https://creditcardlearnmore.com/11t3/index?ecdma-lc=14487&ecid=OTHE_25940","","Bank of Lexington, INC."
"143216ea-223d-815c-8341-cbd9ed650ce5","","Experian,Dun & Bradstreet or SBFE","No","Elan","CA","https://creditcardlearnmore.com/11t3/index?ecdma-lc=32762&ecid=OTHE_25940#business","","Inland Federal Credit Union"
"143216ea-223d-81a3-9f10-c6738e6818f1","","All 3,Dun & Bradstreet or SBFE","No","Elan","IL","https://creditcardlearnmore.com/11t3/index?ecdma-lc=03029&ecid=OTHE_25940","","American Community Bank and Trust"
"143216ea-223d-81e6-99e4-d72e8385cdec","","Experian,Dun & Bradstreet or SBFE","No","Elan","DE","https://www.artisansbank.com/business/borrow/business-credit-cards","","Artisans Bank"
"143216ea-223d-81e7-8543-c62f4de088c9","","TransUnion,Dun & Bradstreet or SBFE","No","Elan","TX","https://creditcardlearnmore.com/11t3/index?ecdma-lc=31884&ecid=OTHE_25940#business","","VeraBank, N.A."
"143216ea-223d-8132-9a26-d0825bbc7396","","All 3,Dun & Bradstreet or SBFE","No","Elan","MA,PA","https://creditcardlearnmore.com/11t3/index?ecdma-lc=26501&ecid=OTHE_25940#business","","bankESB "
"143216ea-223d-81d2-a253-db0056a0ab05","","All 3,Dun & Bradstreet or SBFE","No","Elan","IN,KY,MD,OH","https://www.wesbanco.com/business/business-loans-and-credit-cards/business-credit-cards/","","WesBanco"
"143216ea-223d-818c-8e63-d9c3eb7d47e1","","TransUnion,Dun & Bradstreet or SBFE","No","Elan","IN","https://creditcardlearnmore.com/11t3/index?ecdma-lc=13986&ecid=OTHE_25940","","Lampco Federal Credit Union"
"143216ea-223d-81b9-b0f2-ec89c5085dbc","","All 3,Dun & Bradstreet or SBFE","No","Elan","OK","https://www.oklahomacentral.creditunion/Business-Lending","","Oklahoma Central Credit Union"
"143216ea-223d-8128-a03f-eeda0b3fb933","","Dun & Bradstreet or SBFE,Experian","No","Elan","CA","https://www.banksocal.com/commercial-banking/business-financing-solutions/#bscTab5","","Bank of Southern California"
"143216ea-223d-819e-bbfa-f5ce1ccbcaf2","","All 3,Dun & Bradstreet or SBFE,TransUnion","No","Elan","OR,CA,ID,UT,WA","https://creditcardlearnmore.com/fi/11t3/business-real-rewards?ecdma-lc=02323&ecid=DL_46457","","Umpqua Bank"
"143216ea-223d-8172-aee8-d5da8cfc4d83","","All 3,Dun & Bradstreet or SBFE","No","Elan","WI,MI","https://tri-county.org/business-credit-cards/","","Tri-County Credit Union"
"143216ea-223d-8195-9a5f-fe8f6ffb55c1","","All 3,Dun & Bradstreet or SBFE","No","Elan","CO","https://www.pikespeakcu.com/credit-cards/","","Pikes Peak Credit Union"
"143216ea-223d-819e-b0ac-f1ae11aed0c3","","All 3,Dun & Bradstreet or SBFE","No","Elan","MN","https://www.ffmbank.com/business/products/cards","","First Farmers & Merchants Bank"
"143216ea-223d-816f-8cc5-ed6e98fedf82","","All 3,Dun & Bradstreet or SBFE","No","Elan","NE","https://www.accessbank.com/for-business/business-convenience-and-resources/credit-cards","","Access Bank"
"143216ea-223d-81d0-9daf-d701b5be92d2","","TransUnion,Dun & Bradstreet or SBFE","No","Elan","NJ,CT","https://ionbank.com/business-banking/business-credit-cards/","","Ion Bank"
"143216ea-223d-81e1-936f-e8b8295a177d","","TransUnion,Dun & Bradstreet or SBFE","No","Elan","IL,IA","https://www.tbkbank.com/business/other-services/business-credit-cards/","","TBK Bank"
"143216ea-223d-8101-87d9-d7544a32e4fe","","TransUnion,Dun & Bradstreet or SBFE","No","Elan","AK","https://www.denalistatebank.com/loans-credit/credit-cards/business-credit-cards.html","","Denali State Bank"
"143216ea-223d-8141-a916-fac5de05d965","","TransUnion,Dun & Bradstreet or SBFE","No","Elan","AL","https://www.bryantbank.com/business/credit-debit-cards/","","Bryant Bank"
"143216ea-223d-8194-ab2c-eaec413b48ad","","TransUnion,Dun & Bradstreet or SBFE","No","Elan","CT","https://www.torringtonsavings.bank/business/business-credit-card/","","Torrington Savings Bank"
"143216ea-223d-81dd-a1ec-f4c2b4b0545b","","TransUnion,Dun & Bradstreet or SBFE","No","Elan","CT","https://www.ivesbank.com/business-banking/business-credit-cards","","Ives Bank"
"143216ea-223d-8143-980f-d2c2e61900f5","","TransUnion,Dun & Bradstreet or SBFE","No","Elan","CA","https://www.bankofthesierra.com/business/loans-credit-cards/business-credit-cards/","","Bank of Sierra"
"143216ea-223d-8155-a7fe-d2bc21516845","","TransUnion,Dun & Bradstreet or SBFE","No","Elan","CA","https://www.poppy.bank/business/#small-business-lending","","Poppy Bank"
"143216ea-223d-81f1-8517-efe810eecdfb","","TransUnion,Dun & Bradstreet or SBFE","No","Elan","CA","https://creditcardlearnmore.com/11t3/index?ecdma-lc=12155&OTHE_25940","","Bank of Marin"
"143216ea-223d-8112-9372-cb71297d9c03","","TransUnion,Dun & Bradstreet or SBFE","No","Elan","IL,AZ","https://creditcardlearnmore.com/11t3/index?ecdma-lc=27279&ecid=OTHE_25940","","Parkway Bank"
"143216ea-223d-8117-b460-d39e0a57d252","","TransUnion,Dun & Bradstreet or SBFE","No","Elan","CA","https://creditcardlearnmore.com/11t3/index?ecdma-lc=12109&ecid=OTHE_25940","","Westamerica Bank"
"143216ea-223d-8146-91b5-ed31f5c936ac","","TransUnion,Dun & Bradstreet or SBFE","No","Elan","MO,AR,IL,KS","https://www.bankwithsouthern.com/business-services/business-credit-cards/","","Southern Bank"
"143216ea-223d-8165-aab7-f90f85a75c6b","","TransUnion,Dun & Bradstreet or SBFE","No","Elan","AZ","https://www.nbarizona.com/business/business-credit-cards/amazing-cash-back-card/","","National Bank of Arizona"
"143216ea-223d-819a-9bfd-d1f51403964a","","TransUnion,Dun & Bradstreet or SBFE","No","Elan","CT","https://www.dime-bank.com/business/business-loans/business-credit-cards","","Dime Bank"
"143216ea-223d-81b4-b84a-c723def4f6b2","","TransUnion,Dun & Bradstreet or SBFE","No","Elan","CA","https://www.royalbusinessbankusa.com/business/services/business-credit-card","","Royal Business Bank"
"143216ea-223d-8131-aac4-ca56229a6bf4","","TransUnion,Dun & Bradstreet or SBFE","No","Elan","CT","https://firstcountybank.com/business/business-debit-credit-cards/","","First County Bank"
"143216ea-223d-8167-b3d1-eec6bff175c4","","TransUnion,Dun & Bradstreet or SBFE","No","Elan","CT","https://creditcardlearnmore.com/11t3/index?ecdma-lc=07559&ecid=OTHE_25940","","Chelsea Groton Bank"
"143216ea-223d-81b2-a8bf-dac2d6d5aa2b","","TransUnion,Dun & Bradstreet or SBFE","No","Elan","IL,KY,MO,AZ,IN","https://www.banterra.bank/small-business/borrow/business-credit-cards","","Banterra Bank"
"143216ea-223d-81b4-9f0c-fb665faaca24","","TransUnion,Dun & Bradstreet or SBFE","No","Elan","CT","https://www.thomastonsavingsbank.com/business/borrow/credit-cards","","Thomaston Savings Bank"
"143216ea-223d-815d-bdc2-f57763d59f67","","TransUnion,Dun & Bradstreet or SBFE","No","Elan","AZ,AK,CO,KS,MO,NM,OK,TX","https://creditcardlearnmore.com/11t3/index?ecdma-lc=14409&ecid=OTHE_25940#business","","BOK Financial"
"143216ea-223d-81a7-8f8e-c8a31ff77caa","","TransUnion,Dun & Bradstreet or SBFE","No","Elan","CA","https://www.exchangebank.com/business/credit-cards","","Exchange Bank"
"143216ea-223d-8145-a65c-ef815d8f8fae","","Experian,Dun & Bradstreet or SBFE","No","Elan","MA","https://creditcardlearnmore.com/11t3/index?ecdma-lc=29281&ecid=OTHE_25940","","Wrentham Cooperative Bank"
"143216ea-223d-81c3-8ba5-f98cb2ca2494","","All 3,Dun & Bradstreet or SBFE","No","Elan","HI","https://creditcardlearnmore.com/11t3/index?ecdma-lc=4202&ecid=OTHE_25940#","","Central Pacific Bank"
"143216ea-223d-8194-b7c2-e8eb2b28fb2d","","Dun & Bradstreet or SBFE","No","Elan","WI","https://creditcardlearnmore.com/11t3/index?ecdma-lc=26901&ecid=OTHE_25940#","","Capital Credit Union "
"143216ea-223d-8185-af5a-dce201001245","","All 3,Dun & Bradstreet or SBFE,TransUnion","No","Elan","WA","https://creditcardlearnmore.com/fi/11t3/index?ecdma-lc=25907&ecid=OTHE_25940","","First Financial Northwest Bank"
"143216ea-223d-816b-b809-c2ca1976b518","","All 3,Dun & Bradstreet or SBFE","No","Elan","CT,MA,VT,PA,NY,NJ,RI","https://creditcardlearnmore.com/11t3/index?ecdma-lc=17010&ecid=OTHE_25940#business","","Berkshire Bank "
"143216ea-223d-81d8-863d-f4f1930a75f4","","TransUnion,Dun & Bradstreet or SBFE","No","Elan","PA","https://creditcardlearnmore.com/11t3/index?ecdma-lc=32100&ecid=OTHE_25940#","","Penlanco Federal Credit Union"
"143216ea-223d-81f1-b989-d5104a981f6a","","Experian,Dun & Bradstreet or SBFE","No","Elan","CA","https://creditcardlearnmore.com/11t3/index?ecdma-lc=%2013899&ecid=OTHE_25940#","","Matadors Community Credit Union"
"143216ea-223d-8198-bfe4-c134a86e5cf5","","All 3,Dun & Bradstreet or SBFE","No","Elan","TX","https://creditcardlearnmore.com/11t3/index?ecdma-lc=28344&ecid=OTHE_25940","","Frontier Bank of Texas"
"143216ea-223d-813e-875a-e534c0264606","","Dun & Bradstreet or SBFE","No","Elan","NE","https://www.centrisfcu.org/commercial/accounts-and-services/#business-credit-card","","Centris Federal Credit Union"
"143216ea-223d-8152-a2ad-cf6a7c46d05d","","Experian,Dun & Bradstreet or SBFE","No","Elan","MA","https://creditcardlearnmore.com/fi/11t3/index?ecdma-lc=14797&ecid=OTHE_25940","","Southbridge Credit Union"
"143216ea-223d-816e-8f04-f07ea27e57f9","","Dun & Bradstreet or SBFE,Experian,Equifax,TransUnion","No","Elan","NY,FL,MA,NJ,VT","https://creditcardlearnmore.com/fi/11t3/index?ecdma-lc=28385&OTHE_25940","","Trustco Bank"
"143216ea-223d-81fe-9cbd-f43a1e8a6d0a","","Dun & Bradstreet or SBFE,All 3","No","Elan","IL,WI,FL","https://www.firstambank.com/Business/Banking/Card-Services/Business-Credit-Cards","","First American Bank"
"143216ea-223d-81d6-88d3-d3ed97c5f20b","","TransUnion","No","Elan","UT","https://creditcardlearnmore.com/11t3/index?ecdma-lc=28388&ecid=OTHE_25940","","Bank of Utah"
"143216ea-223d-8136-b104-ed229e708751","","Dun & Bradstreet or SBFE,TransUnion","No","Elan","ME","https://creditcardlearnmore.com/11t3/index?ecdma-lc=07655&ecid=OTHE_25940#","","cPort Credit Union"
"2be216ea-223d-804e-af9f-c88850c2bc65","","TransUnion,Dun & Bradstreet or SBFE","No","Elan","","https://www.kirkwoodbank.com/business-banking/business-credit-cards/ ","","Kirkwood Bank & Trust Co."
"2c0216ea-223d-8072-9fdf-df0a17d7eaa5","6 months","Experian,Dun & Bradstreet or SBFE","No","Elan","Nationwide,KS","https://www.mycardapply.com/synindex/?ecdma-lc=00210&ecid=OTHE_25940&offertype=0","","Peoples State Bank"
"2c0216ea-223d-8089-9b46-e731ef7ac5bb","6 months","Experian,Dun & Bradstreet or SBFE","No","Elan","Nationwide,CA","https://www.mycardapply.com/synindex/?ecdma-lc=25483&OTHE_25940&offertype=0","","PREFERRED"
"2c0216ea-223d-8053-a3b1-fcec82ffd1e3","","TransUnion,Dun & Bradstreet or SBFE","No","Elan","IL","https://www.mycardapply.com/synindex/?ecdma-lc=32899&ecid=OTHE_25940&offertype=0#business","","CREDIT UNION ONE"
"209216ea-223d-80a2-b207-c6a4f71681fb","","Experian","No","FNBO","AR","https://www.card.fnbo.com/mpp/fi/bankozk/consumer/web-visa","","Bank OZK"
"143216ea-223d-8184-b622-f25a2bea444d","","Experian,Equifax","No","FNBO","ND","https://www.card.fnbo.com/mpp/fi/gatecity/consumer/web-visa","","Gate City Bank"
"143216ea-223d-8157-8eae-dacae643f23d","","Experian,Equifax","No","FNBO","OK,TX","https://www.ibc.com/business/bank-cards/visa-business-credit-card","","IBC Bank"
"25a216ea-223d-8000-b43f-ca4689c3b25b","","Experian","No","FNBO","","https://www.card.fnbo.com/mpp/fi/arrow/consumer/web-visa?agent=F04&sub=000","","Arrow Bank National Association"
"27a216ea-223d-8059-bdfc-c7d760a94835","6 months","Experian","No","FNBO","Nationwide,CA","https://www.card.fnbo.com/mpp/fi/glacier/consumer/web-visa?agent=H26&sub=000","","FOOTHILLS"
"143216ea-223d-8178-bf70-d4d7684e730e","","Experian","No","FNBO","","https://amalgamatedbank.com/","","Amalgamated Bank"
"25a216ea-223d-8003-8e3c-e980a8c81e56","6 months","Experian","No","FNBO","","https://www.card.fnbo.com/mpp/fi/canandaigua/consumer/web-visa","","The Canandaigua National Bank and Trust Company"
"24e216ea-223d-80a2-9a03-dc8e924146ca","6 months","Experian,Equifax","No","FNBO","Nationwide,CA,AZ","https://www.card.fnbo.com/mpp/fi/flagstar/business/web-visa","","Flagstar Bank, National Association"
"245216ea-223d-8051-8d03-e4081acb408d","","Experian","No","FNBO","","https://www.card.fnbo.com/mpp/ibc/consumer/web-visa","","International Bank of Commerce"
"27a216ea-223d-800f-8427-fd2f28402ee4","","Experian","No","FNBO","NY","https://www.card.fnbo.com/mpp/fi/canandaigua/consumer/web-visa","","CANANDAIGUA"
"249216ea-223d-8029-b5ee-c5856ed388d0","","Experian,Equifax","No","FNBO","ND,MN","https://www.card.fnbo.com/mpp/fi/gatecity/consumer/web-visa","","Gate City Bank"
"23f216ea-223d-803e-9914-ec18c0573ea2","","Experian","No","FNBO","WI,TX,mn,KS,ID","https://www.fsbloomis.com/personal-banking/credit-cards","","First State Bank"
"23f216ea-223d-800f-a79b-df13ea17872a","","Experian","No","FNBO","MN","https://www.fsbwyoming.com/","","First State Bank of Wyoming"
"23f216ea-223d-80e7-a6d6-fa8bd198a81d","","Experian","No","FNBO","NJ,NY,NE","https://www.yorkstatebank.com/","","York State Bank"
"23a216ea-223d-8062-8291-cf744d338e6e","","Experian","No","FNBO","IA","https://www.houghtonstatebank.com/personal-banking/credit-cards","","Houghton State Bank"
"1e9216ea-223d-8027-a796-c8e7472bdf25","","Experian,Equifax","No","FNBO","NY","https://www.applebank.com/borrow/loans-credit-(1)/credit-cards","Yes","Apple Bank"
"1c7216ea-223d-8021-87c7-e3c51b464d6e","","Experian","No","FNBO","AZ,NY,NJ,CA,FL,IN,MI,OH,WI","https://www.flagstar.com/small-business/bank/credit-cards.html","Yes","FlagStar Bank"
"143216ea-223d-815e-a18b-f41806cfffd1","","Experian,Equifax","No","FNBO","NE","https://www.yorkstatebank.com/personal-banking/credit-cards","","York State Bank"
"143216ea-223d-810d-a61c-f048855f1125","","Experian,Equifax","No","FNBO","IA","https://www.houghtonstatebank.com/personal-banking/credit-cards","","Houghton State Bank"
"20e216ea-223d-8000-89d3-c0a188da3343","","Equifax","No","First Arkansas Bank & Trust","LA","https://www.gnty.com/business/treasury-services/business-credit-cards/","","Guaranty Bank & Trust, N.A."
"209216ea-223d-80ca-b0ce-fbe1d967c189","","Equifax","No","First Arkansas Bank & Trust","mn,AZ","https://app.thecardservicescenter.com/SelectionBusiness/index/0640","","Stearns Bank National Association"
"143216ea-223d-81b7-b25e-cf3cc400ddf4","","TransUnion","No","First Arkansas Bank & Trust","FL","https://www.mycommunitycc.com/QuUPgYKUKqcw","","American National Bank"
"143216ea-223d-8100-81db-edb4efd95cbe","","All 3","No","First Arkansas Bank & Trust","LA","https://www.cbtbankco.com/business-credit.html","No","Citizens Bank & Trust Company"
"143216ea-223d-81b9-af71-f04d85755bd5","","TransUnion","No","First Arkansas Bank & Trust","AR","https://www.fabandt.bank/business/credit-cards","","First Arkansas Bank & Trust"
"143216ea-223d-8114-85a8-d87f601ca484","","TransUnion","No","First Arkansas Bank & Trust","AK","https://www.northrim.com/Business-Banking/Spend/Credit-Cards","","Northrim Bank"
"245216ea-223d-808b-b4e6-d8a8885de2ce","","TransUnion","No","First Arkansas Bank & Trust","","https://app.thecardservicescenter.com/SelectionPersonal/index/3770","","First Port City Bank"
"245216ea-223d-804c-940e-c43069ad0c87","","TransUnion","No","First Arkansas Bank & Trust","","https://www.qnbtrust.bank/Personal/Accounts/Credit-Cards","","Queensborough National Bank & Trust Company"
"143216ea-223d-818b-864d-c417eec3e27f","","Equifax","No","First Arkansas Bank & Trust","","https://app.thecardservicescenter.com/SelectionBusiness/index/9900","","Bank of Frankewing"
"143216ea-223d-81e1-baf0-f13f73ea3da4","","TransUnion","No","First Arkansas Bank & Trust","","https://app.thecardservicescenter.com/SelectionBusiness/index/0202","","Relyance Bank"
"143216ea-223d-81bc-ba09-eb90ba71f9ae","","TransUnion","No","First Arkansas Bank & Trust","","https://app.thecardservicescenter.com/SelectionBusiness/index/3870","","South Georgia Banking Company"
"143216ea-223d-8111-ba58-d95746771e64","","TransUnion","No","First Arkansas Bank & Trust","MN","https://www.stearnsbank.com/nonprofit-credit-cards","","Stearns Financial Services, Inc."
"25a216ea-223d-8012-ad42-ea55244dd6db","","Equifax","No","First Arkansas Bank & Trust","","https://app.thecardservicescenter.com/SelectionPersonal/index/4300","","Powell Valley National Bank"
"258216ea-223d-8023-a62a-c5ee9e37360c","","Equifax","No","First Arkansas Bank & Trust","","https://app.thecardservicescenter.com/SelectionPersonal/index/5052","","Community National Bank"
"257216ea-223d-809f-94e1-dc75df4e2989","","Equifax","No","First Arkansas Bank & Trust","","https://app.thecardservicescenter.com/SelectionPersonal/index/0190","","Winter Park National Bank"
"257216ea-223d-8055-8d66-eb5492734435","","Equifax","No","First Arkansas Bank & Trust","","https://app.thecardservicescenter.com/SelectionPersonal/index/0350","","First Foundation Bank"
"256216ea-223d-804f-b3c9-f98c766d4fbc","","Equifax","No","First Arkansas Bank & Trust","","https://app.thecardservicescenter.com/SelectionPersonal/index/5820","","Flagship Bank"
"254216ea-223d-80f8-b7ad-d57dca3d449b","","TransUnion","No","First Arkansas Bank & Trust","","https://app.thecardservicescenter.com/SelectionPersonal/index/8010","","The First National Bank of Middle Tennessee"
"24e216ea-223d-802a-bde1-cf8bfae0df43","","Equifax","No","First Arkansas Bank & Trust","","https://app.thecardservicescenter.com/SelectionPersonal/index/4402","","Community Bank"
"248216ea-223d-807f-b393-f43f999d6c95","6 months","TransUnion","No","First Arkansas Bank & Trust","Nationwide,TN","https://www.wilsonbank.com/loans/credit-card","","Wilson Bank and Trust"
"245216ea-223d-8015-bf9c-e46d617bea7e","","TransUnion","No","First Arkansas Bank & Trust","","https://app.thecardservicescenter.com/SelectionPersonal/index/2280","","Lumbee Guaranty Bank"
"242216ea-223d-80be-9663-d9c19368b2e2","","Equifax","No","First Arkansas Bank & Trust","","https://app.thecardservicescenter.com/SelectionPersonal/index/0410","","Bank of Estes Park"
"2b6216ea-223d-8010-92ad-cbe3f232de1c","","Equifax","No","First Arkansas Bank & Trust","","https://all-onecu.com/loans/credit-card/","","ALL ONE "
"286216ea-223d-801c-8c2b-c4e3caefd0e4","","Equifax","No","First Arkansas Bank & Trust","LA","https://www.resource.bank/credit-cards/","","RESOURCE"
"23a216ea-223d-808f-957e-e55a7418d068","","Equifax","No","First Arkansas Bank & Trust","AR","https://app.thecardservicescenter.com/SelectionBusiness/index/0080","","Riverwind Bank"
"1d1216ea-223d-802b-9b76-dfe8d9567941","","All 3","No","First Arkansas Bank & Trust","MI","https://app.thecardservicescenter.com/SelectionBusiness/index/0220","","Southern Michigan Bank and Trust"
"1cf216ea-223d-8064-8461-f106d82fb3d6","","All 3","No","First Arkansas Bank & Trust","HI,FL,CA,NV,TX","https://app.thecardservicescenter.com/SelectionBusiness/index/0350","","First Foundation Bank "
"1cf216ea-223d-8079-b4a8-c319b855a524","","TransUnion","No","First Arkansas Bank & Trust","GA","https://www.qnbtrust.bank/Business/Accounts/Credit-Cards","","Queensborough National Bank"
"1cc216ea-223d-80c0-bdd7-f6497e64a911","","TransUnion","No","First Arkansas Bank & Trust","AL","https://app.thecardservicescenter.com/SelectionBusiness/index/8220","","West Alabama Bank"
"143216ea-223d-8176-b7d8-f38d98cf9714","","All 3","No","First Arkansas Bank & Trust","FL","https://www.uscentury.com/business/business-credit-cards","","U.S. Century Bank"
"143216ea-223d-81a7-8f7f-e3973c6d64a1","","All 3","No","First Arkansas Bank & Trust","VA","https://www.cbtva.com/business/credit-cards","","Citizens Bank & Trust VA"
"143216ea-223d-815d-ba32-e44bb6e4a0ee","","Experian,Dun & Bradstreet or SBFE","No","Pinnacle Bank","MO","https://firstbank.myapexcard.com/apply?pid=4810388620#","","First Bank"
"143216ea-223d-81e3-890e-c69938fcaacb","","Experian,Equifax","No","Pinnacle Bank","ME","https://www.gorhamsavings.bank/landing/credit-cards-2/","No","Gorham Savings Bank"
"143216ea-223d-812d-8efc-ca0729254df3","6 months","Experian","No","Pinnacle Bank","CT,Nationwide","https://www.nsbonline.com/business/small-business/business-credit-cards","","Newtown Savings Bank"
"143216ea-223d-8151-8a61-d3d3004f281d","","Experian","No","Pinnacle Bank","GA","https://www.pinnaclebank.com/small-business-commercial-cards/","","Pinnacle Bank"
"143216ea-223d-81af-a051-f093a3572f0f","","Experian","No","Pinnacle Bank","ME","https://www.machiassavings.bank/small-business/mastercard-credit-cards/#View-All","","Machias Savings Bank"
"241216ea-223d-8000-8083-d326ff054528","","Experian","No","Pinnacle Bank","CT","https://www.nsbonline.com/personal-credit-cards","","Newtown Savings Bank"
"143216ea-223d-814f-bb12-fd89c2313a11","6 months","Experian","No","Pinnacle Bank","Nationwide,MA","https://southshorebank.myapexcard.com/apply?pid=2510388620","","South Shore bank"
"251216ea-223d-8032-a156-dee945d219e2","","Experian","No","Pinnacle Bank","SD","https://myapexcard.com/preterms?pid=1710088650&brand=First Dakota National Bank","","First Dakota National Bank"
"24a216ea-223d-8086-a423-ea7f6913774f","","Experian","No","Pinnacle Bank","NJ","https://www.columbiabankonline.com/business-banking/business-credit-cards","","Columbia Bank"
"23f216ea-223d-809d-921e-d4c3c5e0455d","","TransUnion","No","Pinnacle Bank","NY","https://www.ridgewoodbank.com/home/home","","Ridgewood Savings Bank"
"1d1216ea-223d-80b1-a80a-e055ed77d7e0","","All 3","No","Pinnacle Bank","MA,CT,NJ,MD,VA,NC,SC,FL","https://baycoastbank.myapexcard.com/apply/?pid=4010388620","","Bay Coast Bank"
"1cc216ea-223d-8076-bd93-f0b91fc1b649","","Experian","Yes","Pinnacle Bank","CT","https://www.nsbonline.com/business/small-business/business-credit-cards","","Newton Savings Bank"
"143216ea-223d-819e-a976-e3a3d732b132","","Experian","Yes","Pinnacle Bank","CA","https://www.fremontbank.com/business/credit","","Fremont Bank"
"143216ea-223d-81ba-b3cb-df95a4e56504","","Experian,Equifax","No","Pinnacle Bank","CT","https://www.nsbonline.com/business/small-business/business-credit-cards","","Newtown Savings Bank"
"143216ea-223d-8114-ac0b-d59c69967d72","","All 3","No","Fifth Third Bank","CA","https://www.hanmi.com/business/business-credit-cards/","","Hanmi Bank"
"143216ea-223d-818a-8bb5-daeafb779de7","","Equifax","No","Umb bank","IA","https://www.boonebankiowa.com/business/business-services/business_cards/","","Boone Bank & Trust Co."
"143216ea-223d-8160-b9f9-ebc4affe4669","","Experian","No","Umb bank","VA","https://www.fbvirginia.com/Business/Bank/Cards/Credit-Cards","","First Bank Virginia"
"143216ea-223d-8134-bd6a-c50d4c22589a","","Experian","No","Umb bank","IA","https://www.bankiowa.com/business-ag/lending/credit-cards","","BankIowa"
"24e216ea-223d-80b2-b0a5-e9b08fe45610","","TransUnion","No","Umb bank","IA","https://www.boonebankiowa.com/personal/banking/credit-card/","","Boone Bank & Trust Co."
"23b216ea-223d-8046-9ad9-c9bb7a640046","","TransUnion","No","Umb bank","IA","https://www.mycommunitycc.com/card-detail/CC/VISA_PLATINUM_CASH_REWARDS?merchantId=P70d8octk53H","","Iowa Trust and Savings Bank"
"23b216ea-223d-80a6-9279-e3bf5522f365","","TransUnion","No","Umb bank","IA","https://www.fnb247.com/personal/banking/credit-card/","","First National Bank, Ames, Iowa"
"1d1216ea-223d-80e4-aec0-ec319dc775bb","","Experian","No","Umb bank","NM","https://www.nmb-t.com/small-business-banking/credit-card","","New Mexico Bank & Trust"
"1ce216ea-223d-8060-b15c-e17c7bbedc0b","","Experian","No","Umb bank","CO","https://www.citywidebanks.com/small-business-banking/credit-card?utm_source=Homepage&utm_medium=Hero&utm_campaign=Card","","Citywide Bank"
"143216ea-223d-812a-acc0-f5ac6450731a","","TransUnion","Yes","Umb bank","MO,KS","https://www.umb.com/business-banking/business-credit-cards","","UMB Bank"
"143216ea-223d-8144-8e45-cc9f3af5bf07","","Experian,Equifax","No","Umb bank","IA","https://applynow.umb.com/tffa/?brand=672LUA#/product-selector","","Luana Savings Bank"
"143216ea-223d-815a-8e2f-cea42987de6f","","TransUnion","No","Central Trust Bank","MO","https://customercashbackplus.citizensapplynow.com/?product=CTZCBP&subProduct=CTCP068","","Bloomsdale Bank"
"143216ea-223d-81a5-bcfc-c9bc53ba2a1f","","TransUnion","No","Central Trust Bank","MO","https://www.stjohnsbank.com/business/business-debit/credit-cards",""," St. Johns Bank & Trust"
"143216ea-223d-81c8-849b-c011cee158da","","Experian","No","TIB National Association","MO","https://www.bransonbank.com/bank-accounts/business/business-credit-cards/","","Branson Bank"
"143216ea-223d-81b0-8d5e-da1410a8aa9c","12 months","Experian","No","TIB National Association","VT","https://nbmvt.com/business/visa-mastercard/","","National Bank of Middlebury"
"143216ea-223d-818c-9887-ce7ba6c58854","","Experian","No","TIB National Association","FL","https://www.marinebankandtrust.com/business/credit-card","","Marine Bank"
"143216ea-223d-81f9-92a3-f0cb93ba3199","","Experian","No","TIB National Association","GA,VA","https://www.ngnb.net/ATM-Debit-Cards.aspx#Business-Credit-Cards","","North Georgia National Bank"
"143216ea-223d-81fc-8007-ee6199dbc9eb","","None","No","WebBank","","https://get.capitalontap.com/business-credit-card/?promo=2REFUSX592R89","","Capital On Tap"
"143216ea-223d-81a4-8790-c4d124ce6b3b","","All 3","Yes","Apex","","https://www.city.bank/business/treasury-solutions/credit-cards","","City Bank"
"2c6216ea-223d-80de-bb14-d89094509834","6 months","Experian","No","Self","TX,Nationwide","https://www.tdecu.org/business-banking/platinum-mastercard/","","TEXAS DOW EMPLOYEES"
"143216ea-223d-8146-9126-fcddbcd7d261","","All 3","No","Bankers' Bank of Kansas","IL","https://www.bankofcalhouncounty.com/Credit-Cards","","Bank of Calhoun County"
"383216ea-223d-8018-8d01-c4acda19ffd7","","","","","","","","Business Credit Card Approval Intelligence Database"
"143216ea-223d-8157-97a4-c7cffc49ec62","","All 3","No","Bankers' Bank of Kansas","KS","https://thebankks.mylocalbankcard.com/business","","The Bank"
