State,Creditor Name,Bureau 
ALABAMA,,
AL ,COMENITYCB/ULTA MC,Experian
AL ,BRB/BHG,TransUnion
AL ,US BANK,TransUnion
AL ,RAY PEARMAN LINCOLN,Equifax
AL ,WELLS FARGO DEALER S,Equifax
AL ,LINCOLN AUTOMOTIVE FIN,Experian
AL ,BK OF AMER,Experian
AL ,RAY PEARMAN LINCOLN,Equifax
AL ,NCCINC/RAY PEARMAN LIN,Experian
AL ,LINCOLN AUTOMOTIVE FIN,Experian
AL ,REDSTONE FCU,Experian
AL ,SYNOVUS,Equifax
AL ,AMEX,Experian
AL ,CAPITAL ONE BANK USA,Equifax
AL ,CAP ONE NA,Experian
AL ,CAPITAL ONE,TransUnion
AL ,SYNCB/SAMS,TransUnion
AL ,US FINANCIAL SERVICES,Experian
AL ,CAPITAL ONE BANK USA,Equifax
AL ,EXPERIAN BUSINESS CRED,Experian
AL ,CAP ONE NA,Experian
AL ,CAPITAL ONE,TransUnion
AL ,REGIONS BANK,TransUnion
AL ,SYNCB,TransUnion
AL ,BANK OF MISSOURI,Equifax
AL ,COMENITYCB/ZALES,Experian
AL ,COMENITYBANK/KAY,Experian
AL ,KUBOTA CREDIT CORP U,Equifax
AL ,KUBOTA LO.C,TransUnion
AL ,SHEFFIELD FINANCIAL,Equifax
AL ,FIRST HERITAGE CREDI,Equifax
AL ,MILLRY TELEPHONE COMPA,Experian
ARKANSAS,,
AR ,TRUIST BANK,Equifax
AR ,US BANK,TransUnion
AR ,FIRST BUS EQ,TransUnion
AR ,STEARNS BANK-ST CLOU,Equifax
AR ,EXPERIAN BUSINESS CRED,Experian
AR ,SYNCB/LOWESC,TransUnion
AR ,CAP ONE NA,Experian
AR ,CAPITAL ONE BANK USA,Equifax
AR ,CAPITAL ONE,TransUnion
AR ,ARVEST BK,TransUnion
AR ,EXPERIAN BUSINESS CRED,Experian
AR ,ARVEST BK,TransUnion
AR ,US BANK,TransUnion
AR ,DISCOVER FINANCIAL SER,Experian
AR ,US BANK,TransUnion
AR ,EXPERIAN BUSINESS CRED,Experian
AR ,EXPERIAN BUSINESS CRED,Experian
ARIZONA,,
AZ,CITIBANK NA ,Equifax
AZ,FACTUAL DATA ,TransUnion
AZ,FACTUAL DATA ,Experian
AZ,FACTUAL DATA ,Equifax
AZ,MOUNTAIN AMERICA CU,Experian
AZ,CISCO,TransUnion
AZ,CREDITAX CISCO INC,Experian
AZ,CISCO CREDIT,Equifax
AZ,DISCOVER FINANCIAL SER,Experian
AZ,US SM BUS ADMIN ODA ,Experian
AZ,MOUNTAIN AMERICA CU,Experian
AZ,WFDS,Experian
AZ,CITIZENS BANK,Equifax
AZ,FORTIVA/TBOM,Equifax
AZ,MICROBILT,Experian
AZ,ELAN FINANCI,TransUnion
AZ,ALLY FINANCIAL,Experian
AZ,ONEAZ CREDIT UNION,Experian
AZ,ONEAZ CREDIT UNION,Experian
AZ,FORD CRED,Experian
AZ,ALLY FINANCI,TransUnion
AZ,700 CREDIT/SAN TAN FOR,Experian
AZ,XACTUS,Equifax
AZ,XACTUS AVANTUS,Experian
AZ,XACTUS LLC,TransUnion
AZ,INFORMATIVE RESEARCH,Equifax
AZ,IR/NEW AMERICAN FUNDIN,Experian
AZ,NEW AMERICAN,TransUnion
AZ,FACTUAL DATA,Equifax
AZ,EQUIFAX MORTGAGE SER,Equifax
AZ,EMS/AMERISAVE MORTGAGE,Experian
AZ,FACTUAL DATA,Experian
AZ,EQUIFAX MTG,TransUnion
AZ,FACTUAL DATA,TransUnion
AZ,MAXIM COMMERCIAL CAPIT,Experian
AZ,BK OF AMER,TransUnion
AZ,ONEAZ CREDIT UNION,Experian
AZ,CAPITAL ONE,Equifax
AZ,RODEO CHRYSLER DODGE ,Equifax
AZ,ONEAZ CREDIT UNION/LSI,Experian
AZ,RODEO CHRYSLER DODGEJ,Experian
AZ,GLOBAL FCU,Experian
AZ,CAPITAL ONE AUTO FIN,Experian
AZ,RODEO CHRYSL,TransUnion
AZ,COAF,TransUnion
AZ,JPMCB CARD,Experian
AZ,CITI CARDS CBNA,Experian
AZ,CISCO CREDIT,Equifax
AZ,CREDITFAX CISCO INC,Experian
AZ,CISCO,TransUnion
AZ,CISCO CREDIT,Equifax
AZ,CREDITFAX CISCO INC,Experian
AZ,CISCO,TransUnion
AZ,WF CRD SVC,Experian
AZ,JPMCB AUTO,Experian
AZ,BK OF AMBER,Experian
AZ,ACADEMY MORT,TransUnion
AZ,XACTUS-CP / ACADEMY MORT,Experian
AZ,XACTUS,Equifax
AZ,COLLEGE AVE/FIRSTRUST,Experian
AZ,SYNCB/CC,TransUnion
AZ,CREDIT ACCEPTANCE,Experian
AZ,FLEETCOR TECHNOLOGIES,Experian
AZ,FORTIVA/TBOM,Equifax
AZ,JPMCB CARD,Experian
AZ,DISCOVER FINANCIAL SER,Experian
AZ,CREDIT PLUS,TransUnion
AZ,CIS WEST,TransUnion
AZ,XACTUS-CIS/FAIRWAY IND,Experian
AZ,XACTUS-CP,Experian
AZ,XACTUS,Equifax
AZ,"XACTUS, LLC",Equifax
AZ,CARDLESS/FIRST ELECTON,Experian
AZ,DESERT FINCU,TransUnion
AZ,CIS WEST,TransUnion
AZ,XACTUS-CIS/FAIRWAY IND,Experian
AZ,XACTUS,Equifax
AZ,COAF,TransUnion
AZ,EAST VALLEY,TransUnion
AZ,NCCINC/EAST VALLEY NIS,Experian
AZ,GLOBAL FCU,Experian
AZ,CAPITAL ONE AUTO FIN ,Experian
AZ,SEVEN AUTOMOTIVE INV,Equifax
AZ,CAPITAL ONE,Equifax
AZ,JPMCB AUTO,Experian
AZ,JPMCB CARD,Experian
AZ,BK OF AMER,Experian
AZ,XACTUS-CP/ACADEMY MORT,Experian
AZ,XACTUS,Equifax
AZ,ACADEMY MORT,TransUnion
AZ,XACTUS-CP/ACADEMY MORT,Experian
AZ,XACTUS,Equifax
AZ,ACADEMY MORT,TransUnion
AZ,JPMCB CARD,Experian
AZ,JPMCB - CARD SERVICE,Equifax
AZ,JPMCB CARD,TransUnion
AZ,LANDINGS CREDIT UNION,Experian
AZ,FIRST CITIZENS BANK AN,Experian
AZ,EMICH CHEVRO,TransUnion
AZ,ALLY FINANCI,TransUnion
AZ,ALLY FINANCIAL,Experian
AZ,700 CREDIT/EMICH CHEVR,Experian
AZ,LANDINGS CREDIT UNION,Experian
AZ,CREDCO,Experian
AZ,ALERUS FINANCIAL,Experian
AZ,RICART CHEVR,TransUnion
AZ,700 CREDIT/RICART CHEV,Experian
AZ,ALLY FINANCI,TransUnion
AZ,GM FINANCIAL,TransUnion
AZ,GMFINANCIAL HUNTINGTON,TransUnion
AZ,ALLY FINANCIAL,TransUnion
AZ,FIRST CITIZENS BANK AN,Experian
AZ,JPMCB BB,Experian
AZ,US BANK,Experian
AZ,ENTERPRISE C,TransUnion
AZ,ALLY FINANCI,TransUnion
AZ,ALLY FINANCIAL,TransUnion
AZ,JPMCB AUTO,Experian
AZ,BK OF AMER,Experian
AZ,PREMIER FIN FIRST PREMIE,Experian
AZ,ALERUS FINANCIAL ,TransUnion
AZ,WEBBANK/PYPL,TransUnion
AZ,JPMCB CARD,Experian
AZ,CRTFD CRDT,TransUnion
AZ,CERTIFIED CREDIT REPOR,Experian
AZ,EMPIRE SOUTHWEST,TransUnion
AZ,JPMCB CARD,Experian
AZ,JPMCB CARD,Experian
AZ,US BANK,TransUnion
AZ,AMERICAN EXPRESS KABBA,Experian 
AZ,WFB BD CRE,Experian
AZ,WB/PAYPL/CCC,TransUnion 
AZ,JPMCB CARD,Experian
AZ,SYNCB/LOWES,TransUnion
AZ,SYNCB/LOWES,Experian
AZ,ELAN FINANCI,TransUnion
AZ,"CITIBANK NA., BEST B ",Equifax
AZ,WF BANK NA ,TransUnion 
AZ,DESERT FINCU,TransUnion
AZ,HCA,TransUnion
AZ,CAMELBACK HY,TransUnion
AZ,CAMELBACK HYUNDAI,Equifax
AZ,HYUNDAI CAPITAL AMERIC,Experian
AZ,700/CAMELBACK HYUNDAI,Experian
AZ,CAPITAL ONE,TransUnion
AZ,CAPITAL ONE BANK USA,Equifax
AZ,CAP ONE NA,Experian
AZ,JPMCB CARD,Experian
AZ,CRB/UPGRADE,TransUnion
AZ,DIGITAL FEDERAL CRED,Equifax
AZ,BK OF AMER,Experian
AZ,TD AUTO FIN,TransUnion
AZ,TESLA FINANC,TransUnion
AZ,US BANK DS NORTHEAST,Experian
AZ,BMO BANK NA,TransUnion
AZ,US BANK DS NORTHEAST,Experian
AZ,WFDS,Experian
AZ,NETWORK CR S,TransUnion
AZ,SARMA-NCS,Equifax
AZ,SARMA NCS,Experian
AZ,AMEX,Experian
AZ,EQUIFAX,Experian
AZ,EQUIFAX MORTGAGE SER,Equifax
AZ,EQUIFAX MTG,TransUnion
AZ,EQUIFAX,Experian
AZ,EQUIFAX MORTGAGE SER,Equifax
AZ,EQUIFAX MTG,TransUnion
AZ,FD/MR COOPER,Experian
AZ,ROCKET MORTG,TransUnion
AZ,XACTUS LLC,Equifax
AZ,XACTUS-AVANTUS/ROCKET,Experian
AZ,BK OF AMER,TransUnion
AZ,ROCKET MORTG,TransUnion
AZ,XACTUS LLC,Equifax
AZ,XACTUS-AVANTUS/ROCKET,Experian
AZ,LIGHTSTREAM,TransUnion
AZ,AVEN/COASTAL COMM BANK,Experian
AZ,BK OF AMER,Experian
AZ,COAF,TransUnion
AZ,CHAPMANHONDA,TransUnion
AZ,CHAPMAN IMPORTS OF T,Equifax
AZ,CAPITAL ONE,Equifax
AZ,NCCINC/CHAPMAN HONDA,Experian
AZ,JPMCB AUTO,Experian
AZ,PYRAMID FCU,Experian
AZ,CAPITAL ONE AUTO FIN,Experian
AZ,BK OF AMER,Experian
AZ,USAA FEDERAL SAVINGS B,Experian
AZ,RESIDENT VERIFY,Experian
AZ,RESIDENT VERIFY,Experian
AZ,RFFC FINANCI,TransUnion
AZ,NCCINC/PRECISION TOYOT,Experian
AZ,TOYOTA MOTOR CREDIT CO,Experian
AZ,TOYOTA MOTOR CREDIT CO,Experian
AZ,NCCINC/PRECISION TOYOT,Experian
AZ,TOYOTA MOTOR CREDIT CO,Experian
AZ,CIS WEST,TransUnion
AZ,XACTUS,Equifax
AZ,XACTUS-CIS/FAIRWAY IND,Experian
AZ,CREDCO,TransUnion
AZ,CORELOGIC CREDCO LLC,Equifax
AZ,CREDCO,Experian
AZ,FACTUAL DATA,TransUnion
AZ,FACTUAL DATA,Equifax
AZ,FD/ROCKET MORTGAGE,Experian
AZ,NAVY FCU,TransUnion
AZ,NAVY FCU,TransUnion
AZ,COVIUS MORTG,TransUnion
AZ,FUNDING SUITE,Equifax
AZ,COVIUS MORTGAGE SOLUTI,Experian
AZ,NEWREZ LLC,TransUnion
AZ,XACTUS,Equifax
AZ,UCS/NEWREZ LLC,Experian
AZ,EQUIFAX CANADA,Equifax
AZ,CBNA,Equifax
AZ,JPMCB CARD,Experian
AZ,700 CREDIT/ROLL IT MOT,Experian
AZ,COPPER STATE CREDIT UN,Experian
AZ,NOWCOM/MIDWAY AUTO CEN,Experian
AZ,NOWCOM WESTLAKE FINANC,Experian
AZ,ALLY FINANCIAL,Experian
AZ,WFDS,Experian
AZ,ALLY FINANCI,TransUnion
AZ,XACTUS-CP/MOVEMENT MOR,Experian
AZ,XACTUS,Equifax
AZ,CREDIT PLUS,TransUnion
AZ,UCS/NEWREZ LLC,Experian
AZ,XACTUS,Equifax
AZ,NEWREZ LIC,TransUnion
AZ,CREDITFAX CISCO INC,Experian
AZ,CISCO CREDIT,Equifax
AZ,CISCO,TransUnion
AZ,MIDFIRST BANK,Experian
AZ,XACTUS-CP,Experian
AZ,XACTUS,Equifax
AZ,CREDIT PLUS,TransUnion
AZ,XACTUS-CP,Experian
AZ,XACTUS,Equifax
AZ,CREDIT PLUS,TransUnion
AZ,XACTUS-CP,Experian
AZ,XACTUS,Equifax
AZ,CREDIT PLUS,TransUnion
AZ,XACTUS-CP,Experian
AZ,XACTUS,Equifax
AZ,CREDIT PLUS,TransUnion
AZ,US SM BUS ADMIN ODA,Experian
CALIFORNIA,,
CA ,SYNCB/AMAZON,TransUnion
CA ,SYNCB/AMAZON PLCC,Experian
CA ,WF CRD SVC,Equifax
CA ,AMEX,
CA ,JPMCB CARD,Experian
CA ,EQUIFAX MORTGAGE SER,Equifax
CA ,EQUIFAX MORTGAGE SERVI,Experian
CA ,EQUIFAX MTG,TransUnion
CA ,SARMA-MORTGAGE DEPT.,Equifax
CA ,SARMA,Experian
CA ,SARMA,TransUnion
CA ,SYNCB/JCP,TransUnion
CA ,INDIRECT LEN,TransUnion
CA ,NAVY FEDERAL CR UNION,Experian
CA ,WFB BD CRE,Experian
CA ,FUNDATION GROUP LLC,Experian
CA ,AMEX,Experian
CA ,WFB BD CRE,Experian
CA ,WELLSFARGO,Experian
CA ,WF PLL,TransUnion
CA ,LENDINGPOINT LLC,Experian
CA ,COMENITYCAPITAL/ALPH,Equifax
CA ,"CITIBANK NA, WAYMC ",Equifax
CA ,JPMCB CARD,Experian
CA ,RESIDENT VERIFY,Experian
CA ,JPMCB CARD,Experian
CA ,STEARNS BANK-ST CLOU,Equifax
CA ,AMEX,Experian
CA ,BK OF AMER,TransUnion
CA ,ELAN FINANCI,TransUnion
CA ,MICROBILT,Experian
CA ,SYNCB/C&B,Experian
CA ,SYNCB/C&B,TransUnion
CA ,US SM BUS ADMIN ODA,Experian
CA ,JPMCB CARD,Experian
CA ,US BANK DS NORTHEAST,Experian
CA ,WFDS,Experian
CA ,TESLA FINANC,TransUnion
CA ,BMO BANK NA,TransUnion
CA ,TD AUTO FIN,TransUnion
CA ,HPCMB CAD,Experian
CA ,WFDS,Experian
CA ,EXPERIAN BUSINESS CRED,Experian
CA ,CAPITAL ONE,TransUnion
CA ,CAPITAL ONE BANK USA ,Equifax
CA ,FIRST CITIZENS BANK,Equifax
CA ,BK OF AMER,Experian
CA ,CITI CARDS CBNA,Experian
CA ,US BANK,TransUnion
CA ,MB FIN SVCS,TransUnion
CA ,DOWNTOWN LA ,TransUnion
CA ,TOWER FEDERA,TransUnion
CA ,WF PLL,Experian
CA ,CRTFD CRDT,TransUnion
CA ,CERTIFIED CREDIT REP,Equifax
CA ,CAP ONE NA,Experian
CA ,CAPITAL ONE,TransUnion
CA ,CAPITAL ONE BANK USA,Equifax
CA ,US BANK DS WEST,Experian
CA ,ALLY FINANCIAL,Experian
CA ,ALLY FINANCIAL,Experian
CA ,BK OF AMER ,Experian
CA ,JPMCB AUTO,TransUnion
CA ,TD AUTO FIN,TransUnion
CA ,"SHIFT TECHNOLOGIES, ",Equifax
CA ,JPMCB CARD,Experian
CA ,ONEMAIN FINANCIAL SERV,Experian
CA ,CAP ONE NA,Experian
CA ,ONEMAIN,TransUnion
CA ,CAPITAL ONE,TransUnion
CA ,TD BANK USA/TARGET C ,Equifax
CA ,TD BANK USA/TARGET C,Equifax
CA ,XACTUS-CIS/FAIRWAY IND,Experian
CA ,CIS WEST,TransUnion
CA ,XACTUS,Equifax
CA ,CITIBANK NA,Equifax
CA ,EXPERIAN BUSINESS CRED,Experian
CA ,AMEX,Experian
CA ,CITIBANK N A,Equifax
CA ,ELAN FINANCI,TransUnion
CA ,ELAN FINANCIAL SERVICE,Experian
CA ,PNC BANK,Experian
CA ,ELAN FINANCI,TransUnion
CA ,CITICARDS CBNA,Experian
CA ,US BANK,TransUnion
CA ,CITICARDS CBNA,Experian
CA ,US BANK,TransUnion
CA ,DIGITAL FEDERAL CRED,Equifax
CA ,AMER AGCRDT,TransUnion
CA ,LIGHTSTRM,TransUnion
CA ,PUGET SOUND COOPERAT,Equifax
CA ,ELAN FINANCIAL SERVICE,Experian
CA ,JPMCB CARD,Experian
CA ,SYNCB,TransUnion
CA ,JPMCB CARD,Experian
CA ,COMENITY BANK/EXPRES,Equifax
CA ,PREMIERONE CU,Experian
CA ,SYNCB/TJX CO,Experian
CA ,SYNCB/TJX DC,TransUnion
CA ,"CITIBANK NA., BEST B",Equifax
CA ,ALLY FINANCIAL,Equifax
CA ,CAPITAL ONE,Equifax
CA ,700/CAPITOL EXPRESSWAY,Experian
CA ,ALLY FINANCIAL,Experian
CA ,FORD CRED,Experian
CA ,WFDS,Experian
CA ,CAPITAL ONE AUTO FIN,Experian
CA ,BK OF AMER,Experian
CA ,COAF,TransUnion
CA ,COMENITY BANK/EXPRES,Equifax
CA ,FUNDATION/BANK OF THE,Experian
CA ,WF CRD SVC,Experian
CA ,COMENITY BANK/EXPRES,Equifax
CA ,BK OF AMER,TransUnion
CA ,CAPITAL ONE,Equifax
CA ,700/CAPITOL GMC BUICK,Experian
CA ,CAPITAL ONE AUTO FIN,Experian
CA ,COAF,TransUnion
CA ,TD AUTO FIN,TransUnion
CA ,JPCMB AUTO,TransUnion
CA ,BK OF AMER,Experian
CA ,ONEMAIN,Experian
CA ,ONEMAIN,Experian
CA ,ONEMAIN,TransUnion
CA ,UNITED CONSU,TransUnion
CA ,UMB CARD SVC,TransUnion
CA ,WFB BD CRE,Experian 
CA ,JPMCB CARD,Experian
CA ,US BANK,TransUnion
CA ,COMENITYCAPITAL/EXPLVI,Experian
CA ,SECU CREDIT UNION,Equifax
CA ,TOWER FEDERA,TransUnion
CA ,CALIFORNIA CREDIT UN ,Equifax
CA ,PATELCO CREDIT UNION,Experian
CA ,LIGHTSTREAM,TransUnion
CA ,DIGITAL FEDERAL CRED,Equifax
CA ,FIRST TECH FCU,Experian
CA ,THE GOLDEN 1 CREDIT UN,Experian
CA ,SAFE 1 CREDIT UNION ,Experian
CA ,SAFE 1 CREDIT UNION ,Experian
CA ,VALLEY FIRSTU,Experian
CA ,GM FINANCIAL,TransUnion
CA ,MOTOR CITY B,TransUnion
CA ,TD AUTO FIN,TransUnion
CA ,PATELCO CREDIT UNION,Experian
CA ,700 CREDIT/MOTOR CITY,Experian
CA ,JPMCB AUTO,TransUnion
CA ,ALTAONE FCU,Experian
CA ,US BANK DS WEST,Experian
CA ,SAFE 1 CREDIT UNION,Experian
CA ,HADDAD DODGE,TransUnion
CA ,BAKERSFIELD DODGE IN,Equifax
CA ,700 CREDIT/HADDAD DODG,Experian
CA ,GREENSKY INSTALLMENT,Experian
CA ,ENERBANK USA,TransUnion
CA ,CBNA,Equifax
CA ,WF CRD SVC,Experian 
CA ,FINGERHUT/WEBBANK,Experian 
CA ,CITI CARDS CBNA,Experian 
CA ,DISCOVER FINANCIAL SER,Experian 
CA ,THD/CBNA,Experian 
CA ,PENTAGON FCU-ALEXAND,Equifax
CA ,CAP ONE NA,Experian 
CA ,CAPITAL ONE BANK USA,Equifax
CA ,CAPITAL ONE JPMCB CARD,TransUnion
CA ,EMS/VETERANS UNITED HO,Experian 
CA ,EQUIFAX MORTGAGE SER,Experian
CA ,VETERANS UNI,Equifax
CA ,BK OF AMER,TransUnion
CA ,CITI CARDS CBNA,Experian 
CA ,BEST EGG/FIRST BK&TR/M,Experian
CA ,CBNA,Experian
CA ,CONTINENTAL FINANCE/CE,Equifax
CA ,SERRAMONTE F,TransUnion
CA ,SERRAMONTE FORD INC,Equifax
CA ,FORD CRED,Experian
CA ,700/SERRAMONTE FORD IN,Experian
CA ,RESIDENT VERIFY,Experian
CA ,CAPITAL ONE,TransUnion
CA ,CAPITAL ONE BANK USA,Equifax
CA ,CAP ONE NA,Experian
CA ,JPMCE CARD,Experian
CA ,JPMCB CARD,Experian
CA ,SETTLEMENT O,TransUnion
CA ,SETTLEMENTONE DATA,Equifax
CA ,"SETTLEMENTONE DATA, LL",Experian
CA ,EXPERIAN BUSINESS CRED,Experian
CA ,AMERICAN EXPRESS KABBA,Experian
CA ,CROSSCOUNTRY,TransUnion
CA ,FACTUAL DATA,Equifax
CA ,FD/CROSSCOUNTRY MORTGA,Experian
CA ,FACTUAL DATA,TransUnion
CA ,FACTUAL DATA,Equifax
CA ,FACTUAL DATA,Experian
CA ,TESLA FINANC,TransUnion
CA ,FACTUAL DATA,TransUnion
CA ,FACTUAL DATA,Equifax
CA ,FACTUAL DATA,Experian
CA ,CORELOGIC,TransUnion
CA ,CORELOGIC CREDCO,Equifax
CA ,CORELOGIC CREDCO LLC,Experian
CA ,FACTUAL DATA,TransUnion
CA ,FACTUAL DATA,Equifax
CA ,FACTUAL DATA,Experian
CA ,BRCLYSBANKDE,TransUnion
CA ,LAND ROVER R,TransUnion
CA ,JPMCB AUTO,TransUnion
CA ,LAND ROVER REDWOOD C,Equifax
CA ,ALLY FINANCIAL,Equifax
CA ,700 CREDIT/LAND ROVER,Experian
CA ,ALLY FINANCIAL,Experian
CA ,KLARNA/WEBBANK,Experian
CA ,CREDCO,TransUnion
CA ,CREDCO,Equifax
CA ,CREDCO,Experian
CA ,CREDCO/CPC,Equifax
CA ,CREDCO/CARDINAL FINANC,Experian
CA ,FACTUAL DATA,TransUnion
CA ,FACTUAL DATA,Equifax
CA ,FACTUAL DATA,Experian
CA ,JPMCB AUTO,TransUnion
CA ,NCCINC/PUTNAM LEXUS,Experian
CA ,WFDS,Experian
CA ,EXPERIAN BUSINESS CRED,Experian
CA ,CAPITAL ONE,TransUnion
CA ,CAPITAL ONE BANK USA,Equifax
CA ,FIRST CITIZENS BANK,Equifax
CA ,BK OF AMER,Experian
CA ,CITI CARDS CBNA,Experian
CA ,US BANK,TransUnion
CA ,MB FIN SVCS,TransUnion
CA ,DOWNTOWN LA,TransUnion
CA ,TOWER FEDERA,TransUnion
CA ,WF PLL,Experian
CA ,CRTFD CRDTI,TransUnion
CA ,CERTIFIED CREDIT REP,Equifax
CA ,CAP ONE NA,Experian
CA ,CAPITAL ONE,TransUnion
CA ,CAPITAL ONE BANK USA,Equifax
CA ,US BANK DS WEST,Experian
CA ,ALLY FINANCIAL,Experian
CA ,ALLY FINANCIAL,Experian
CA ,BK OF AMER,Experian
CA ,JPMCB AUTO,TransUnion
CA ,TD AUTO FIN,TransUnion
CA ,"SHIFT TECHNOLOGIES, JPMCB CARD",Equifax
CA ,ONEMAIN FINANCIAL SERV,Experian
CA ,CAP ONE NA,Experian
CA ,ONEMAIN,Experian
CA ,CAPITAL ONE,TransUnion
CA ,TD BANK USA/TARGET C TD BANK USA/TARGET C,TransUnion
CA ,XACTUS-CIS/FAIRWAY IND,Equifax
CA ,CIS WEST,Equifax
CA ,XACTUS,Experian
CA ,CITIBANK NA,TransUnion
CA ,EXPERIAN BUSINESS CRED,Equifax
CA ,AMEXI,Equifax
CA ,CITIBANK NA,Experian
CA ,Bank Credit Cards,Experian
CA ,All Banks,Equifax
CA ,ELAN FINANCI,TransUnion
CA ,ELAN FINANCIAL SERVICE,Experian
CA ,PNC BANK,Experian
CA ,I FINANCI,TransUnion
CA ,CITICARDS CBNA,Experian
CA ,US BANK,TransUnion
CA ,CITICARDS CBNA,Experian
CA ,US BANK,TransUnion
CA ,DIGITAL FEDERAL CRED,Equifax
CA ,AMER AGCRDT,TransUnion
CA ,LIGHTSTRM,TransUnion
CA ,PUGET SOUND COOPERAT,Equifax
CA ,ELAN FINANCIAL SERVICE,Experian
CA ,JPMCB CARD,Experian
CA ,SYNCB,TransUnion
CA ,JPMCB CARD,Experian
CA ,COMENITY BANK/EXPRES,Equifax
CA ,PREMIERONE CU,Experian
CA ,SYNCB/TJX CO,Experian
CA ,SYNCB/TJX DC,TransUnion
CA ,"CITIBANK NA., BEST B ALLY FINANCIAL CAPITAL ONE 700/CAPITOL EXPRESSWAY ALLY FINANCIAL FORD CRED WFDS",Equifax
CA ,CAPITAL ONE AUTO FIN,Equifax
CA ,BK OF AMER,Equifax
CA ,COAF,Experian
CA ,COMENITY BANK/EXPRES,Experian
CA ,FUNDATION/ BANK OF THE WF CRD SVC,Experian
CA ,COMENITY BANK/ EXPRES,Experian
CA ,BK OF AMER,Experian
CA ,CAPITAL ONE,Experian
CA ,700/CAPITOL GMC BUICK,TransUnion
CA ,CAPITAL ONE AUTO FIN,Equifax
CA ,COAF,Experian
CA ,TD AUTO FIN JPMCB AUTO,Experian
CA ,BK OF AMER,Equifax
CA ,Banks and S&Ls,TransUnion
CA ,Auto Financing,Equifax
CA ,"Automobile Dealers, Used",Experian
CA ,Auto Financing Companies,Experian
CA ,"Finance, personal",TransUnion
CA ,ONEMAIN,Experian
CA ,ONEMAIN,Experian
CA ,ONEMAIN,TransUnion
CA ,"Finance, personal",TransUnion
CA ,Banks and S&Ls,TransUnion
CA ,All Banks - non specific,Experian
CA ,Bank Credit Cards,Experian
CA ,Banks and S&Ls,Experian
CA ,Credit Unions,Equifax
CA ,Finance other than personal,TransUnion
CA ,Credit Unions,Equifax
CA ,Credit Unions,Experian
CA ,Banks and S&Ls,TransUnion
CA ,Credit Unions,Equifax
CA ,Credit Unions,Experian
CA ,Credit Unions,Experian
CA ,Credit Unions,Experian
CA ,Credit Unions,Experian
CA ,Credit Unions,Experian
CA ,"Finance, personal",TransUnion
CA ,Automotive,TransUnion
CA ,"Finance, personal",TransUnion
CA ,Credit Unions,Experian
CA ,"Automobile Dealers, New",Experian
CA ,Banks and S&Ls,TransUnion
CA ,Credit Unions,Experian
CA ,All Banks - non specific,Experian
CA ,Credit Unions,Experian
CA ,Automotive,TransUnion
CA ,"Automobile Dealers, New",Equifax
CA ,"Automobile Dealers, Used",Experian
CA ,Finance Companies - non specific,Experian
CA ,Banks and S&Ls,TransUnion
CA ,All Banks,Equifax
CA ,Bank Credit Cards,Experian
CA ,Finance Companies - non specific,Experian
CA ,Bank Credit Cards,Experian
CA ,Bank Credit Cards,Experian
CA ,"Retail, Not Elsewhere Classified",Experian
CA ,Credit Unions,Equifax
CA ,Bank Credit Cards,Experian
CA ,All Banks,Equifax
CA ,Banks and S&Ls,TransUnion
CA ,Bank Credit Cards,Experian
CA ,Mortgage Companies,Experian
CA ,Miscellaneous Reptg. Agencies,Equifax
CA ,Finance other than personal,TransUnion
CA ,Bank Credit Cards,Experian
CA ,Bank Credit Cards,Experian
CA ,Bank Credit Cards,Experian
CA ,All Banks,Equifax
CA ,Bank Credit Cards,Experian
CA ,Automotive,TransUnion
CA ,"Automobile Dealers, New",Equifax
CA ,Auto Financing Companies,Experian
CA ,"Automobile Dealers, Used",Experian
CA ,Tenant Screeners (Resellert,Experian
CA ,Banks and Sals,TransUnion
CA ,All Banks,Equifax
CA ,Bank Credit Cards,Experian
CA ,Bank Credit Cards,Experian
CA ,Bank Credit Cards,Experian
CA ,"Finance, personal",TransUnion
CA ,Miscellancous Reptg. Agoncics,Equifax
CA ,Mortgage Reporters,Experian
CA ,Crodit Bureaus,Experian
CA ,Bank Credit Cards,Experian
CA ,"Finance, personal",TransUnion
CA ,Miscellancous Reptg. Agencies,Equifax
CA ,Mortgage Companies,Experian
CA ,Finance other than personal,TransUnion
CA ,Miscellancous Reptg. Agoncios,Equifax
CA ,Mortgage Reporters,Experian
CA ,"Finance, personal",TransUnion
CA ,Miscellancous and public record,TransUnion
CA ,Miscellancous Reptg. Agencios,Equifax
CA ,Mortgage Reporters,Experian
CA ,Banks and S&Ls,TransUnion
CA ,Miscellancous Reptg. Agencies,Equifax
CA ,Mortgage Reporters,Experian
CA ,Miscellancous and public record,TransUnion
CA ,Miscellancous Reptg. Agencios,Equifax
CA ,Mortgage Reporters,Experian
CA ,Banks and S&Ls,TransUnion
CA ,Automotive,TransUnion
CA ,Banks and S&Ls,TransUnion
CA ,"Automobile Dealers, New",Equifax
CA ,Auto Financing,Equifax
CA ,"Automobile Dealers, Used",Experian
CA ,Auto Financing Companies,Experian
CA ,Personal Loan Companies,Experian
CA ,"Finance, personal",TransUnion
CA ,Miscellancous Reptg. Agencies,Equifax
CA ,Mortgage Reporters,Experian
CA ,"Finance, personal.",TransUnion
CA ,"Finance, personal",TransUnion
CA ,Miscellancous Reptg. Agencies,Equifax
CA ,Mortgage Companies,Exporian
CA ,Miscellancous and public record,TransUnion
CA ,Miscellancous Reptg. Agencics,Equifax
CA ,Mortgage Reporters,Experian
CA ,Banks and SaLs,TransUnion
CA ,"Automobile Dealers, New",Experian
CA ,Auto Financing Companies,Experian
CA ,Personal Loans Companies,Equifax
CA ,Miscellaneous Reptg. Agencies,Equifax
CA ,Miscellaneous Reptg. Agencies,Equifax
CA ,Miscellaneous Reptg. Agencies,Equifax
CA ,Miscellaneous Reptg. Agencies,Equifax
CA ,Miscellaneous Reptg. Agencies,Equifax
CA ,Miscellaneous Reptg. Agencies,Equifax
CA ,Miscellaneous Reptg. Agencies,Equifax
CA ,Miscellaneous Reptg. Agencies,Equifax
CA ,Miscellaneous Reptg. Agencies,Equifax
CA ,Miscellaneous Reptg. Agencies,Equifax
CA ,Miscellaneous Reptg. Agencies,Equifax
CA ,Miscellaneous Reptg. Agencies,Equifax
CA ,Miscellaneous Reptg. Agencies,Equifax
CA ,Miscellaneous Reptg. Agencies,Equifax
CA ,Personal Loans Companies,Equifax
CA ,Mortgage Reporters,Experian
CA ,Miscellaneous Reptg. Agencies,Equifax
CA ,Miscellaneous and public record,TransUnion
CA ,Banks and S&Ls,TransUnion
CA ,Mortgage Companies,Experian
CA ,Miscellaneous Reptg. Agencies,Equifax
CA ,Finance other than personal,TransUnion
CA ,Government,TransUnion
CA ,Investment Firms,Experian
CA ,Mortgage Reporters,Experian
CA ,Miscellaneous Reptg. Agencies,Equifax
CA ,Finance other than personal,TransUnion
CA ,Banks and S&Ls,TransUnion
CA ,Contractors,TransUnion
CA ,Bank Credit Cards,Experian
CA ,Personal Loan Companies,Experian
CA ,Auto Financing,Equifax
CA ,"Finance, personal",TransUnion
CA ,Credit Unions,Experian
CA ,Banks and S&Ls,TransUnion
CA ,"Automobile Dealers, Used",Experian
CA ,Personal Loan Companies,Experian
CA ,Auto Financing,Equifax
CA ,"Finance, personal",TransUnion
CA ,All Banks,Equifax
CA ,Banks and S&Ls,TransUnion
CA ,Bank Credit Cards,Experian
CA ,All Banks,Equifax
CA ,Banks and S&Ls,TransUnion
CA ,All Banks - non specific,Experian
CA ,Mortgage Companies,Experian
CA ,Miscellaneous Reptg. Agencies,Equifax
CA ,Miscellaneous and public record,TransUnion
CA ,Banks and S&Ls,TransUnion
CA ,"Finance, personal",TransUnion
CA ,Tenant Screeners (Reseller),Experian
CA ,Finance other than personal,Experian
CA ,"Auto Dealers, Used",Experian
CA ,"Auto Dealers, New",TransUnion
CA ,Auto Financing,TransUnion
CA ,Credit Bureau Inquiries,Experian
CA ,,Equifax
CA ,Bank Credit Cards,Experian
CA ,Bank Credit Cards,TransUnion
CA ,Bank Credit Cards,TransUnion
CA ,,Equifax
CA ,Bank Credit Cards,Experian
CA ,Auto Loans,TransUnion
CA ,"Auto Dealers, New",TransUnion
CA ,Auto Financing,TransUnion
CA ,All Banks,Experian
CA ,Banks and S&Ls,TransUnion
CA ,Personal Loan Companies,Experian
CA ,Banks and S&Ls,TransUnion
CA ,Mortgage Reporters,Experian
CA ,Miscellaneous and public record,TransUnion
CA ,Miscellaneous Reptg. Agencies,Equifax
CA ,Mortgage Reporters,Experian
CA ,Miscellaneous and public record,TransUnion
CA ,Miscellaneous Reptg. Agencies,Equifax
CA ,Banks and S&Ls,TransUnion
CA ,National Credit Card Cos.,Equifax
CA ,All Banks - non specific,Experian
CA ,Bank Credit Cards,Experian
CA ,National Credit Card Cos.,Equifax
CA ,Bank Credit Cards,Experian
CA ,Banks and S&Ls,TransUnion
CA ,All Banks,Equifax
CA ,Banks and S&Ls,TransUnion
CA ,"Finance, personal",TransUnion
CA ,Personal Loan Companies,Experian
CA ,Mortgage Reporters,Experian
CA ,Miscellaneous and public record,TransUnion
CO-OP,,
CP,ONEMAIN,TransUnion
CP,ONEMAIN,Equifax
CP,CAP ONE NA,Experian
CP,CAPITAL ONE,TransUnion
CP,CAPITAL ONE BANK USA,Equifax
CP,CBNA/BBY,TransUnion
CP,BRCLYSBANKDE,TransUnion
CP,ADVANTAGE CREDIT INC,Experian
CP,ADVNTGE CRED,TransUnion
CP,"ADVANTAGE CREDIT,INC",Equifax
CP,ELAN FINANCIAL SERVICE,Experian
CP,JPMCB CARD,TransUnion
CP,ONEMAIN,Experian
CP,ENT CREDIT UNION,Experian
CP,JPMCB AUTO,TransUnion
CP,SCHOMP SUBAR,TransUnion
CP,COAF,TransUnion
CP,LIGHTSTREAM,TransUnion
CP,CREDCO,TransUnion
CP,PARTNERS CRE,TransUnion
CP,CREDCO,TransUnion
CP,LENDINGPOINT LLC,Experian
CP,ALLY FINANCI,TransUnion
CP,SCHOMP SUBAR,TransUnion
CP,SCHOMP SUBAR,TransUnion
CP,COAF,TransUnion
CP,JPMCB AUTO,TransUnion
CP,SOOPER CREDIT UNION,Experian
CONNECTICUT,,
CT,XACTUS UNIVERSALCIS,Equifax
CT,XACTUS,Experian
CT,XACTUS LLC,TransUnion
CT,BRCLYSBANKDE,TransUnion
CT,BK OF AMER,Experian
CT,TD AUTO FIN,TransUnion
CT,JPMCB AUTO,TransUnion
CT,XACTUS UNIVERSALCIS,Equifax
CT,XACTUS,Experian
CT,XACTUS LLC,TransUnion
CT,BK OF AMER,Experian
CT,UNITED BUS & IND FCU,Experian
CT,ALLY FINANCIAL,Experian
CT,CHRYSLER CAPITAL,Experian
CT,VLLY NAT BK,TransUnion
CT,ALLY FINANCI,TransUnion
CT,700 CREDIT/CROWLEY AUT,Experian
CT,BK OF AMER,Experian
CT,CROWLEY AUTO,TransUnion
CT,ALLY FINANCIAL,Experian
CT,CHRYSLER CAPITAL,Experian
CT,ALLY FINANCI,TransUnion
CT,TESLA FINANC,TransUnion
CT,EXPERIAN BUSINESS CRED,Experian
CT,EQUIFAX CANADA,Equifax
CT,TD RETAIL CARD SERVICE,Experian
CT,ALLY FINANCIAL,Experian
CT,ALLY FINANCI,TransUnion
CT,ALLY FINANCIAL,Experian
CT,CHRYSLER CAPITAL,Experian
CT,ALLY FINANCI,TransUnion
CT,XACTUS LLC,TransUnion
CT,FACTUAL DATA,Equifax
CT,FACTUAL DATA,TransUnion
CT,FACTUAL DATA,Experian
CT,CBNA,Equifax
CT,JPMCB CARD,Experian
CT,PENTAGON FCU-ALEXAND,Equifax
CT,MB FIN SVCS,TransUnion
CT,HAROLD ZAIGLER CHRYS,Equifax
CT,ALLY FINANCI,TransUnion
CT,ZEIGLER CHRY,TransUnion
CT,ALLY FINANCIAL,Experian
CT,700/ZEIGLER CHRY PLY D,Experian
CT,CHRYSLER CAPITAL,Experian
CT,CBNA/THD,Experian
CT,FACTUAL DATA,Equifax
CT,FACTUAL DATA,TransUnion
CT,FACTUAL DATA,Experian
CT,FACTUAL DATA,Equifax
CT,FACTUAL DATA,TransUnion
CT,HAROLD ZAIGLER CHRYS,Equifax
CT,ALLY FINANCI,TransUnion
CT,ZEIGLER CHRY,TransUnion
CT,ALLY FINANCIAL,Experian
CT,700/ZEIGLER CHRY PLY D,Experian
CT,FORD CREDI,Experian
CT,ALLY FINANCI,TransUnion
CT,ALLY FINANCIAL,Experian
CT,FORD CRED,Experian
CT,HAROLD ZAIGLER CHRYS,Equifax
CT,ZEIGLER CHRY,TransUnion
CT,700/ZEIGLER CHRY PLY D,Experian
CT,STEARNS BANK-ST CLOU,Equifax
CT,ALLY FINANCI,TransUnion
CT,ALLY FINANCIAL,Experian
CT,FORD CRED,Experian
CT,ALLY LENDING/FNI|,Experian
CT,HAROLD ZAIGLER CHRYS,Equifax
CT,ZEIGLER CHRY,TransUnion
CT,700/ZEIGLER CHRY PLY D,Experian
CT,BRCLYSBANKDE,TransUnion
CT,BRCLYSBANKDE,TransUnion
CT,GS BANK,TransUnion
CT,US SM BUS ADMIN ODA,Experian
DC,,
DC,JPMCB CARD,Experian
DC,JPMCB CARD,TransUnion
DC,DISCOVER FINANCIAL SER,Experian
DC,FEB/DESTINY,TransUnion
DC,CAPITALONE,Experian
DC,CAPITAL ONE,TransUnion
DC,EXPERIAN BUSINESS CRED,Experian
DC,FNB OMAHA,Experian
DC,ML/TAB BANK,TransUnion
DC,EXPERIAN BUSINESS CRED,Experian
DC,DISCOVER FINANCIAL SER,Experian
DC,MACYS/CBNA,Experian
DC,CREDIT ONE BANK NA,Experian
DC,EXPERIAN BUSINESS CRED,Experian
DC,CAPITAL ONE,TransUnion
DC,CAPITAL ONE,TransUnion
DC,EXPERIAN BUSINESS CRED,Experian
DC,CAP ONE NA,Experian
DC,DISCOVER FINANCIAL SER,Experian
DC,CAPITAL ONE,TransUnion
DC,CITIBANK NA/THD,Equifax
DC,CAPITAL ONE,TransUnion
DC,CAPITAL ONE BANK USA,Equifax
DC,CAP ONE NA,Experian
DC,WF CRD SVC,Equifax
DC,CITI CARDS CBNA,Experian
DC,AMERICAN EXP,TransUnion
DC,AMERICAN EXPRESS,Experian
DC,JPMCB - CARD SERVICE,Equifax
DC,JPMCB CARD,Experian
DC,AMEX,Experian
DC,TD BANK USA/TARGET C,Equifax
DC,CAPITAL ONE BANK USA,Equifax
DC,CAP ONE NA,Experian
DC,SYNCB/GOOGLE,Equifax
DC,SYNCB/GOOGLE,Experian
DC,JPMCB - CARD SERVICE,Equifax
DC,JPMCB CARD,Experian
DC,DISCOVER FINANCIAL SER,Experian
DELAWARE,,
DE ,NEWREZ LLC,TransUnion
DE ,UCS/NEWREZ LLC,Experian
DE ,XACTUS,Equifax
DE ,CIC CREDIT,TransUnion
DE ,CIC CREDIT,Experian
DE ,"CIC MORTGAGE CREDIT,",Equifax
DE ,NEWREZ LLC,TransUnion
DE ,UCS/NEWREZ LLC,Experian
DE ,BIRCHWOOD CR,TransUnion
DE ,BIRCHWOOD CREDIT SERV,Experian
DE ,BIRCHWOOD CREDIT SER,Equifax
DE ,JPMCB AUTO,TransUnion
DE ,PK AUTOMOTIV,TransUnion
DE ,ALLY FINANCIAL,Experian
DE ,ALLY FINANCIAL,Experian
DE ,PNC BANK,Experian
DE ,BK OF AMER,Experian
DE ,AMEX,TransUnion
DE ,AMEX,Experian
DE ,CREDCO,TransUnion
DE ,CREDCO,Experian
DE ,CREDCO,Equifax
DE ,CREDCO,TransUnion
DE ,CREDCO,Experian
DE ,CREDCO,Equifax
DE ,CREDCO,TransUnion
DE ,CREDCO,Experian
DE ,CREDCO,Equifax
DE ,MACYS/CBNA,Experian
DE ,AMERICAN HERITAGE FCU,Experian
DE ,FRANKLIN MINT FED CR U,Experian
DE ,DEXSTA FED CREDIT UN,Experian
DE ,UNIVEST BANK AND TRU,Equifax
DE ,JPMCB BB,Experian
DE ,XACTUS,Equifax
DE ,XACTUS - UCS,Experian
DE ,UNIVERSAL CR,TransUnion
DE ,XACTUS LLC,Equifax
DE ,SUCCESS MORT,TransUnion
DE ,ELAN FINANCI,TransUnion
DE ,MARINER FINANCE,Equifax
DE ,MARINER FINANCE,Equifax
DE ,TOYOTA MOTOR CREDIT CO,Experian
DE ,700 CREDIT/KOONS LEXUS,Experian
DE ,KEYBANK,Equifax
DE ,TOYOTA MOTOR CREDIT,Equifax
DE ,TOYOTA MOTOR CREDIT CO,Experian
DE ,KOONS LEXUS,TransUnion
DE ,CBNA/THD,TransUnion
DE ,AMEX,Experian
DE ,AMEX,TransUnion
DE ,THD/CBNA,Experian
DE ,MACYS/CBNA,Experian
DE ,COASTL/PROSP,TransUnion
DE ,WEBBANK/AVAN,TransUnion
DE ,CREDITONEBNK,TransUnion
DE ,CBNA,Equifax
DE ,CBNA,Equifax
DE ,JENIUS BANK,TransUnion
DE ,BK OF AMER,TransUnion
DE ,FRANKLIN MINT FED CR U,Experian
DE ,700 CREDIT/SHERIDAN NI,Experian
DE ,NISSAN MOTOR ACCEPTANC,Experian
DE ,‹ DAN NIS,TransUnion
DE ,CONICELLI TOYOTA OF,Equifax
DE ,NCCINC/CONICELLI TOYOT,Experian
DE ,"CITIBANK NA., BEST BUY",Experian
DE ,GM FINANCIAL,TransUnion
DE ,FULTON FIN C,TransUnion
DE ,TRUISTAUTO,TransUnion
DE ,GM FINANCIAL,TransUnion
DE ,FULTON FIN C,TransUnion
DE ,700 CREDIT/HESSERT CHE,Experian
DE ,HESSERT CHEV,TransUnion
DE ,EVOLVE BANK TRUST/DESE,Experian
DE ,US BANK,TransUnion
DE ,ELAN FINANCI,TransUnion
DE ,JPMCB CARD,Experian
DE ,JPMCB CARD,TransUnion
DE ,JPMCB CARD,TransUnion
DE ,SPECIAL FINANCING COMP,Experian
DE ,SYNCB/JC PENNEY,Experian
DE ,JPMCB CARD,TransUnion
DE ,TEACHERS CREDIT UNIO,Equifax
DE ,EXPERIAN BUSINESS CRED,Experian
DE ,KOHLS/CAPONE,Experian
DE ,EXPERIAN BUSINESS CRED,Experian
DE ,SYNCB/LOWE'S BRC,Equifax
DE ,SYNCB/TJX CO,Experian
DE ,SYNCB/TJX DC,TransUnion
DE ,PROSPERWEBBK,TransUnion
DE ,CAPITAL ONE BANK USA,Equifax
DE ,CAP ONE NA,Experian
DE ,DISCOVER FINANCIAL SER,Experian
DE ,CAPITAL ONE,TransUnion
DE ,AMEX,Experian
DE ,GS BANK,TransUnion
FLORIDA,,
FL ,TRUIST BANK,Equifax
FL ,TRUIST BANK,Equifax
FL ,NORTHWEST FCU,Equifax
FL ,VLLY NAT BK,TransUnion
FL ,TRUIST DEALER SERVIC,Equifax
FL ,JPMCB AUTO,Experian
FL ,PNC BANK,Experian
FL ,TD AUTO FIN,TransUnion
FL ,KIA FINANCE AMERICA,Equifax
FL ,ALLY FINANCIAL,Equifax
FL ,LIGHTHOUSE POINT AUT,Equifax
FL ,HYUNDAI CAPITAL AMERIC,Experian
FL ,ALLY FINANCIAL,Experian
FL ,SANTANDER CONSUMER USA,Experian
FL ,700 CREDIT/PHIL SMITH,Experian
FL ,PHIL SMITH K,TransUnion
FL ,NAVY FCU,TransUnion
FL ,NAVY FCU,TransUnion
FL ,CHEVRON FEDERAL CRED,Equifax
FL ,FEDCHOICEFCU,TransUnion
FL ,JPMCB CARD,TransUnion
FL ,JPMCB - CARD SERVICE,Equifax
FL ,JPMCB CARD,Experian
FL ,GS BANK,TransUnion
FL ,CREDCO,Experian
FL ,NMAC,Equifax
FL ,DISCOVER FINANCIAL SER,Experian
FL ,CBNA,Equifax
FL ,AMEX,
FL ,APPLE CARD/GS BANK USA,
FL ,AMERICAN EXPRESS,
FL ,APPLE CARD - GS BANK,
FL ,CAPs,
FL ,CAPITAL ONE,
FL ,CAPITAL ONE BANK USA,
FL ,DISCOVER BANK,
FL ,JPMCB CARD,
FL ,JPMCB - CARD SERVICE,
FL ,TRUIST BANK,
FL ,RESIDENT VERIFY,Experian
FL ,PENTAGON FCU-ALEXAND,Equifax
FL ,SYNCB,TransUnion
FL ,SOFI BANK/TBOM,Experian
FL ,"CITIBANK NA., BEST BUY",Experian
FL ,LC BANK,TransUnion
FL ,CADITAL ONE,TransUnion
FL ,TAL ONE BANK USA,Equifax
FL ,CAP ONE NA,Experian
FL ,EXPERIAN BUSINESS CRED,Experian
FL ,LC BANK,TransUnion
FL ,FACTUAL DATA,TransUnion
FL ,FACTUAL DATA,Equifax
FL ,FACTUAL DATA,Experian
FL ,FACTUAL DATA,TransUnion
FL ,FACTUAL DATA,Equifax
FL ,FACTUAL DATA,Experian
FL ,"CARD ASSETS, A DIVIS",Equifax
FL ,SYNCB,TransUnion
FL ,CAPITAL ONE,TransUnion
FL ,,Experian
FL ,CAP ONE NA,Experian
FL ,JPMCB CARD,Experian
FL ,CAPITAL ONE BANK USA,Equifax
FL ,NAPLES NISSA,TransUnion
FL ,700CR/NAPLES NISSAN DT,Experian
FL ,JPMCB CARD,Experian
FL ,SUNCOAST CREDIT UNION,Experian
FL ,CREDCO,Experian
FL ,TRUIST BANK,Equifax
FL ,AMEX,Experian
FL ,HIL FINANCIA,TransUnion
FL ,RUSS DARROW,TransUnion
FL ,ABC LEASING AND FINA,Equifax
FL ,BK OF AMER,TransUnion
FL ,GS BANK,TransUnion
FL ,CBNA,Equifax
FL ,FIFTH THIRD,TransUnion
FL ,TD AUTO FIN,TransUnion
FL ,LORENZO FORD,TransUnion
FL ,LORENZO ENTERPRISES,Equifax
FL ,ALLY FINANCIAL,Equifax
FL ,CBNA,Equifax
FL ,BK OF AMER,TransUnion
FL ,JPMCB CARD,Experian
FL ,NAVY FCU,TransUnion
FL ,SYNCB,TransUnion
FL ,WFB BD CRE,Experian
FL ,ONEMAIN,TransUnion
FL ,"MAIN FINANCIAL SERV
 く",Experian
FL ,FAX MORTGAGE SER,Equifax
FL ,NAVY FCU,TransUnion
FL ,EQUIFAX MORTGAGE SOLUT,Experian
FL ,SERVICE FIN,TransUnion
FL ,SERVICE FIN,TransUnion
FL ,COMENITYCAPITAL/FLRDEC,Experian
FL ,THD/CBNA,Equifax
FL ,GREENSKY/THD LOAN SRVC,Experian
FL ,NAVY FCU,TransUnion
FL ,"CREDIT TECHNOLOGIES,",Equifax
FL ,CREDIT TECH,TransUnion
FL ,CREDIT TECHNOLOGIES IN,Experian
FL ,NAVY FCU,TransUnion
FL ,CAPITAL ONE BANK USA,Equifax
FL ,CAPITAL ONE,TransUnion
FL ,CAP ONE NA,Experian
FL ,ONEMAIN FINANCIAL OF,Equifax
FL ,ONEMAIN,TransUnion
FL ,CREDIT ONE BANK NA,Experian
FL ,DISCOVER FINANCIAL SER,Experian
FL ,CITI CARDS CBNA,Experian
FL ,TRUIST BANK,Equifax
FL ,BECU,TransUnion
FL ,CITI CARDS CBNA,Experian
FL ,CITIZENS BANK,Equifax
FL ,CAPITAL ONE,TransUnion
FL ,CAPITAL ONE BANK USA,Equifax
FL ,CAP ONE NA,Experian
FL ,TRUIST BANK,Equifax
FL ,CAP1/SAKS,TransUnion
FL ,CAP1/SAKS FIFTH AVEN,Equifax
FL ,CAP1/SAKS,Experian
FL ,BECU,TransUnion
FL ,TBOM/FORTIVA,TransUnion
FL ,BRCLYSBANKDE,TransUnion
FL ,BRCLYSBANKDE,TransUnion
FL ,SOFI BANK NA,Experian
FL ,BECU,TransUnion
FL ,AMEX,TransUnion
FL ,AMEX,Experian
FL ,DISCOVER FINANCIAL SER,Experian
FL ,CAPITAL ONE,TransUnion
FL ,CAPITAL ONE BANK USA,Equifax
FL ,CAP ONE NA,Experian
FL ,CREDITONEBNK,TransUnion
GEORGIA,,
GA,AMEX,Experian
GA,CITI CARDS CBNA,Experian
GA,CBNA,Equifax
GA,US FEDERAL CREDIT U,Equifax
GA,LANIER FEDERAL CREDI,Equifax
GA,LANIER FEDERAL CREDI,Equifax
GA,21ST MORTGAGE,Equifax
GA,EQUIFAX MORTGAGE SER,Equifax
GA,REGION MORTG,TransUnion
GA,21ST MORTGAGE,Equifax
GA,INFORMATIVE RESEARCH,Equifax
GA,NEW AMERICAN,TransUnion
GA,WELLS FARGO DEALER S,Equifax
GA,TRUIST DEALER SERVIC,Equifax
GA,JIM HARDMAN BUICK GM,Equifax
GA,ALLY FINANCIAL,Equifax
GA,LANIER FEDERAL CREDI,Equifax
GA,"XACTUS, LLC",Equifax
GA,EVERETT FINA,TransUnion
GA,FACTUAL DATA,Equifax
GA,FAIRWAY INDE,TransUnion
GA,AMEX,Experian
GA,JPMCB CARD,TransUnion
GA,BK OF AMERI,TransUnion
GA,DAKOTA FIN,TransUnion
GA,CAPITAL ONE,TransUnion
GA,CAPITAL ONE BANK USA,Equifax
GA,CAPITAL ONE BANK USA,Equifax
GA,BK OF AMER,TransUnion
GA,"CITIBANK NA,WAYMC",Equifax
GA,CAPITAL ONE|,TransUnion
GA,CAPITAL ONE BANK USA,Equifax
GA,CONTINENTAL FINANCE/CE,Experian
GA,CONTINENTAL FINANCE/TB,Experian
GA,SYNV/VERV FD,TransUnion
GA,CITIBANK NA.WAYMC,Equifax
GA,FFAM DBA ACHIEVE/CRB,Experian
GA,MISSION LANE,TransUnion
GA,POWERPAY,TransUnion
GA,BK OF AMER,Experian
GA,SALAL CU,Experian
GA,AQUA FINANCE,TransUnion
GA,SERVICE FIN,TransUnion
GA,FOUNDATION F,TransUnion
GA,VERVENT/1ST DIGI CRD/S,Experian
GA,CAPITAL ONE BANK USA,Equifax
GA,"CITIBANK NA,WAYMC",Equifax
GA,TRACSUPLY/CBNA,Equifax
GA,MARINER FINANCE,Equifax
GA,AQUA FINANCE,TransUnion
GA,MERCHANTS CB,TransUnion
GA,GREENSKY INSTALLMENT,Experian
GA,ASMC SERVICING LTD,Experian
GA,FOUNDATION F,TransUnion
GA,SERVICE FIN,TransUnion
GA,TRACSUPLY/CBNA,Equifax
GA,SAFE STEP WALK-IN TU,Equifax
GA,AQUA FINANCE,TransUnion
GA,GREENSKY INSTALLMENT,Experian
GA,LENDMARK FINANCIAL S,Equifax
GA,BK OF AMER,TransUnion
GA,AMERIMARK PREMIER,Equifax
GA,XACTUS-CP/NATIONS LEND,Experian
GA,NATIONS LEND,TransUnion
GA,XACTUS,Equifax
GA,SYNCB,TransUnion
GA,TBOM/MILESTO,TransUnion
GA,BRCLYSBANKDE,TransUnion
GA,PETAL CARD/WEBBANK,Experian
GA,ONEMAIN,TransUnion
GA,ONEMAIN,Equifax
GA,SOUTH ATLANTA MOTORS,Equifax
GA,PENTAGON FCU-ALEXAND,Equifax
GA,JPMCB AUTO,TransUnion
GA,THD/CBNA,Equifax
GA,TD AUTO FIN,TransUnion
GA,TEAM HONDA,TransUnion
GA,AN HONDA THORNTON RD,Equifax
GA,ALLY FINANCIAL,Equifax
GA,CRTFD CRDT,TransUnion
GA,CERTIFIED CREDIT REP,Equifax
GA,FIRST HORIZON BANK,Equifax
GA,TRUIST BANK,Equifax
GA,TRUIST BANK,Equifax
GA,TRUIST BANK,Equifax
GA,CRSLLC,TransUnion
GA,CREDIT REPORTING SER,Equifax
GA,PENTAGON FEDERAL CR UN,Experian
GA,SYNCB/PAYPAL,TransUnion
GA,ELAN FINANCI,TransUnion
GA,FEB/DESTINY,TransUnion
GA,MARINER FINANCE,Equifax
GA,SYNCB/LOWES,TransUnion
GA,SYNCB/LOWESC,TransUnion
GA,BK OF AMER,TransUnion
GA,BK OF AMER,TransUnion
GA,ALLY FINANCIAL,Equifax
GA,KIA FINANCE AMERICA,Equifax
GA,LENTEGRITY LLC,Equifax
GA,ASSOCIATED CREDIT UN,Equifax
GA,ALLY FINANCIAL,Equifax
GA,CAPITAL ONE,Equifax
GA,US BANK DS SOUTHEAST,Equifax
GA,COAF,TransUnion
GA,TD AUTO FIN,TransUnion
GA,WESTLAKE SERVICE INC,Equifax
GA,WELLS FARGO AUTO,Equifax
GA,ALLY FINANCIAL,Equifax
GA,TD AUTO FIN,TransUnion
GA,CULS/CINCH,TransUnion
GA,JPMCB CARD,Experian
GA,EQUIFAX MORTGAGE SER,Equifax
GA,VETERANS UNI,TransUnion
GA,EQUIFAX MORTGAGE SERI,Equifax
GA,VETERANS UNI,TransUnion
GA,FACTUAL DATA,Equifax
GA,FACTUAL DATA,TransUnion
GA,FACTUAL DATA,Equifax
GA,FACTUAL DATA,TransUnion
GA,FACTUAL DATA,Equifax
GA,FACTUAL DATA,TransUnion
GA,FACTUAL DATA,Equifax
GA,FACTUAL DATA,TransUnion
GA,EQUIFAX MORTGAGE SER,Equifax
GA,VETERANS UNI,TransUnion
GA,TRUIST BANK,Equifax
GA,AMEX,TransUnion
GA,AMEX,Experian
GA,DISCOVER FINANCIAL SER,Experian
GA,GRIECO CHEVR,TransUnion
GA,BMO BANK NA,TransUnion
GA,COAF,TransUnion
GA,EXETER FINANCE LLC/WCG,Experian
GA,700/GRIECO CHEVROLET O,Experian
GA,ALLY FINANCIAL,Experian
GA,GLOBAL LENDING SERVICE,Experian
GA,JPMCB AUTO,Experian
GA,SANTANDER CONSUMER USA,Experian
GA,CAPITAL ONE AUTO FIN,Experian
GA,WELLS FARGO AUTO,Equifax
GA,GLOBAL LENDING SERVI,Equifax
GA,ALLY FINANCIAL,Equifax
GA,CAPITAL ONE,Equifax
GA,GM FINANCIAL,Equifax
GA,GRIECO CHEVROLET OF,Equifax
GA,DELRAY HONDA,TransUnion
GA,700/DELRAY HONDA,Experian
GA,AMERICAN HONDA FINAN,Equifax
GA,"FLTVT, LLC",Equifax
GA,CAPITAL ONE,TransUnion
GA,CAP ONE NA,Experian
GA,CAPITAL ONE BANK USA,Equifax
GA,BK OF AMER,TransUnion
GA,COMENITYCAPITAL/IKEAVC,Experian
GA,LENDMARK FINANCIAL S,Equifax
GA,NAVY FCU,TransUnion
GA,LENDMARK FINANCIAL S,Equifax
GA,TD AUTO FIN,TransUnion
GA,CULS/CINCH,TransUnion
GA,ALLY FINANCIAL,Experian
GA,PNC BANK,Experian
GA,700CR/RICK HENDRICK CH,Experian
GA,WELLS FARGO DEALER S,Equifax
GA,ALLY FINANCIAL,Equifax
GA,RICK HENDRICK CHRYSL,Equifax
GA,MICROBILT,Experian
GA,WF PLL,Experian
GA,AMEX,Experian
GA,ALLY FINANCI,TranaUnion
GA,TD AUTO FIN,TrangUnion
GA,VYSTARCU,TrangUnion
GA,ALLY FINANCIAL,Experian
GA,GROW FINANCIAL FCU,Experian
GA,MIDFLORIDA CREDIT UNIO,Experian
GA,LAKE CITY F AUTOMOTI,Equifax
GA,WELLS FARGO AUTO,Equifax
GA,CAMPUS USA CREDIT UN,Equifax
GA,GTE FINANCIAL,Equifax
GA,FLORIDA CREDIT UNION,Equifax
GA,NORTHWEST FCU|,Equilax
GA,COAF|,TransUnion
GA,CU DUR FIN,TransUnion
GA,ALBANY MOTOR,TransUnion
GA,ROBINS FINANCIAL CREDI,Experian
GA,CAPITAL ONE AUTO FIN,Experian
GA,CHRYSLER CAPITAL,Experian
GA,ALBANY CHRYSLER DODGE,Experian
GA,"ALBANY MOTORS, LLC",Equifax
GA,CAPITAL ONE,Equifax
GA,TD AUTO FIN,TrangUnion
GA,NORTHWEST BN,TrangUnion
GA,CREDCO,Experian
GA,PNC BANK,Experian
GA,NCCINC/JACKY JONES CHR,Experian
GA,JACKY JONES AUTOMOTI,Equifax
GA,CREDCO|,Equifax
GA,FIRST CITIZENS BANK,Equifax
GA,CREDCO|,TransUnion
GA,CREDCO,Experian
GA,CREDCO|,Equifax
GA,GA POWER VLDS FED CR,Equifax
GA,NAVY FCU,TransUnion
GA,WF CRO SVC|,Equifax
GA,MEDALLION BANK,Experian
GA,SYNCB/LOWESC,TrangUnion
GA,EXPERIAN BUSINESS CRED,Exocrian
GA,CREDCO,TrangUnion
GA,CREDCO|,Experian
GA,CREDCO,Equifax
GA,AMERICAN EXPRESS KABBA,Experian
GA,VALDOSTA NIS,TranáUnion
GA,700 CREDIT/VALDOSTA NI,Experian
GA,TKO PERIMETER LLC,Equifax
GA,COAF |,TrangUnion
GA,EXETER FINANCE LLC./WCG,Experian
GA,CARMAX,Experian
GA,CAPITAL ONE AUTO FIN,Experian
GA,CAPITAL ONE,Equifax
GA,SYNCB/SAMS|,TrangUnion
GA,JENIUS BANK,TransUnion
GA,AIN,Experian
GA,MAIN,TransUnion
GA,REPRISE FINANCIAL/WEBB,Experian
GA,BK OF AMER,TransUnion
GA,WF CRD SVC,Equifax
GA,JPMCB CARD,Experian
GA,JPMCB CARD,TransUnion
GA,CREDIT ONE BANK NA,Experian
GA,WEBBANK/AVAN,TransUnion
GA,ELECTIVE GROUP USA INC,Experian
GA,FINMKT INC.,TransUnion
GA,USALLIANCE FCU FKA MEF,Experian
GA,LIGHTSTREAM,TransUnion
GA,CIC CREDIT,TransUnion
GA,CIC CREDIT,Experian
GA,XACTUS-CP,Experian
GA,CREDIT PLUS,TransUnion
GA,XACTUS-CP,Experian
GA,XACTUS,Equifax
GA,DISCOVER BAN,TransUnion
GA,DISCOVER FINANCIAL SER,Experian
GA,DISCOVER HOME LOANS,Equifax
GA,FIRST CITIZENS BANK AN,Experian
GA,EXPERIAN BUSINESS CRED,Experian
GA,SYNCB/JCP,TransUnion
GA,DISCOVER BANK,Equifax
GA,CFNA,TransUnion
GA,BK OF AMER,TransUnion
GA,CREDIT PLUS,TransUnion
GA,XACTUS-CP/EMM LOANS LL,Experian
GA,"XACTUS, LLC",Equifax
GA,FACTUAL DATA,TrangUnion
GA,FACTUAL DATA,Experian
GA,FACTUAL DATA,Equifax
GA,FIRST FLIGHT FCU,Equifax
GA,NAVY FCU,TrangUnion
GA,FAIR WAY LEN,TransUnion
GA,CREDCO|,TransUnion
GA,CIC MTG/FAIR WAY LENDI,Experian
GA,CREDCO/CARDINAL FINANC,Experian
GA,CREDCO/CFC|,Equifax
GA,"CIC MORTGAGE CREDIT,",Equifax
GA,EQUIFAX MORTGAGE SER,Equifax
GA,SYNCB/SAMS,TrangUnion
GA,CPI SECURITY SYSTEMS,Equifax
GA,"PENTAGON FCU-ALEXAND
 SYNCB","Equifax
 TransUnion"
GA,,
GA,NAVY FCU,TransUnion
GA,EQUIFAX MTG,TrangUnion
GA,EQUIFAX/EMS NAVY FEDER,Experian
GA,EQUIFAX MORTGAGE SER,Equifax
GA,NAVY FCU,TrangUnion
GA,VETERANS UNI,TransUnion
GA,EMS/VETERANS UNITED HO,Experian
GA,EQUIFAX MORTGAGE SER,Equifax
GA,CIC CREDIT CIC CREDIT,"TransUnion
 Experian"
GA,"CIC MORTGAGE CREDIT,",Equilax
GA,,
GA,CIC CREDIT,TransUnion
GA,"CIC CREDIT
 CIC MORTGAGE CREDIT.","Experian
 Equitax"
GA,,
GA,CIC CREDIT,TransUnion
GA,CIC CREDIT,Experian
GA,"CIC MORTGAGE CREDIT, CREDCO","Equifax
 TransUnion"
GA,,
GA,CORELOGIC CREDIT SOLUT,Experian
GA,"CREDCO
 FREEDOM MORT","Equifax
 TransUnion"
GA,IR/FREEDOM MORTGAGE CO,Experian
GA,,
GA,INFORMATIVE RESEARCH,Equifax
GA,"INFORMATIVE
 INFORMATIVE RESEARCH I","TransUnion
 Experian"
GA,INFORMATIVE RESEARCH,Equifax
GA,,
GA,"EQUIFAX MORT
 EQUIFAX MORTGAGE SOLUT",TransUnion
GA,EQUIFAX MORTGAGE SER,"Experian
 Equifax"
GA,EQUIFAX MORT,TrangUnion
GA,EQUIFAX MORTGAGE SOLUT,Experian
GA,EQUIFAX MORTGAGE SER,
GA,EQUIFAX MORT,"Equifax
 TransUnion"
GA,EQUIFAX MORTGAGE SOLUT,Experian
GA,,
GA,"EQUIFAX MORTGAGE SER
 EQUIFAX MORTGAGE SOLUT","Equifax
 Experian"
GA,CREDIT PLUS,TransUnion
GA,XACTUS-CP/LAND HOME FI,Experian
GA,"XACTUS, LLC",Equifax
GA,BANK OF ENGL,TransUnion
GA,PARTNERS/BANK OF ENGLA,Experian
GA,PARTNERS CREDIT & VE,Equifax
GA,CIC CREDIT,TransUnion
GA,CIC CREDIT,Experian
GA,CIC CREDIT,Equifax
GA,CREDCO,TransUnion
GA,CREDCO,Experian
GA,CREDCO,Equifax
GA,VISIO FINANC,TransUnion
GA,XACTUS-CP/VISIO FINANC,Experian
GA,XACTUS,Equifax
GA,CIC CREDIT,TransUnion
GA,CIC CREDIT,Experian
GA,"CIC MORTGAGE CREDIT,",Equifax
GA,CREDIT PLUS,TransUnion
GA,XACTUS-CP,Experian
GA,XACTUS,Equifax
GA,BK OF AMER,TransUnion
GA,JPMCB CARD,Experian
GA,JPMCB - CARD SERVICE,Equifax
GA,CIC CREDIT,TransUnion
GA,CIC CREDIT,Experian
GA,CIC CREDIT,Equifax
GA,ROCKLOANS MARKETPLAC,Equifax
GA,CREDCO,TransUnion
GA,CREDCO/ROCKET MORTGAGE,Experian
GA,CREDCO,Equifax
GA,CRB/BEST EGG,TransUnion
GA,SOFI BANK NA,Experian
GA,PENTAGON FEDERAL CR UN,Experian
GA,CREDIT PLUS,TransUnion
GA,XACTUS LLC,TransUnion
GA,XACTUS AVANTUS,Experian
GA,XACTUS-CP|,Experian
GA,XACTUS,Equifax
GA,"XACTUS, LLC",Equifax
GA,MYGEORGIA CREDIT UNI,Equifax
GA,LC BANK,TransUnion
GA,FIRST HERITA,TransUnion
GA,XACTUS-AVANTUS/FIRST H,Experian
GA,XACTUS,Equifax
GA,PINNACLE BANK,Equifax
GA,CREDCO,TransUnion
GA,UNITED COMMUNITY BAN,Equifax
GA,WF BANK NA,TransUnion
GA,MORGAN CONCRETE CO I,Equifax
GA,PINNACLE BANK,Equifax
GA,THOMAS CONCRETE OF G,Equifax
GA,SYNCB/LOWE'S BRC,Equifax
GA,SYNCB,TransUnion|
GA,SYNCB/LOWES,TransUnion
GA,EXPERIAN BUSINESS CRED,Experian
GA,PINNACLE BANK,Equifax
GA,ELAN FINANCIAL SERVI,Equifax
GA,JPMCB - CARD SERVICE,Equifax
GA,NORTHWEST BN,TransUnion
GA,TRUISTAUTO,TransUnion
GA,JPMCB - AUTO FINANCE,Equifax
GA,GREENE FORD COMPANY,Equifax
GA,WELLS FARGO DEALER S,Equifax
GA,SYNCB/BELK,TransUnion
GA,AGCO FINANCE,TransUnion
GA,DEERE CR SVC,TransUnion
GA,UNITED COMMUNITY BAN,Equifax
GA,CAPITAL ONE,TransUnion
GA,CAP ONE NA,Experian
GA,DISCOVER FINANCIAL SER,Experian
GA,CAPITAL ONE BANK USA,Equifax
GA,CREDIT PLUS,TransUnion
GA,"XACTUS, LLC",Equifax
GA,HOMESTAR FIN,TransUnion|
GA,XACTUS,Equifax
GA,UNITED COMMUNITY BAN,Equifax
GA,FIRST CITIZENS BANK,Equifax
GA,RIAN BUSINESS CRED,Experian
GA,"VANTAGE CREDIT,INC",Equifax
GA,ADV CREDIT,TransUnion
GA,ADVANTAGE CREDIT INC,Experian
GA,FIRST CITIZENS BANK,Equifax
GA,EXPERIAN BUSINESS CRED,Experian
GA,"ADVANTAGE CREDIT,INC",Equifax
GA,ADV CREDIT,TransUnion
GA,ADVANTAGE CREDIT INC,Experian
GA,EQUIFAX MTG,TransUnion
GA,EQUIFAX MORTGAGE SERVI,Experian
GA,EQUIFAX MORTGAGE SER,Equifax
GA,ESB/HARLEY,TransUnion
GA,HARLEY DAVIDSON CR,Experian
GA,JiMCB CARD,TransUnion
GA,JPMCB CARD,Experian
GA,MORRIS BANK,Equifax
GA,COLUMBUS BANK & TRUS,Equifax
GA,AMEX,Experian
GA,SYNCB/BELK,TransUnion
GA,SYNCB/BELK,Experian
GA,GS BANK,TransUnion
GA,CREDCO,Experian
GA,COLUMBUS BANK & TRUS,Equifax
GA,JPMCB CARD,Experian
GA,JPMCB CARD,Experian
GA,"<
 RIAN BUSINESS CRED",Experian
GA,FIRST CITIZENS BANK,Equifax
GA,ADVANTAGE CREDIT INC,Experian
GA,"ADVANTAGE CREDIT, INC",Equifax
GA,ADV CREDIT,TransUnion
GA,WF CRD SVC,Experian
GA,ADVANTAGE CREDIT INC,Experian
GA,"ADVANTAGE CREDIT,INC",Equifax
GA,ADV CREDIT,TransUnion
GA,JPMCB - CARD SERVICE,Equifax
GA,VLLY NAT BK,TransUnion
GA,M&T BANK IND,TransUnion
GA,FORD MOTOR CREDIT CORP,Experian
GA,CAPITAL ONE AUTO FIN,Experian
GA,NCCINC./MILTON RUBEN CH,Experian
GA,ONEMAIN,TransUnion
GA,ONEMAIN,Exporian
GA,JPMCB - CARD SERVICE,Equifax
GA,JPMCB CARD,Experian
GA,WAYMC/CBNA,Experian
GA,ONEMAIN,TransUnion
GA,ONEMAIN,Experian
GA,ONEMAIN,TransUnion
GA,ONEMAIN,Equifax
GA,SYNCB/CC,TransUnion
GA,SYNCB/CC,Experian
GA,CREDIT ONE BANK NA,Experian
GA,SYNCB,Experian
GA,MCB,TransUnion
GA,MERCHANTS CREDIT BUR,Equifax
GA,SAP FEDERAL CREDIT UNI,Experian
GA,MERCHANTS CREDIT BUREA,Experian
GA,MERCHANTS CREDIT BUREA,Experian
GA,NAVY FCU|,TransUnion
GA,TAMPA BAY FEDERAL CU,Experian
GA,TBOM/GENESIS,TransUnion
GA,CRB/UPGRADE,TransUnion
GA,SYNCB,TransUnion
GA,ANGEL OAK HO,TransUnion
GA,XACTUS,Equifax
GA,XACTUS-CP/ANGEL OAK HO,Experian
GA,ONEMAIN,Experian
GA,TBOM./MILESTO,TransUnion
GA,SYNV/VERV FD,TransUnion
GA,WORLD ACCEPTANCE - G,Equifax
GA,FACTUAL DATA,TransUnion
GA,FACTUAL DATA,Equifax
GA,FACTUAL DATA,Experian
GA,EQUIFAX MTG,TransUnion
GA,EQUIFAX MORTGAGE SER,Equifax
GA,EMS/AMERISAVE MORTGAGE,Experian
GA,ONEMAIN,Experian
GA,MACYS/CBNA|,Experian
GA,TBOM./MILESTO,TransUnion
GA,FIRST INVST SVC/ FIRST,Experian
GA,FLAGSHIP CRE,TransUnion
GA,FIRST HELP F,TransUnion
GA,COAF,TransUnion
GA,FIRST HELP FINANCIAL,Equifax
GA,GM FINANCIAL,Equifax
GA,ASSOCIATED CREDIT UN,Equifax
GA,ALLY FINANCIAL,Equifax
GA,JPMCB - AUTO FINANCE,Equifax
GA,CAPITAL ONE,Equifax
GA,AMERICREDIT FINANCIA,Equifax
GA,EXETER FINANCE,Equilax
GA,TCL/FIRST HELP FINANCI,Experian
GA,CREDCO,TransUnion
GA,MILTON RUBEN,TransUnion
GA,COAF,TransUnion
GA,MILTON RUBEN MOTORS,Equitax
GA,WELLS FARGO DEALER S,Equifax
GA,CREDCO,Equifax
GA,GM FINANCIAL,Equifax
GA,ANDERSON BROTHERS BA,Equifax
GA,ALLY FINANCIAL,Equifax
GA,JPMCB - AUTO FINANCE,Equifax
GA,CAPITAL ONE,Equifax
GA,AMERICREDIT FINANCIA,Equifax
GA,CREDCO,Exporian
GA,ALLY FINANCIAL,Experian
GA,CHRYSLER CAPITAL,Experian
GA,MICROBILT,Experian
GA,MACYS/CBNA|,Experian
GA,CREDCO,TransUnion
GA,CORELOGIC CREDCO LLC,Equitax
GA,CREDCO|,Experian
GA,ONEMAIN,TransUnion
GA,ONEMAIN,Experian
GA,JPMCB CARD,TransUnion
GA,JPMCB CARD,Experian
GA,SYNCB/LOWES,TransUnion
GA,EQUIFAX MTG,TransUnion
GA,EQUIFAX MORTGAGE SER,Equitax
GA,DISCOVER BAN,TransUnion
GA,DISCOVER HOME LOANS,Equitax
GA,DISCOVER FINANCIAL SER,Experian
GA,EQUIFAX MTG,TransUnion
GA,EQUIFAX MORTGAGE SER,Equitax
GA,EMS./TRUIST BANK,Experian
GA,CAPITAL ONE,TransUnion
GA,JPMCB - CARD SERVICE,Equifax
GA,CAPITAL ONE BANK USA,Equifax
GA,JPMCB CARD,Experian
GA,CAP ONE NA,Experian
GA,WORLD ACCEPTANCE • G,Equitax
GA,CONN APPLIANCES INC/FI,Experian
GA,CONSUMERS CO,TransUnion
GA,EQUIFAX MTG,TransUnion
GA,EQUIFAX MORTGAGE SER,Equifax
GA,EQUIFAX MORTGAGE SOLUT,Experian
GA,CAPITAL ONE,TransUnion
GA,CAPITAL ONE BANK USA,Equifax
GA,CAP ONE NA,Experian
GA,EQUIFAX MTG,TransUnion
GA,EQUIFAX MORTGAGE SER,Equifax
GA,EQUIFAX MORTGAGE SERVI,Experian
GA,ONEMAIN,TransUnion
GA,ONEMAIN,Experian
GA,NEW AMERICAN,TransUnion
GA,FEB/DESTINY,TransUnion
GA,INFORMATIVE RESEARCH,Equifax
GA,IR/NEW AMERICAN FUNDIN,Experian
GA,CONSUMERS CO,TransUnion
GA,FLAGSHIP CRE,TransUnion
GA,AXOS BANK,Experian
GA,DISCOVER BAN,TransUnion
GA,DISCOVER HOME LOANS,Equifax
GA,DISCOVER FINANCIAL SER,Experian
GA,DISCOVER FINANCIAL SER,Experian
GA,JPMCB - CARD SERVICE,Equifax
GA,JPMCB CARDI,Experian
GA,JPMCB - CARD SERVICE,Equifax
GA,JPMCB CARD,Experian
GA,ONEMAIN,Experian
GA,WELLS FARGO DEALER S,Equifax
GA,JPMCB - AUTO FINANCE,Equifax
GA,NMAC,Equifax
GA,GWINNETT PLACE NISSA,Equifax
GA,ALLY FINANCIAL,Experian
GA,ALLY FINANCIAL,Experian
GA,700/GWINNETT PLACE NIS,Experian
GA,GWINNETT PLA,TransUnion
GA,GS BANK,TransUnion
GA,SPECIAL FINANCING COMP,Experian
GA,ONEMAIN,Experian
GA,ONEMAIN,TransUnion
GA,CAP ONE NA,Experian
GA,CAPITAL ONE BANK USA,Equifax
GA,CAPITAL ONE,TransUnion
GA,CITI CARDS CBNA,Experian
GA,DISCOVER FINANCIAL SER,Experian
GA,REGIONS BANK,TransUnion
GA,ALL IN CU,TransUnion
GA,NAVY FCU,TransUnion
GA,DIGITAL FEDERAL CRED,Equifax
GA,NAVY FCU,TransUnion
GA,DREAMSPRING,TransUnion
GA,MICROBILT,Experian
GA,AMEX,TransUnion
GA,AMEX,Experian
GA,BK OF AMER,Experian
GA,JPMCB CARD,Experian
GA,DISCOVER FINANCIAL SER,Experian
GA,TRUIST BANK,Equifax
GA,PENTAGON FCU-ALEXAND,Equifax
GA,ELAN FINANCIAL SERVI,Equifax
GA,CITIZENS TRUST BANK,Equifax
GA,RTS FINANCIAL SERVICES,Experian
GA,WF CRD SVC,Experian
GA,AMERICAN EXP,TransUnion
GA,AMERICAN EXPRESS,Experian
GA,DISCOVER FINANCIAL SER,Experian
GA,PENTAGON FCU-ALEXAND,Equifax
GA,PENTAGON FCU-ALEXAND,Equifax
GA,SECU CREDIT UNION,Equifax
GA,WF CRD SVC,Experian
GA,AMEX,TransUnion
GA,AMEX,Experian
GA,FNB OMAHA,Experian
GA,FNB OMAHA,Experian
GA,NAVY FCU,TransUnion
GA,SYNCB/OLD NA,TransUnion
GA,SYNCB/OLDNAVY,Experian
GA,KOHLS/CAPONE,TransUnion
GA,FNB OMAHA,Experian
GA,SYNCB,TransUnion
GA,NAVY FCU,TransUnion
GA,SYNCB/PAYPAL,TransUnion
GA,NAVY FCU,TransUnion
GA,CREDIT ONE BANK NA,Experian
GA,COMENITYCAPITAL/IKEAPC,Experian
GA,CAPITAL ONE BANK USA,Equifax
GA,CAPITAL ONE,TransUnion
GA,CAP ONE NA,Experian
GA,THD/CBNA,Equifax
GA,GS BANK,TransUnion
GA,US BANCORP,Equifax
GA,NAVY FCU,TransUnion
GA,CAPITAL ONE BANK USA,Equifax
GA,CAPITAL ONE,TransUnion
GA,CAP ONE NA,Experian
GA,CBNA,Equifax
GA,CBNA,TransUnion
GA,CITI CARDS CBNA,Experian
GA,DISCOVER FINANCIAL SER,Experian
GA,FINGERHUT/WEBBANK,Experian
GA,CAPITAL ONE,TransUnion
GA,BEAVER TOYOT,TransUnion
GA,700 CREDIT BEAVER TOYO,Experian
GA,SOUTHEAST TOYOTA FIN,Equifax
GA,"BEAVER MOTORS GA, LL",Equifax
GA,CULS/CINCH,TransUnion
GA,MALL OF GEOR,TransUnion
GA,UTO,TransUnion
GA,PIN,TransUnion
GA,ALL OF GEORGIA,Experian
GA,ALLY FINANCIAL,Experian
GA,ALLY FINANCIAL,Equifax
GA,US BANK DS SOUTHEAST,Equifax
GA,GEORGIA'S OWN CREDIT,Equifax
GA,MILTON MARTIN TOYOTA,Equifax
GA,SOUTHEAST TOYOTA FIN,Equifax
GA,"BEAVER MOTORS GA, LL",Equifax
GA,SYNCB/OLDNAVY,Experian
GA,TRUIST BANK,Equifax
GA,CARMAX AUTO FINANCE,Equifax
GA,ALLY FINANCIAL,Equifax
GA,CAPITAL ONE,Equifax
GA,COAF,TransUnion
GA,EXETER FINANCE LLC/WCG,Experian
GA,ALLY FINANCIAL,Experian
GA,AMERICAN CREDIT ACCEPT,Experian
GA,CAPITAL ONE AUTO FIN,Experian
GA,BK OF AMER,Experian
GA,BARKSDALE AUTOMOTIVE,Equifax
GA,WELLS FARGO DEALER S,Equifax
GA,GLOBAL LENDING SERVI,Equifax
GA,CAPITAL ONE,Equifax
GA,AMERICREDIT FINANCIA,Equifax
GA,COAF,TransUnion
GA,NCCINC/COURTESY CHRYSL,Experian
GA,EXETER FINANCE LLC/WCG,Experian
GA,CHRYSLER CAPITAL,Experian
GA,GLOBAL LENDING SERVICE,Experian
GA,CAPITAL ONE AUTO FIN,Experian
GA,SYNCB/SAMS,TransUnion
GA,SYNCB/SAMS CLUB,Experian
GA,FIRST PREMIER BANK,Equifax
GA,JPMCB CARD,Experian
GA,GS BANK,TransUnion
GA,JPMCB - CARD SERVICE,Equifax
GA,WESTLAKE SERVICE INC,Equifax
GA,METRO AUTO CREDIT,Equifax
GA,BK OF AMER,TransUnion
GA,TRUIST BANK,Equifax
GA,COAF,TransUnion
GA,SANTANDER,TransUnion
GA,TD AUTO FIN,TransUnion
GA,FIVESTARDODG,TransUnion
GA,COAF,TransUnion
GA,"CITIBANK NA., BEST B",Equifax
GA,COMENITYCAPITAL/ALPH,Equifax
GA,TRUIST BANK,Equifax
GA,CAPITAL ONE BANK USA,Equifax
GA,CAPITAL ONE,TransUnion
GA,CAP ONE NA,Experian
GA,TRUIST BANK,Equifax
GA,CREDIT ONE BANK NA,Experian
GA,SYNCB/SAMS,TransUnion
GA,SYNCB/SAMS CLUB,Experian
GA,CARMAX AUTO FINANCE,Equifax
GA,CAPITAL ONE,Equifax
GA,COAF,TransUnion
GA,SANTANDER CONSUMER USA,Experian
GA,UNITED AUTO CREDIT CO,Experian
GA,CAPITAL ONE AUTO FIN,Experian
GA,ML TAB BANK,TransUnion
GA,CB INDIGO,TransUnion
GA,CARVANA LLC,Experian
GA,BRCLYSBANKDE,TransUnion
GA,AMEX,Experian
GA,TBOM/MILESTO,TransUnion
GA,AMERICAN EXPRESS KABBA,Experian
GA,CAPITAL ONE BANK USA,Equifax
GA,CAPITAL ONE,TransUnion
GA,CAPITAL ONE BANK USA,Equifax
GA,CAPITAL ONE,TransUnion
GA,CAP ONE NA,Experian
GA,MACYS/CBNA,Experian
GA,SYNCB/OLD NA,TransUnion
GA,CREDCO,Equifax
GA,CREDCO,Experian
GA,CO,TransUnion
GA,GOFAX MORTGAGE SER,Equifax
GA,EQUIFAX MORTGAGE SOLUT,Experian
GA,NAVY FCU,TransUnion
GA,NAVY FEDERAL CR UNION,Experian
GA,NAVY FCU,TransUnion
GA,AQUA FINANCE,TransUnion
GA,CORELOGIC CREDCO LLC,Equifax
GA,CREDCO,Experian
GA,CREDCO,TransUnion
HAWAII,,
HI,CAPITAL ONE,TransUnion
HI,CAPITAL ONE BANK USA,Equifax
HI,CAP ONE NA,Experian
HI,COLLIERS INTL HI LLC,Experian
HI,CAPITAL ONE,TransUnion
HI,CAPITAL ONE BANK USA,Equifax
HI,CAP ONE NA,Experian
HI,KOOLAU FCU FKA WCFCU,Experian
HI,AMEX,Experian
HI,HAWAIIUSA FC,TransUnion
HI,NAVY FCU,TransUnion
HI,NAVY FCU,TransUnion
HI,AMEX,Experian
HI,CAP ONE NA,Experian
HI,CAPITAL ONE BANK USA,Equifax
HI,CAPITAL ONE,TransUnion
HI,,Experian
HI,LLAN FINANCI,TransUnion
HI,AMEX,Experian
HI,BANK OF HAWAII,Equifax
HI,AAFES,Experian
HI,NAVY FCU,TransUnion
HI,WF PLL,Experian
HI,DISCOVER FINANCIAL SER,Experian
HI,WELLS FARGO-PL&L,Equifax
HI,WF PLL,TransUnion
HI,JPMCB CARD,Experian
HI,JPMCB CARD,Experian
HI,JPMCB - CARD SERVICE,Equifax
HI,RADIANT CREDIT UNION,Equifax
HI,NAVY FCU,TransUnion
LOWA,,
IA,FACTUAL DATA,TransUnion
IA,FACTUAL DATA,Experian
IA,FACTUAL DATA,Equifax
IA,FACTUAL DATA,Equifax
IA,DISCOVER FINANCIAL SER,Experian
ILLOINOIS,,
IL ,XACTUS,Equifax
IL ,XACTUS-CP/LOAN FUNDER,Experian
IL ,LOAN FUNDER,TransUnion
IL ,CITIBANK NA. BEST B,Equifax
IL ,AMERICAN EAG,TransUnion
IL ,XACTUS,Equifax
IL ,XACTUS-CP,Experian
IL ,CREDIT PLUS,TransUnion
IL ,BMO HARRIS,TransUnion
IL ,JPMCB CARD,Experian
IL ,JPMCB CARD,TransUnion
IL ,XACTUS,Equifax
IL ,LOAN FUNDER,TransUnion
IL ,CIC CREDIT,Equifax
IL ,CIC CREDIT,TransUnion
IL ,CAPITAL ONE,TransUnion
IL ,TAL ONE BANK USA,Equifax
IL ,CAP ONE NA,Experian
IL ,DISCOVER FINANCIAL SER,Experian
IL ,JPMCB CARD,TransUnion
IL ,JPMCB CARD,Experian
IL ,AMEX,Experian
IL ,AMEX,Experian
IL ,SELFRELIANCE,TransUnion
IL ,WE BANK NA,TransUnion
IL ,KOHLS/CAPONE,Experian
IL ,GS BANK GM,TransUnion
IL ,CBNA,Equifax
IL ,DISCOVER FINANCIAL SER,Experian
IL ,BRCLYSBANKDE,TransUnion
IL ,EYBLUEGREEN VACATION,Experian
IL ,,TransUnion
IL ,ALLY CARD,TransUnion
IL ,ALLY CREDIT CARD/CWS,Experian
IL ,BK OF AMER,Experian
IL ,THD/CBNA,Equifax
IL ,FACTUAL DATA,TransUnion
IL ,FACTUAL DATA,Equifax
IL ,FD/ROCKET MORTGAGE,Experian
IL ,BU/BLUEGREEN VACATION,Experian
IL ,CAP/MNRDS,TransUnion
IL ,CAP1/MENARDS,Equifax
IL ,CAP1/MNRDS,Experian
IL ,BK OF AMER,Experian
IL ,US BANK,TransUnion
IL ,ADVANTAGE CREDIT INC,Experian
IL ,"ADVANTAGE CREDIT,INC",Equifax
IL ,ADVNTGE CRED,TransUnion
IL ,DISCOVER FINANCIAL SER,Experian
IL ,AMEX,Experian
IL ,BK OF AMER,TransUnion
IL ,CAPITAL ONE,TransUnion
IL ,ADVANTAGE CREDIT INC,Experian
IL ,"DVANTAGE CREDIT,INC",Equifax
IL ,ACTUAL DATA,Equifax
IL ,FACTUAL DATA,TransUnion
IL ,ADVNTGE CRED,TransUnion
IL ,FACTUAL DATA,Experian
IL ,US SM BUS ADMIN ODA,Experian
IL ,CREDCO,Equifax
IL ,CREDCO,TransUnion
IL ,FACTUAL DATA,Experian
IL ,FACTUAL DATA,Equifax
IL ,FACTUAL DATA,TransUnion
IL ,WF CRD SVC,Experian
IL ,AMEX,Experian
IL ,AMEX,TransUnion
IL ,ONEMAIN,Experian
IL ,ONEMAIN,TransUnion
IL ,CB CARD,Experian
IL ,JPMCB CARD,TransUnion
IL ,"CITIBANK NA., BEST B",Equifax
IL ,CAP ONE NA,Experian
IL ,CAPITAL ONE BANK USA,Equifax
IL ,CAPITAL ONE,
IL ,DISCOVER FINANCIAL SER,Experian
IL ,CBNA|,Equifax
IL ,DISCOVER FINANCIAL SER,Experian
IL ,JPMCB CARD,TransUnion
IL ,JPMCB CARD,Experian
IL ,OFFICEDEPOT/CBNA,Equifax
IL ,COMENITYCAPITAL/NTB&,Equifax
IL ,CIC CREDIT,TransUnion
IL ,"CIC MORTGAGE CREDIT,",Equifax
IL ,CIC CREDIT,Experian
IL ,FACTUAL DATA,TransUnion
IL ,FACTUAL DATA,Equifax
IL ,FACTUAL DATA,Experian
IL ,FACTUAL DATA,TransUnion
IL ,FACTUAL DATA,Equifax
IL ,FACTUAL DATA,Experian
IL ,DISCOVER FINANCIAL SER,Experian
IL ,COMENITYCAPITAL/BLNL,Equifax
IL ,CREDCO,TransUnion
IL ,CREDCO,Equifax
IL ,CREDCO/ROCKET MORTGAGE,Experian
IL ,PATHWARD NA EQUIP,Experian
IL ,US SM BUS ADMIN ODA,Experian
IL ,COMENITYCAPITAL/BLNL,Equifax
IL ,FACTUAL DATA,TransUnion
IL ,FACTUAL DATA,Equifax
IL ,FACTUAL DATA,Experian
IL ,PHILLIPS CHE,TransUnion
IL ,TD AUTO FIN,TransUnion
IL ,GM FINANCIAL,TransUnion
IL ,ALLY FINANCI,TransUnion
IL ,BK OF AMER,TransUnion
IL ,TRUISTAUTO,TransUnion
IL ,ALLY FINANCIAL,Experian
IL ,BK OF AMER,Experian
IL ,JPMCB CARD,Experian
IL ,JPMCB CARD,TransUnion
IL ,DISCOVER FINANCIAL SER,Experian
IL ,SPECIAL FINANCING COMP,Experian
IL ,CROSSCOUNTRY,TransUnion
IL ,FD/CROSSCOUNTRY MORTGA,Experian
IL ,FACTUAL DATA,Equifax
IL ,BK OF AMER,TransUnion
IL ,FACTUAL DATA,TransUnion
IL ,FD/DRAPER & KRAMER MOR,Experian
IL ,FACTUAL DATA,Equifax
IL ,DISCOVER BANK,Equifax
IL ,FIFTH THIRD,TransUnion
IL ,US BANK,TransUnion
IL ,BMO HARRIS,TransUnion
IL ,PNC BANK,Experian
IL ,FORD CREDIT,TransUnion
IL ,ALLY FINANCI,TransUnion
IL ,ALLY FINANCIAL,Experian
IL ,BK OF AMER,Experian
IL ,CBNA,Equifax
IL ,CCB/BREADCASHBACK,Experian
IL ,SYNCB/SAMS,TransUnion
IL ,SYNCB/SAMS CLUB,Experian
IL ,US BANK,TransUnion
IL ,USBANK,Equifax
IL ,"DISCOVER FINANCIAL SER
 US BANK","Experian
 TransUnion|"
IL ,,
IL ,SYNCB/LOWESC,TransUnion
IL ,ODPTC/CBNA|,Experian
IL ,BK OF AMER,
IL ,JPMCB CARD,
IL ,JPMCB CARD,
IL ,BK OF AMER,
IL ,CAPITAL ONE,TransUnion
IL ,JPMCB CARD,TransUnion
IL ,JPMCB CARD,Experian
IL ,CAP ONE NA,Experian
IL ,CAPITAL ONE BANK USA,Equifax
IL ,ADVNTGE CRED,TransUnion
IL ,ADVANTAGE CREDIT INC,Experian
IL ,ADVANTAGE CREDIT.INC,Equifax
IL ,RTS FINANCIAL SERVICES,Experian
IL ,FACTUAL DATA,TransUnion
IL ,FO/DRAPER & KRAMER MOR,Experian
IL ,FACTUAL DATA,Equifax
IL ,EXPERIAN BUSINESS CRED,Experian
IL ,FACTUAL DATA,TransUnion
IL ,FO/DRAPER & KRAMER MOR,Experian
IL ,FACTUAL DATA,Equifax
IL ,RECEIVABLES FIN ASSOC,Experian
IL ,CBNA|,Equifax
IL ,FNB OMAHA,Experian
IL ,CBNA,Equifax
IL ,ADUNTGE CRED,TransUnion
IL ,ADVANTAGE CREDIT INC,Experian
IL ,"ADVANTAGE CREDIT,INC",Equifax
IL ,CBNA,Equifax
IL ,"THD/CBNA
 FACTUAL DATA","Experian
 TransUnion"
IL ,,
IL ,"FD/DRAPER & KRAMER MOR
 FACTUAL DATA",Experian
IL ,,Equifax
IL ,CAPITAL ONE,TransUnion
IL ,CAP ONE NA,Experian
IL ,CAPITAL ONE BANK USA,Equifax
IL ,,
IL ,CITIZENS BANK,Equifax
IL ,NAVY FCU,TransUnion
IL ,WFDS,TransUnion
IL ,SANTANDER,TransUnion
IL ,JPMCB AUTO,TransUnion
IL ,COAF,TransUnion
IL ,DCH KAY HOND,TransUnion
IL ,CAPITAL ONE AUTO FIN,Experian
IL ,NAVY FCU,TransUnion
IL ,INFORMATIVE,TransUnion
IL ,INFORMATIVE RESEARCHI,Experian
IL ,INFORMATIVE RESEARCH,Equifax
IL ,ELAN FINANCI,TransUnion
IL ,BMO HARRIS,TransUnion
IL ,GS BANK,TransUnion
IL ,CITIZENS BANK,Equifax
IL ,MORRISTOWN B,TransUnion
IL ,700CR/MORRISTOWN BMW I|,Experian
IL ,MORRISTOWN BMW INC,Equifax
IL ,MB FIN SVCS|,TransUnion
IL ,MB FIN SVCS,TransUnion
IL ,BMW FIN SVC,TransUnion
IL ,CREDCO,TransUnion
IL ,CREDCO,TransUnion
IL ,AUDI BAY RID,TransUnion
IL ,VW CREDIT,TransUnion
IL ,NCCINC/AUDI BAY RIDGE,Experian
IL ,MARINE CR UN,TransUnion
IL ,MB FIN SVCS|,TransUnion
IL ,JPMCB AUTO,TransUnion
IL ,COAF,TransUnion
IL ,ALLY FINANCI,TransUnion
IL ,CREDCO,Experian
IL ,ALLY FINANCIAL,Experian
IL ,CAPITAL ONE AUTO FIN,Experian
IL ,NAVY FCU,TransUnion
IL ,MARINE CR UN,TransUnion
IL ,PENTAGON FCU,Equifax
IL ,BMW FIN SVC,TransUnion
IL ,NOWCOM/BG MOTOR CARS,Experian
IL ,ALLY FINANCI,TransUnion
IL ,BENTLEY LONG,TransUnion
IL ,PORSCHE FINA,TransUnion
IL ,ALLY FINANCIAL,Experian
IL ,CREDCO,Experian
IL ,INFORMATIVE,TransUnion
IL ,INFORMATIVE RESEARCHI,Experian
IL ,INFORMATIVE RESEARCH,Equifax
IL ,USBANK,Equifax
IL ,US BANK,TransUnion
IL ,BMO BANK NA,TransUnion
IL ,CAPITALONE,Experian
IL ,CAPITAL ONE,TransUnion
IL ,CAPITAL ONE BANK USA,Equifax
IL ,JPMCB CARD,Experian
IL ,JPMCB CARD,TransUnion
IL ,WF/DILLARDS,TransUnion
IL ,CAP1/SAKS,Experian
IL ,CAP1/SAKS,TransUnion
IL ,CAP1/SAKS FIFTH AVEN,Equifax
IL ,NAVY FCU,TransUnion
IL ,FIFTH THIRD,TransUnion
IL ,THD/CBNA,Experian
IL ,SYNCB/PPMC,Experian
IL ,SYNCB/PPMC,TransUnion
IL ,CAPITAL ONE AUTO FIN,Experian
IL ,ALLY FINANCIAL,Experian
IL ,700 CREDIT/KNB MOTORS,Experian
IL ,GMOTORCARS,TransUnion
IL ,COAF,TransUnion
IL ,KNB MOTORS,TransUnion
IL ,ALLY FINANCI,TransUnion
IL ,CAPITAL ONE,Equifax
IL ,700 CREDIT/YEMM CHEVRO,Experian
IL ,YEMM CHEVROL,TransUnion
IL ,YEMM CHEVROLET INC,Equifax
IL ,NAVY FCU,TransUnion
IL ,HAPPY MONEY,TransUnion
IL ,US BANK,TransUnion
IL ,EQUIFAX MORTGAGE SER,Equifax
IL ,SECU CREDIT UNION,Equifax
IL ,SECU CREDIT UNION,Equifax
IL ,JPMCB CARD,Experian
IL ,NAVY FCU,TransUnion
IL ,AMEX,Experian
IN,,
IN ,CAPITAL ONE BANK USA,Equifax
IN ,CAPITAL ONE,TransUnion
IN ,CAP ONE NA,Experian
IN ,NAVY FCU,TransUnion
IN ,SYNCB,TransUnion
IN ,AMERICAN EXP,TransUnion
IN ,AMERICAN EXPRESS,Experian
IN ,CREDCO,TransUnion
IN ,CREDCO,TransUnion
IN ,JPMCB CARD,TransUnion
IN ,JPMCB CARD,Experian
IN ,JPMCB CARD,TransUnion
IN ,JPMCB CARD,Experian
IN ,ENT VERIFY,Experian
IN ,WB/PAYPL/CCC,TransUnion
IN ,CAPITAL ONE,TransUnion
IN ,CAP ONE NA,Experian
IN ,PATHFWD/OPOR,TransUnion
IN ,PATHWARD NA/OPORTUN,Experian
IN ,EXXON/CBNA,Experian
IN ,CCC/CO ALLIANCE LLP,Experian
IN ,SALLIE MAE B,TransUnion
IN ,ELAN FINANCI,TransUnion
IN ,FORUM CU,TransUnion
IN ,FACTUAL DATA,Experian
IN ,FACTUAL DATA,Equifax
IN ,FACTUAL DATA,TransUnion
KANSAS,,
KS,THE STOCK EXCHANGE B,Equifax
KS,JPMCB CARD,TransUnion
KS,JPMCB CARD,Experian
KS,JPMCB CARD,TransUnion
KS,JPMCB CARD,Experian
KS,JPMCB CARDI,TransUnion
KS,ELAN FINANCI,TransUnion
KS,JPMCB CARD,Experian
KS,BK OF AMER,IransUnion
KS,JPMCB CARD,TransUnion
KS,JPMCB CARD,Experian
KS,JPMCB CARD,TransUnion
KS,JPMCB CARD,Experian
KS,ELAN FINANCI,TransUnion
KS,FACTUAL DATA,Equifax
KS,FACTUAL DATA,TransUnion
KS,FACTUAL DATA/0600,Experian
KS,CREDIT INFORMATION S,Equifax
KS,CREDIT INFOR,TransUnion
KS,CREDIT INFORMATION SYS,Experian
KS,FACTUAL DATA,TransUnion
KS,ELAN FINANCI,TransUnion
KS,BK OF AMER,TransUnion
KS,CAPITAL ONE BANK USA,Equifax
KS,CAPITAL ONE,TransUnion
KS,ELAN FINANCI,TransUnion
KS,,Experian
KS,CAr ONE NA,Experian
KS,JPMCB CARD,TransUnion
KS,US BANK,TransUnion
KS,US BANK,TransUnion
KS,JPMCB CARD,TransUnion
KS,ELAN FINANCI,TransUnion
KS,JPMCB CARD,Experian
KS,US BANK CONSOLIDATED,Experian
KS,JPMCB CARD,Experian
KS,SYNCB/LOWES,TransUnion
KS,SYNCB/LOWES,Experian
KENTUCKY,,
KY ,DIGITAL FEDERAL CRED,Equifax
KY ,LIGHTSTREAM,TransUnion
KY ,CAPITAL ONE,Equifax
KY ,ALLY FINANCIAL,Experian
KY ,CAPITAL ONE AUTO FIN,Experian
KY ,BK OF AMER,Experian
KY ,LEWISVILLE V,TransUnion
KY ,SANTANDER,TransUnion
KY ,TRUISTAUTO,TransUnion
KY ,COAF,TransUnion
KY ,JPMCB AUTO,TransUnion
KY ,ALLY FINANCI,TransUnion
KY ,GS BANK,TransUnion
KY ,JPMCB CARD,Experian
KY ,JPMCB CARD,TransUnion
KY ,DIGITAL FEDERAL CRED,Equifax
KY ,EQUIFAX MORTGAGE SER,Equifax
KY ,EQUIFAX,Experian
KY ,EQUIFAX MTG,TransUnion
KY ,JPMCB CARD,Experian
KY ,JPMCB CARD,TransUnion
KY ,VW CREDIT,TransUnion
KY ,BACHMAN SUBARU VOLKS,Equifax
KY ,NCCINC/ BACHMAN SUBARU,Experian
KY ,BACHMAN SUBA,TransUnion
KY ,EQUIFAX MORTGAGE SER,Equifax
KY ,EQUIFAX,Experian
KY ,EQUIFAX MTG,TransUnion
KY ,XACTUS,Equifax
KY ,XACTUS-CP/FAIRWAY INDE,Experian
KY ,FAIRWAY INDE,TransUnion
KY ,"CIC MORTGAGE CREDIT,",Equifax
KY ,CIC CREDIT,Experian
KY ,CIC CREDIT,TransUnion
KY ,ONEMAIN,Equifax
KY ,ONEMAIN,TransUnion
KY ,BACHMAN SUBARU VOLKS,Equifax
KY ,TRUIST DEALER SERVIC,Equifax
KY ,CAPITAL ONE,Equifax
KY ,ALLY FINANCIAL,Experian
KY ,NCCINC/BACHMAN SUBARU,Experian
KY ,CAPITAL ONE AUTO FIN,Experian
KY ,M&T BANK IND,TransUnion
KY ,HUNTINGTONBK,TransUnion
KY ,BACHMAN SUBA,TransUnion
KY ,COAF,TransUnion
KY ,ALLY FINANCI,TransUnion
KY ,COMNWLTH CU,TransUnion
KY ,WFDS,TransUnion
KY ,TRANSCEND CR,TransUnion
KY ,ABOUND FCU,TransUnion
KY ,COMMUNITYWID,TransUnion
KY ,COMENITYCAPITAL/ALPH,Equifax
KY ,TRUIST DEALER SERVIC,Equifax
KY ,BK OF AMER,Experian
KY ,COMMUNITYWID,TransUnion
KY ,WFDS,TransUnion
KY ,OLDNATIONLBK,TransUnion
KY ,BACHMAN SUBARU VOLKS,Equifax
KY ,CAPITAL ONE,Equifax
KY ,ALLY FINANCIAL,Experian
KY ,CAPITAL ONE AUTO FIN,Experian
KY ,HUNTINGTONBK,TransUnion
KY ,BACHMAN SUBA,TransUnion
KY ,COAF,TransUnion
KY ,ABOUND FCU,TransUnion
KY ,COMNWLTH CU,TransUnion
KY ,M&T BANK IND,TransUnion
KY ,ALLY FINANCI,TransUnion
KY ,SHERWIN-WILLIAMS COMPA,Experian
KY ,SYNCB/LOWES,TransUnion
KY ,BACHMAN AUTO GROUP |,Equifax
KY ,GM FINANCIAL,Equifax
KY ,CAPITAL ONE,Equifax
KY ,GM FINANCIAL,Equifax
KY ,M & T BANK INDIRECT,Equifax
KY ,ALLY FINANCIAL,Experian
KY ,CAPITAL ONE AUTO FIN,Experian
KY ,M&T BANK,Experian
KY ,TD AUTO FIN,TransUnion
KY ,M&T BANK IND,TransUnion
KY ,JPMCB AUTO,TransUnion
KY ,BACHMAN CHEV,TransUnion
KY ,COAF,TransUnion
KY ,ALLY FINANCI,TransUnion
KY ,CIC CREDIT,Experian
KY ,JPMCB CARD,Experian
KY ,JPMCB CARD,TransUnion
KY ,NMAC,Equifax
KY ,BILL COLLINS FORD IN,Equifax
KY ,COLLINS NISS,TransUnion
KY ,NISSAN MOTOR,TransUnion
KY ,ABOUND FCU,TransUnion
KY ,CLASS ACTFCU,TransUnion
KY ,US BANK,TransUnion
KY ,CITIZENS BANK,Equifax
KY ,SYNCB/ TJX CO,Experian
KY ,SYNCB/TJX DC,TransUnion
KY ,TD RETAIL CARD SERVICE,Experian
KY ,SYNCB,TransUnion
KY ,XACTUS,Equifax
KY ,XACTUS-CP/FAIRWAY INDE,Experian
KY ,FAIRWAY INDE,TransUnion
KY ,PARTNERS CREDIT & VE,Equifax
KY ,PARTNERS CREDIT,Experian
KY ,PARTNERS CRE,TransUnion
KY ,EQUIFAX MORTGAGE SER,Equifax
KY ,AMEX,Experian
KY ,EQUIFAX,Experian
KY ,EQUIFAX MTG,TransUnion
KY ,PARTNERS CREDIT & VE,Equifax
KY ,PARTNERS CREDIT,Experian
KY ,PARTNERS CRE,TransUnion
KY ,PARTNERS CREDIT & VE,Equifax
KY ,PARTNERS CREDIT,Experian
KY ,PARTNERS CRE,TransUnion
KY ,COMNWLTH CU,TransUnion
LOUISIANA,,
LA,AUTOMOTIVE FINANCE C,Equifax
LA,ELAN FINANCI,TransUnion
LA,DISCOVER FINANCIAL SER,Experian
LA,CADENCE BANK,TransUnion
LA,JPMCB - CARD SERVICE,Equifax
LA,JPMCB - CARD SERVICE,Equifax
LA,NAVY FCU,TransUnion
LA,NAVY FCU,TransUnion
LA,SYNCB/LOWES,TransUnion
LA,JPMCB - CARD SERVICE,Equifax
LA,US BANK,TransUnion
LA,O REILLY AUT,TransUnion
LA,JPMCB - CARD SERVICE,Equifax
LA,SYNCB/HFT,TransUnion
LA,SYNCB/LOWES,TransUnion
LA,SYNCB/LOWES,Experian
LA,BK OF AMER,TransUnion
LA,JPMCB CARD,Experian
LA,BK OF AMER,TransUnion
LA,CBNA,Equifax
LA,NK,TransUnion
LA,JF AMER,Experian
LA,JPMCB CARD,Experian
LA,ROCKET MORTG,TransUnion
LA,JPMCB - CARD SERVICE,Equifax
LA,JPMCB CARD,Experian
LA,WELLS FARGO DEALER S,Equifax
LA,SYNCB/LOWE'S BRC,Equifax
LA,JPMCB - CARD SERVICE,Equifax
LA,JPMCB CARD,Experian
LA,CREDCO,Equifax
LA,CREDCO,Experian
LA,CAPITAL ONE,
LA,CAPITAL ONE BANK USA,
LA,CAP ONE NA,
LA,DISCOVER BANK,
LA,DISCOVER FINANCIAL SER,
LA,FB&T/MERCURY,
LA,JPMCB CARD,
LA,LES FEDERAL CREDIT U,
LA,LES FEDERAL CREDIT UNI,
LA,NAVY FCU,
LA,NAVY FEDERAL CU,
LA,NAVY FEDERAL CR UNION,
LA,EQUIFAX CANADA,Equifax
LA,SIGNATURE PAYMENTS,Experian
LA,CFNA,TransUnion
LA,EXPERIAN BUSINESS CRED,Experian
LA,EXPERIAN BUSINESS CRED,Experian
LA,TRINITY PAYM,TransUnion
LA,CREDCO,Equifax
LA,CREDCO-SCM,TransUnion
LA,CREDCO,Experian
LA,SYNCB/VENMO,TransUnion
LA,SYNCB/VERIZO,TransUnion
LA,SYNCB/VRZN,Experian
LA,SYNCB/PAYPAL,Equifax
LA,SYNCB/PAYPAL,TransUnion
LA,AUTOMOTIVE FINANCE C,Equifax
LA,ELAN FINANCI,TransUnion
LA,DISCOVER FINANCIAL SER,Experian
LA,CADENCE BANK,TransUnion
LA,JPMCB - CARD SERVICE,Equifax
LA,JPMCB - CARD SERVICE,Equifax
LA,NAVY FCU,TransUnion
LA,NAVY FCU,TransUnion
LA,SYNCB/LOWES,TransUnion
LA,JPMCB - CARD SERVICE,Equifax
LA,US BANK,TransUnion
LA,O REILLY AUT,TransUnion
LA,JPMCB - CARD SERVICE,Equifax
LA,SYNCB/HFT,TransUnion
LA,SYNCB/LOWES,TransUnion
LA,SYNCB/LOWES,Experian
LA,BK OF AMER,TransUnion
LA,CBNA,Equifax
LA,US BANK,TransUnion
LA,BK OF AMER,Experian
LA,JPMCB CARD,Experian
LA,XACTUS LLC,Equifax
LA,ROCKET MORTG,TransUnion
LA,XACTUS-AVANTUS/ROCKET,Experian
LA,"XACTUS, LLC",Equifax
LA,CREDIT PLUS,TransUnion
LA,XACTUS-CP,Experian
LA,JPMCB - CARD SERVICE,Equifax
LA,JPMCB CARD,Experian
LA,WELLS FARGO DEALER S,Equifax
LA,SYNCB/LOWE'S BRC,Equifax
LA,JPMCB - CARD SERVICE,Equifax
LA,JPMCB CARD,Experian
LA,CREDCO,Equifax
LA,CREDCO,Experian
LA,BARCLAYS BANK DELAWARE,Experian
LA,CBNA,Equifax
LA,JPMCB - CARD SERVICE,Equifax
LA,BRCLYSBANKDE,TransUnion
LA,BK OF AMER,TransUnion
LA,US BANK,TransUnion
LA,JPMCB CARD,
LA,Experian,
MASSACHUSETTS,,
MA ,JPMCB CARD,Experian
MA ,UNIFY FINANCIAL FCU,Experian
MA ,FACTUAL DATA,TransUnion
MA ,FACTUAL DATA,Experian
MA ,FACTUAL DATA,Equifax
MA ,BK OF AMER,TransUnion
MA ,JPMCB CARD,Experian
MA ,JPMCB CARD,Experian
MA ,JPMCB CARD,Experian
MA ,JPMCB CARD,Experian
MA ,JPMCB CARD,Experian
MA ,"CIC MORTGAGE CREDIT,",Equifax
MA ,CIC CREDIT,Experian
MA ,CIC CREDIT,TransUnion
MA ,EXPERIAN BUSINESS CRED,Experian
MA ,SYNCB/PAYPAL,TransUnion
MA ,CBNA/BBY,TransUnion
MA ,"ACTUS, LLC",Equifax
MA ,KACTUS-CP,Experian
MA ,FEDERAL SAV,TransUnion
MA ,CAPITAL ONE BANK USA,Equifax
MA ,CAPITAL ONE,TransUnion
MA ,BRCLYSBANKDE,TransUnion
MA ,BRCLYSBANKDE,TransUnion
MA ,CAPITAL ONE BANK USA,Equifax
MA ,CAPITAL ONE,TransUnion
MA ,SYNCB,TransUnion
MA ,KOHLS/CAPONE,Experian
MA ,"CITIBANK NA., BEST BUY",Experian
MA ,NISSAN MOTOR ACCEPTANC,Experian
MA ,700/KELLY NISSAN OF WO,Experian
MA ,KELLY NISSAN,TransUnion
MA ,XACTUS-UCS,Experian
MA ,CAPITAL ONE BANK USA,Equifax
MA ,CAP ONE NA,Experian
MA ,JPMCB CARD,Experian
MA ,CAPITAL ONE,TransUnion
MA ,ADAMS COMMUNITY BANK,Experian
MA ,WEBNA AUTO,Experian
MA ,ALLY FINANCIAL,Experian
MA ,SANTANDER CONSUMER USA,Experian
MA ,NBT BANK NA,Experian
MA ,GM FINANCIAL,TransUnion
MA ,TD AUTO FIN,TransUnion
MA ,ALLY FINANCI,TransUnion
MA ,GM FINANCIAL,TransUnion
MA ,JPMCB AUTO,TransUnion
MA ,SPECIAL FINANCING COMP,Experian
MA ,ALLY FINANCIAL,Experian
MA ,NBT BANK NA,Experian
MA ,700 CREDIT/BEDARD BROS,Experian
MA ,GREYLOCK FEDERAL CU,Experian
MA ,GM FINANCIAL,TransUnion
MA ,BEDARD BROS,TransUnion
MA ,TD AUTO FIN,TransUnion
MA ,ALLY FINANCI,TransUnion
MA ,JPMCB AUTO,TransUnion
MA ,THD/CBNA,Experian
MA ,GS BANK,TransUnion
MA ,CREDITONEBK,TransUnion
MA ,SYNCB,TransUnion
MA ,TRACT/CBNA,Experian
MA ,SANTANDER BANK NA,Experian
MA ,WF CRD SVC,Experian
MA ,CBNA,Equifax
MA ,CORELOGIC CREDCO LLC,Equifax
MA ,FACTUAL DATA,Experian
MA ,CORELOGIC CREDCO LLC,Equifax
MA ,FACTUAL DATA,Equifax
MA ,FACTUAL DATA,TransUnion
MA ,JEANNE D ARC CREDIT UN,Experian
MA ,700/LEXUS OF WATERTOWN,Experian
MA ,WFBNA AUTO,Experian
MA ,CUDL/JEANNE D ARC CU,Experian
MA ,TOYOTA MOTOR CREDIT CO,Experian
MA ,CAPITAL ONE AUTO FIN,Experian
MA ,BK OF AMER,Experian
MA ,CAPITAL ONE,Equifax
MA ,COAF,TransUnion
MA ,ENTERPRISE BK & TR,Experian
MA ,THD/CBNA,Experian
MA ,CREDIT ONE BANK NA,Experian
MA ,SERVICE FIN,TransUnion
MA ,CBNA,Equifax
MA ,ENTERPRISE BK & TR,Experian
MA ,CREDCO,Experian
MA ,CREDCO,Equifax
MA ,CREDCO,TransUnion
MA ,BIRCHWOOD CREDIT SERVI,Experian
MA ,BIRCHWOOD CREDIT SER,Equifax
MA ,BIRCHWOOD CR,TransUnion
MA ,BK OF AMER,TransUnion
MA ,BK OF AMER,TransUnion
MA ,JPMCB CARD,Experian
MA ,BK OF AMER,TransUnion
MA ,DISCOVER FINANCIAL SER,Experian
MA ,AMERICAN EXP,TransUnion
MA ,FACTUAL DATA,TransUnion
MA ,ADV CREDIT,TransUnion
MA ,SETTLEMENT O,TransUnion
MA ,CREDIT PLUS,TransUnion
MA ,FACTUAL DATA,TransUnion
MA ,DISCOVER FINANCIAL SER,Experian
MA ,PENTAGON FCU-ALEXAND,Equifax
MA ,WEBBANK/PAYPAL BC/CCC,Experian
MA ,PENTAGON FCU-ALEXAND,Equifax
MA ,COMENITY BANK/NWYRK&,Equifax
MA ,COMENITYCAPITAL/BURL,Equifax
MA ,BRCLYSBANKDE,TransUnion
MA ,CREDCO,TransUnion
MA ,CREDCO,Equifax
MA ,COREOGIC CREDIT SOLUT,Experian
MA ,US BANK,TransUnion
MA ,ELAN FINANCI,TransUnion
MA ,CREDCO,TransUnion
MA ,CORELOGIC CREDIT SOLUT,Experian
MA ,SYNCB,TransUnion
MA ,FB T/MERCURY,TransUnion
MA ,CREDITONEBK,TransUnion
MA ,CREDIT PLUS,TransUnion
MA ,CREDIT PLUS,TransUnion
MA ,UNIVERSALCIS,TransUnion
MA ,CREDCO,TransUnion
MA ,CREDCO,TransUnion
MA ,CREDCO,TransUnion
MA ,FB T/MERCURY,TransUnion
MA ,CREDITONEBNK,TransUnion
MA ,CORTRUST BNK,TransUnion
MA ,SYNCB/AMAZON,TransUnion
MA ,SYNCB/AMAZON PLCC,Experian
MA ,UNIVERSALCIS,TransUnion
MA ,CORELOGIC CREDCO LLC,Equifax
MA ,CREDCO,TransUnion
MA ,FACTUAL DATA,TransUnion
MA ,CREDCO,TransUnion
MA ,"XACTUS, LLC",Equifax
MA ,CREDIT PLUS,TransUnion
MA ,MERRICK BANK,TransUnion
MA ,SYNCB/VENMO,TransUnion
MA ,FIRST PREMIER BANK,Equifax
MA ,GO BANK,TransUnion
MA ,BK OF AMER,Experian
MA ,CBC/MCGOVERN BUICK GMC,Experian
MA ,MCGOVERN BUI,TransUnion
MA ,TD AUTO FIN,TransUnion
MA ,JPMCB CARD,Experian
MA ,XACTUS - AVANTUS,Experian
MA ,UNIVERSALCIS,TransUnion
MA ,US BANK,TransUnion
MA ,PROSPERWEBBK,TransUnion
MA ,TD BANK N.A.,Experian
MA ,JPMCB CARD,Experian
MA ,AMEX,Experian
MA ,BRCLYSBANKDE,TransUnion
MA ,US BANK,TransUnion
MA ,ELAN FINANCI,TransUnion
MA ,BK OF AMER,TransUnion
MA ,JPMCB CARD,Experian
MA ,TD BANK N.A.,Experian
MA ,SYNCB/PAYPAL,TransUnion
MA ,AMEX,TransUnion
MA ,CRB/UPGRADE,TransUnion
MA ,SOFI BANK NA,Experian
MA ,PROSPERWEBBK,TransUnion
MA ,PENTAGON,Equifax
MA ,JPMCB CARD,Experian
MA ,SYNCB/AMAZON,TransUnion
MA ,JPMCB CARD,Experian
MA ,AMEX,Experian
MA ,XACTUS,Equifax
MA ,CREDIT PLUS,TransUnion
MA ,XACTUS-CP/MOVEMENT MOR,Experian
MA ,CAPITAL ONE BANK USA,Equifax
MA ,CAPITAL ONE,TransUnion
MA ,CAP ONE NA,Experian
MA ,"CITIBANK NA., BEST B",Equifax
MA ,SYNCB/TJX DC,TransUnion
MA ,SYNCB/TJX CO,Experian
MA ,CAPITAL ONE BANK USA,Equifax
MA ,AMEX,TransUnion
MA ,CAPITAL ONE,TransUnion
MA ,AMEX,Experian
MA ,CAP ONE NA,Experian
MA ,USAA FEDERAL SAVINGS B,Experian
MA ,COMENITYCAPITAL/BJSW,Equifax
MA ,CPS,TransUnion
MA ,CONSUMER PORTFOLIO SVC,Experian
MA ,USAA FEDERAL SAVINGS B,Experian
MA ,CITIBANK NA/THD,Equifax
MA ,COMENITYCAPITAL/SEPH,Equifax
MA ,MACYS/CBNA,Experian
MA ,DISCOVER FINANCIAL SER,Experian
MA ,BIRCHWOOD CREDIT SER,Equifax
MA ,BIRCHWOOD CR,TransUnion
MA ,BIRCHWOOD CREDIT SERVI,Experian
MA ,EQUIFAX MORTGAGE SER,Equifax
MA ,VETERANS UNI,TransUnion
MA ,COMENITYCAPITAL/FORE,Equifax
MA ,COMENITYCB/FOREVER21,Experian
MA ,BRCLYSBANKDE,TransUnion
MA ,SYNCB/PAYPAL,TransUnion
MA ,DISCOVER FINANCIAL SER,Experian
MA ,AMEX,Experian
MARYLAND,,
MD,GS BANK,TransUnion
MD,CITI CARDS CBN Zoom: 80%,Experian
MD,LENTEGRITY LLC,Equifax
MD,CORELOGIC CREDCO,Equifax
MD,CORELOGIC,TransUnion
MD,CORELOGIC CREDCO LLC,Experian
MD,BAXTER CU,TransUnion
MD,CAPITAL ONE BANK USA,Equifax
MD,JPMCB CARD,TransUnion
MD,CAPITAL ONE,TransUnion
MD,JPMCB CARD,Experian
MD,MCB CARD,TransUnion
MD,NA,Equifax
MD,BK OF AMER,TransUnion
MD,BK OF AMER,TransUnion
MD,XACTUS LLC,TransUnion
MD,BALTIMORE COUNTY EMP,Equifax
MD,CREDCO,Equifax
MD,CREDCO,TransUnion
MD,AXOS BANK,Experian
MD,BALTIMORE COUNTY EMP,Equifax
MD,CORELOGIC CREDCO LLC,Equifax
MD,CREDCO,TransUnion
MD,CREDCO,Experian
MD,MUNICIPLES EMPLOYEES C,Experian
MD,BALTIMORE COUNTY EMP,Equifax
MD,BK OF AMER,TransUnion
MD,ELAN FINANCI,TransUnion
MD,DEERE CR SVC,TransUnion
MD,FIRST BANK LEASING,Equifax
MD,NAVY FCU,TransUnion
MD,AMERICAN EXPRESS KABBA,Experian
MD,NAVY FCU,TransUnion
MD,CBC/FORTIS EQUIPMENT F,Experian
MD,JPMCB CARD,Experian
MD,CAP ONE NA,Experian
MD,DISCOVER FINANCIAL SER,Experian
MD,BK OF AMER,TransUnion
MD,CAPITAL ONE,TransUnion
MD,JPMCB CARD,TransUnion
MD,BRCLYSBANKDE,TransUnion
MD,CBNA,Equifax
MD,CAPITAL ONE BANK USA,Equifax
MD,MUNICIPLES EMPLOYEES C,Experian
MD,CREDCO,Experian
MD,UCS/FIDELITY DIRECT MO,Experian
MD,XACTUS LLC,TransUnion
MD,XACTUS,Equifax
MD,UCS/FIDELITY DIRECT MO,Experian
MD,XACTUS LLC,TransUnion
MD,XACTUS,Equifax
MD,XACTUS-CP/NFM INC,Experian
MD,CREDIT PLUS,TransUnion
MD,TESLA FINANC,TransUnion
MD,TESLA FINANC,TransUnion
MD,FACTUAL DATA,TransUnion
MD,FACTUAL DATA,Equifax
MD,SMALL BUSINESS ADM,Experian
MD,CITI CARDS CBNA,Experian
MD,TIME INVST,TransUnion
MD,FOUNDATION F,TransUnion
MD,RIE CONST,TransUnion
MD,MEDALLION BANK,Experian
MD,CREDCO,Experian
MD,CREDCO,TransUnion
MD,CREDCO,Equifax
MD,EQUIFAX MORTGAGE SERVI,Experian
MD,EQUIFAX MORT,TransUnion
MD,EQUIFAX MORTGAGE SER,Equifax
MD,"CAROLINA FINANCE,LLC",Equifax
MD,OAK TREE FINANCE LLC,Equifax
MD,XACTUS-CP/FIRST HERITA,Experian
MD,FIRST HERITA,TransUnion
MD,XACTUS,Equifax
MD,INFORMATIVE RESEARCH I,Experian
MD,INFORMATIVE,TransUnion
MD,INFORMATIVE RESEARCH,Equifax
MD,JPMCB CARD,TransUnion
MD,JPMCB CARD,Experian
MD,AMEX,Experian
MD,WF CRD SVC,Experian
MD,CAPITAL ONE,TransUnion
MD,BK OF AMER,TransUnion
MD,JPMCB CARD,TransUnion
MD,JPMCB CARD,Experian
MD,CAP ONE NA,Experian
MD,CAPITAL ONE BANK USA,Equifax
MD,ONEMAIN,Experian
MD,FAIRWAY INDE,TransUnion
MD,FD/FAIRWAY INDEPENDENT,Experian
MD,"FACTUAL DATA, INC",Equifax
MD,ELAN FINANCI,TransUnion
MD,ROCKET MORTG,TransUnion
MD,XACTUS-AVANTUS/ROCKET,Experian
MD,XACTUS LLC,Equifax
MD,AMEX,Experian
MD,CREDCO,TransUnion
MD,MUTUAL OF OM,TransUnion
MD,XACTUS-CP/MUTUAL OF OM,Experian
MD,CREDCO,Experian
MD,CORELOGIC CREDCO LLC,Equifax
MD,XACTUS LLC,Equifax
MD,PENTAGON FEDERAL CR UN,Experian
MD,ROCKET MORTG,TransUnion
MD,XACTUS-AVANTUS/ROCKET,Experian
MD,XACTUS LLC,Equifax
MD,FAIRWAY INDE,TransUnion
MD,FD/FAIRWAY INDEPENDENT,Experian
MD,"FACTUAL DATA, INC",Equifax
MD,PENTAGON FOU-ALEXAND,Equifax
MD,WF CRD SVC|,Experian
MD,PENTAGON FOU-ALEXAND,Equifax
MD,GS BANK,TransUnion
MD,CREDITONEBK,TransUnion
MD,INFORMATIVE,TransUnion
MD,INFORMATIVE RESEARCHI,Experian
MD,INFORMATIVE RESEARCH,Equifax
MD,CROSSCOUNTRY,TransUnion
MD,FD/CROSSCOUNTRY MORTGA,Experian
MD,FACTUAL DATA,Equifax
MD,INFORMATIVE,TransUnion
MD,IR/GUILD MORTGAGE COMP,Experian
MD,INFORMATIVE RESEARCH,Equifax
MD,PENTAGON FCU,Equifax
MD,FLAGSHIP CRE,TransUnion
MD,AXOS BANK,Experian
MD,LP/DMS/AFFINITY FCU/AM,Experian
MD,NASA FEDERAL CREDIT UN,Experian
MD,EQUIFAX MTG,TransUnion
MD,EMS/AMERISAVE MORTGAGE,Experian
MD,EQUIFAX MORTGAGE SER,Equifax
MD,FACTUAL DATA,TransUnion
MD,FD/ROCKET MORTGAGE,Experian
MD,FACTUAL DATA,Equifax
MD,CORELOGIC,TransUnion
MD,CORELOGIC CREDCO LLC,Experian
MD,CORELOGIC CREDCO,Equifax
MD,EQUIFAX MTG,TransUnion
MD,EQUIFAX MORTGAGE SERVI,Experian
MD,EQUIFAX MORTGAGE SER,Equifax
MD,MAT BK,TransUnion
MD,FACTUAL DATA,Experian
MD,FACTUAL DATA,Equifax
MD,SYNCB/PAYPAL,TransUnion
MD,CITIBANK NA. BEST B,
MD,AMEX,Experian
MD,JPMCB CARD,Experian
MD,JPMCB CARD,TransUnion
MD,NORDSTROM/TD BANK USA,Experian
MD,,TransUnion
MD,F AMER,Experian
MD,JPMCB CARD,Experian
MD,AMEX,Experian
MD,JPMCB - CARD SERVICE,Equifax
MD,CAP ONE NA,Experian
MD,CAPITAL ONE BANK USA,Equifax
MD,CAPITAL ONE,TransUnion
MD,CBNA,Equifax
MD,SYNCB/LOWES,TransUnion
MD,CBNA,Equifax
MD,AMEX,Experian
MD,SANTANDER CONSUMER USA,Experian
MD,OURISMAN CHEVROLET C,Equifax
MD,ALLY FINANCIAL,Equifax
MD,ALLY FINANCI,TransUnion
MD,CUDL/MUNICIPAL EMPLOYE,Experian
MD,ALLY FINANCIAL,Experian
MD,ALLY FINANCIAL,Experian
MD,MARKET USA FEDERAL CRE,Experian
MD,CAPITAL ONE AUTO FIN,Experian
MD,LENTEGRITY LLC,Equifax
MD,AUTOS DIRECT OF FRED,Equifax
MD,CAPITAL ONE,Equifax
MD,PENTAGON FCU,Equifax
MD,LENTEGRITY,TransUnion
MD,AUTOS DIRECT,TransUnion
MD,COAF,TransUnion
MD,AMERICAN EXPRESS,Experian
MD,AMERICAN EXP,TransUnion
MD,BK OF AMER,Experian
MD,BK OF AMER,Experian
MD,COMENITYCAPITAL/BJSW,Equifax
MD,BK OF AMER,TransUnion
MD,EDUCATIONAL SYSTEMS,Equifax
MD,700 CREDIT/WALDORF TOY,Experian
MD,TOYOTA MOTOR CREDIT CO,Experian
MD,CAPITAL ONE AUTO FIN,Experian
MD,AMER,Experian
MD,TAL ONE,Equifax
MD,EDUCATIONAL SYSTEMS,Equifax
MD,M&T BANK INDIRECT CG,Equifax
MD,KODY IMPORTS LLC,Equifax
MD,TRUISTAUTO,TransUnion
MD,TOYOTA MOTOR,TransUnion
MD,WALDORF TOYO,TransUnion
MD,COAF,TransUnion
MD,MACYS/CBNA,Experian
MD,"MARINER FINANCE, LLC",Equifax
MD,WF BANK NA,TransUnion
MD,AMERICAN EXP,TransUnion
MD,AMERICAN EXPRESS,Experian
MD,CREDIT ONE BANK NA,Experian
MD,THD/CBNA,Equifax
MD,NAVY FCU,TransUnion
MD,FIRST CITIZENS BANK,Equifax
MD,EXPERIAN BUSINESS CRED,Experian
MD,DIGITAL FEDERAL CRED,Equifax
MD,DISCOVER FINANCIAL SER,Experian
MD,STEARNS BANK-ST CLOU,Equifax
MD,FISERV/1ST CHOICE CRED,Experian
MD,AUDI ARLING,TransUnion
MD,AV IMPORTS LLC,Equifax
MD,700 CREDIT/AUDI ARLING,Experian
MD,COAF,TransUnion
MD,CURE INC.,Equifax
MD,CAPITAL ONE,Equifax
MD,CAPITAL ONE AUTO FIN,Experian
MD,EXETER FINANCE LLC/WCG,Experian
MD,RPM MOTORSPO,TransUnion
MD,RPM MOTORSPORTS OF A,Equifax
MD,CIG FINANCIAL,Equifax
MD,ALLIANT CREDIT UNION,Equifax
MD,700 CREDIT/RPM MOTORSP,Experian
MD,GOLF ACCEPTANCE LLC,Experian
MD,WF CRD SVC|,Equifax
MD,NASA FEDERAL CREDIT UN,Experian
MD,THD/CBNA,Equifax
MD,RPM MOTORSPO,TransUnion
MD,LENTEGRITY LLC,Equifax
MD,MARINE FEDERAL CREDI,Equifax
MD,RPM MOTORSPORTS OF A,Equifax
MD,700 CREDIT/RPM MOTORSP,Experian
MD,MARKET USA FEDERAL CRE,Experian
MD,XACTUS-AVANTUS,Experian
MD,XACTUS LLC,Equifax
MD,XACTUS LLC,TransUnion
MD,ERD SVC,Equifax
MD,CBNA/THD,Experian
MD,AMERICAN EXPRESS,Experian
MD,AMERICAN EXP,TransUnion
MD,THD/CBNA,Experian
MD,JPMCB CARD,Experian
MD,SYNCB/AMAZON PLCC,Experian
MD,JPMCB - CARD SERVICE,Equifax
MD,SYNCB/AMAZON,TransUnion
MD,"AC & T, INC",Equifax
MD,JPMCB - CARD SERVICE,Equifax
MD,JPMCB CARD,Experian
MD,LENDINGPOINT/FINWISE B,Experian
MD,FUNDBOX INC,Experian
MD,CIC CREDIT,Experian
MD,CIS INC,TransUnion
MD,XACTUS,Equifax
MD,XACTUS-CISS LLC,Experian
MD,CIC MORTGAGE,TransUnion
MD,CIC CREDIT,Equifax
MD,CIC CREDIT,Experian
MD,UNIVERSALCIS,TransUnion
MD,XACTUS,Equifax
MD,XACTUS - AVANTUS,Experian
MD,CBNA/THD,TransUnion
MD,CBNA/THD,TransUnion
MD,CREDIT PLUS,TransUnion
MD,"XACTUS, LLC",Equifax
MD,XACTUS-CP,Experian
MD,CIS INC,TransUnion
MD,XACTUS,Equifax
MD,XACTUS-CISS LLC,Experian
MD,LOAN FUNDER,TransUnion
MD,XACTUS,Equifax
MD,XACTUS-CP/LOAN FUNDER,Experian
MD,CIC CREDIT,Experian
MD,CAPITAL ONE,TransUnion
MD,JPMCB - CARD SERVICE,Equifax
MD,CAPITAL ONE BANK USA,Equifax
MD,JPMCB CARD,Experian
MD,CAP ONE NA,Experian
MD,GREENSKY INSTALLMENT,Experian
MD,CIC CREDIT,Experian
MD,CIS INC,TransUnion
MD,XACTUS,Equifax
MD,XACTUS-CISS LLC,Experian
MD,CIS INC,TransUnion
MD,XACTUS,Equifax
MD,XACTUS-CISS LLC,Experian
MD,GREENSKY INSTALLMENT,Experian
MD,CIS INC,TransUnion
MD,XACTUS,Equifax
MD,XACTUS-CISS LLC,Experian
MD,BRCLYSBANKDE,TransUnion
MD,BK OF AMER,TransUnion
MD,JPMCB - CARD SERVICE,Equifax
MD,AMEX,Experian
MD,JPMCB CARD,Experian
MD,KIA FINANCE AMERICA,Equifax
MD,CREDCO,Equifax
MD,NCCINC/ATLANTIC HYUNDA,Experian
MD,HYUNDAI MOTOR FINANC,Equifax
MD,PMCB - CARD SERVICE,Equifax
MD,INTERSTATE M,TransUnion
MD,CREDCO,TransUnion
MD,CREDCO,Experian
MD,NCCINC/INTERSTATE MOTO,Experian
MD,NISSAN MOTOR ACCEPTANC,Experian
MD,CREDCO,Equifax
MD,GREENSKY INSTALLMENT,Experian
MD,TRUISTAUTO,TransUnion
MD,HYUNDAI CAPITAL AMERIC,Experian
MD,KIA FINANCE AMERICA,Equifax
MD,FREEDOM FEDERAL,Equifax
MD,ABERDEEN PROVING GRO,Equifax
MD,KOONS OF REISTERSTOW,Equifax
MD,CIS INC,TransUnion
MD,XACTUS-CISS LLC,Experian
MD,XACTUS,Equifax
MD,GREENSKY INSTALLMENT,Experian
MD,LIGHTSTREAM,TransUnion
MD,HYUNDAI MOTOR FINANC,Equifax
MD,NCCINC/ATLANTIC HYUNDA,Experian
MD,SYNCB,TransUnion
MD,SYNCB,Experian
MD,ADV CREDIT,TransUnion
MD,ADVANTAGE CREDIT INC,Experian
MD,"ADVANTAGE CREDIT,INC",Equifax
MD,CIC CREDIT,Experian
MD,XACTUS-CISS LLC,Experian
MD,XACTUS,Equifax
MD,GREENSKY INSTALLMENT,Experian
MD,GREENSKY INSTALLMENT,Experian
MD,CREDIT PLUS,TransUnion
MD,XACTUS-CP/HOMEBRIDGE F,Experian
MD,XACTUS,Equifax
MD,CRTFD CRDT,TransUnion
MD,CCR/THE MORTGAGE FIRM,Experian
MD,CERTIFIED CREDIT,Equifax
MD,BAXTER CU,TransUnion
MD,JPMCB CARD,TransUnion
MD,JPMCB CARD,TransUnion
MD,JPMCB CARD,Experian
MD,WF CRD SVC,Equifax
MD,BK OF AMER,Experian
MD,XACTUS LLC,TransUnion
MD,CREDCO,TransUnion
MD,CREDCO,Equifax
MD,CREDCO,TransUnion
MD,CREDCO,TransUnion
MD,CORELOGIC CREDCO LLC,Equifax
MD,FACTUAL DATA,TransUnion
MD,FACTUAL DATA,Equifax
MD,CAPITAL ONE,TransUnion
MD,CAPITAL ONE BANK USA,Equifax
MD,CAP ONE NA,Experian
MD,BALTIMORE COUNTY EMP,Equifax
MD,UB PARKERSBU,TransUnion
MD,WELLS FARGO DEALER S,Equifax
MD,CREDCO,Equifax
MD,JPMCB - AUTO FINANCE,Equifax
MD,JPMCB - CARD SERVICE,Equifax
MD,JPMCB - CARD SERVICE,Equifax
MD,CAPITAL ONE,TransUnion
MD,CAPITAL ONE BANK USA,Equifax
MD,CAP ONE NA,Experian
MICHIGAN,,
MI ,FNB OMAHA,Experian
MI ,BK OF AMER,TransUnion
MI ,BK OF AMER,Experian
MI ,"CITIBANK NA., BEST BUY",Experian
MI ,JPMCB CARD,Experian
MI ,JPMCB CARD,TransUnion
MI ,LC BANK,TransUnion
MI ,AMERICAN EXPRESS,Experian
MI ,AMERICAN EXP,TransUnion
MI ,FACTUAL DATA,Experian
MI ,FACTUAL DATA,TransUnion
MI ,FACTUAL DATA,Equifax
MI ,CREDCO/ROCKET MORTGAGE,Experian
MI ,CREDCO,TransUnion
MI ,CREDCO,Equifax
MI ,NAVY FEDERAL CR UNION,Experian
MI ,BK OF AMER,Experian
MI ,NAVY FCU,TransUnion
MI ,AMERICAN EXPRESS,Experian
MI ,,Experian
MI ,AMERICAN EXP,TransUnion
MI ,ROLLINS ACCEPTANCE (,Equifax
MI ,MITSUBISHI HC CAPITAL,Experian
MI ,AXE TRAILERS LLC,Equifax
MI ,ASCENTIUM CAPITAL LLC,Experian
MI ,JPMCB CARD,TransUnion
MI ,ZEAL CREDIT UNION,Experian
MI ,EXPERIAN BUSINESS CRED,Experian
MI ,AXE TRAILERS LLC,Equifax
MI ,HUNTINGTON N,TransUnion
MI ,SHEFFIELD FINANCIAL,Equifax
MI ,SYNCB,TransUnion
MI ,DR TRAILER S,TransUnion
MI ,CAPITAL ONE AUTO FIN,Experian
MI ,ALLY FINANCIAL,Experian
MI ,CAPITAL ONE,Equifax
MI ,GM FINANCIAL,TransUnion
MI ,GM FINANCIAL,TransUnion
MI ,ALLY FINANCI,TransUnion
MI ,GMFINANCIAL,TransUnion
MI ,JPMCB AUTO,TransUnion
MI ,COAF,TransUnion
MI ,ALLY FINANCIAL,Experian
MI ,ALLY FINANCI,TransUnion
MI ,JPMCB AUTO,TransUnion
MI ,LAKE TRUST CREDIT UNIO,Experian
MI ,NOWCOM/WESTLAKE FINANC,Experian
MI ,ALLY FINANCIAL,Experian
MI ,PNC BANK,Experian
MI ,CONSUMER PORTFOLIO SVC,Experian
MI ,CAPITAL ONE AUTO FIN,Experian
MI ,BK OF AMER,Experian
MI ,700 CREDIT/FELDMAN CHE,Experian
MI ,ALLY FINANCIAL,Equifax|
MI ,CAPITAL ONE,Equifax
MI ,SANTANDER,TransUnion
MI ,GM FINANCIAL,TransUnion
MI ,CPS,TransUnion
MI ,FELDMAN CHEV,TransUnion
MI ,ALLY FINANCI,TransUnion
MI ,ASSOCIATED B,TransUnion
MI ,US BANK,TransUnion
MI ,COAF,TransUnion
MI ,FIFTH THIRD,TransUnion
MI ,GMFINANCIAL,TransUnion
MI ,JPMCB CARD,Experian
MI ,JPMCB CARD,TransUnion
MI ,NAVY FCU,TransUnion
MI ,NCCINC/GLASSMAN AUTOMO,Experian
MI ,GLASSMAN AUT,TransUnion
MI ,CAP ONE NA,Experian
MI ,CAPITAL ONE BANK USA,Equifax
MI ,CAPITAL ONE,TransUnion
MI ,DISCOVER FINANCIAL SER,Experian
MI ,CREDIT ONE BANK NA,Experian
MI ,CREDCO,TransUnion
MI ,CREDCO/LOANDEPOT,Experian
MI ,CORELOGIC CREDCO LLC,Equifax
MI ,CREDCO,TransUnion
MI ,CREDCO/LOANDEPOT,Experian
MI ,CORELOGIC CREDCO LLC,Equifax
MI ,CONSUMERS CU,TransUnion
MI ,CONSUMERS CU,TransUnion
MI ,GOODMAN FROST PLLC,Experian
MI ,HONOR CU,TransUnion
MI ,ALLY FINANCI,TransUnion
MI ,SEELYE KIA O,TransUnion
MI ,CONSUMERS CU,TransUnion
MI ,ALLY FINANCIAL,Experian
MI ,MDT/LAFCU,Experian
MI ,BRB/BHG,TransUnion
MI ,DISCOVER BANK,Equifax
MI ,STAR AUTO SALES,Equifax
MI ,WESTLAKE SERVICE INC,Equifax
MI ,INDEPENDENT BANK,Equifax
MI ,INDEPENDENT BANK,Equifax
MI ,CREDIT ACCEPTANCE,Experian
MI ,COMENITYCAPITAL/BJSW,Equifax
MI ,XACTUS,Equifax
MI ,UNIVERSALCIS,TransUnion
MI ,BK OF AMER,TransUnion
MI ,JPMCB CARD,TransUnion
MI ,JPMCB CARD,Experian
MI ,BRCLYSBANKDE,TransUnion
MI ,WF CRD SVC,Experian
MI ,AMEX,Experian
MI ,NAVY FCU,TransUnion
MI ,CAPITAL ONE BANK USA,Equifax
MI ,CAPITAL ONE,TransUnion
MI ,CAPITAL ONE BANK USA,Equifax
MI ,CAPITAL ONE,TransUnion
MI ,NAVY FEDERAL CR UNION,Experian
MI ,XACTUS,Equifax
MI ,UNIVERSALCIS,TransUnion
MI ,BRCLYSBANKDE,TransUnion
MI ,SYNCB/AMAZON,TransUnion
MI ,NAVY FCU,TransUnion
MI ,NAVY FEDERAL CR UNION,Experian
MI ,SYNCB/SAMS,TransUnion
MI ,NAVY FCU,TransUnion
MI ,WAYMC/CBNA,Experian
MINNESOTA,,
MN ,AMEX,Experian
MN ,ELAN FINANCI,TransUnion
MN ,"CITIBANK NA., BEST B",Equifax
MN ,SYNCB/PPMC,TransUnion
MN ,COMENITYCAPITAL/SEPH,Equifax
MN ,"CITIBANK NA., BEST B",Equifax
MN ,COMENITYCAPITAL/SEPH,Equifax
MN ,SYNCB/JCP,TransUnion
MN ,ELAN FINANCI,TransUnion
MN ,"CITIBANK NA., BEST B",Equifax
MN ,GS BANK,TransUnion
MN ,SYNCB/PAYPAL,TransUnion
MN ,"CITIBANK NA., BEST B",Equifax
MN ,COMENITYBANK/VICTORIA,Experian
MN ,ELAN FINANCI,TransUnion
MN ,US BANK,TransUnion
MN ,SARMA,TransUnion
MN ,ROYAL CR UN,TransUnion
MN ,MICROBILT CORPORATIO,Equifax
MN ,BK OF AMER,Experian
MN ,TARDS CBNA,Experian
MN ,ROYAL CR UN,TransUnion
MN ,ROYAL CR UN,TransUnion
MN ,BK OF AMER,Experian
MN ,SYNCB/JCP,TransUnion
MN ,EXPERIAN BUSINESS CRED,Experian
MN ,FACTUAL DATA,Experian
MN ,DISCOVER FINANCIAL SER,Experian
MN ,ROYAL CR UN,TransUnion
MN ,CA/JACKSON AUTO EAST,Experian
MN ,JPMCB - CARD SERVICE,Equifax
MN ,JPMCB CARD,Experian
MN ,BRCLYSBANKDE,TransUnion
MN ,SYNCB/JCP,TransUnion
MN ,FB T/MERCURY,TransUnion
MN ,STERLING PAYMENT TECHN,Experian
MN ,ADVCREDITBUR,TransUnion
MN ,ADVANTAGE CREDIT BUREA,Experian
MN ,ADVANTAGE CREDIT BUR,Equifax
MN ,DISCOVER FINANCIAL SER,Experian
MN ,"SOFI BANK, N.A",Experian
MN ,MOMNT TECH,TransUnion
MN ,SERVICE FIN,TransUnion
MN ,GREENSKY INSTALLMENT,Experian
MN ,AMERICAN NATIONAL BANK,Experian
MN ,ALLY FINANCIAL,Experian
MN ,CHRYSLER CAPITAL,Experian
MN ,700/CORWIN CHRYSLER,Experian
MN ,CORWIN CHRYSLER,Equifax
MN ,TRUIST DEALER SERVIC,Equifax
MN ,ALLY FINANCIAL,Equifax
MN ,JPMCB - AUTO FINANCE,Equifax
MN ,AMERICAN NATIONAL BA,Equifax
MN ,CITI CARDS CBNA,Experian
MN ,FACTUAL DATA,Equifax
MN ,M&T BANK INDIRECT CG,Equifax
MN ,M&T BANK,Experian
MN ,US BANK DS REC FIN,Equifax
MN ,700 CREDIT/CAMPING WOR,Experian
MN ,CAMPING WORLD RV SAL,Equifax
MN ,700/CORWIN CHRYSLER,Experian
MN ,ALLY FINANCIAL,Equifax
MN ,CORWIN CHRYSLER,Equifax
MN ,FNB OMAHA,Experian
MN ,US BANK,TransUnion
MN ,US BANK,TransUnion
MN ,GREENSKY/THD LOAN SRVC,Experian
MN ,FACTUAL DATA,Equifax
MN ,FD/BELL BANK,Experian
MN ,WF CRD SVC,Experian
MN ,ALLIANT CU,TransUnion
MN ,CITI CARDS CBNA,Experian
MN ,US BANK,TransUnion
MN ,BRCLYSBANKDE,TransUnion
MN ,SPIRE CREDIT UNION,Equifax
MN ,EQUIFAX MORTGAGE SER,Equifax
MN ,SPIRE CREDIT UNION,Equifax
MN ,FEB/DESTINY,TransUnion
MN ,ROYAL CR UN,TransUnion
MN ,WF CRD SVC,Experian
MN ,ALLIANT CU,TransUnion
MN ,DISCOVER FINANCIAL SER,Experian
MN ,US BANK,TransUnion
MN ,JPMCB CARD,Experian
MN ,WF PLL,Experian
MN ,BK OF AMER,Experian
MN ,ROYAL CR UN,TransUnion
MN ,WELLS FARGO-PL&L,Equifax
MN ,JPMCB - CARD SERVICE,Equifax
MN ,ALLIANT CU,TransUnion
MN ,ALLY FINANCIAL,Experian
MN ,NCCINC/PARK CHRYSLER J,Experian
MN ,VCU LENDING,TransUnion
MN ,FIN INST LEN,TransUnion
MN ,PARK CHRYSLE,TransUnion
MN ,PARK JEEP INC,Equifax
MN ,ALLY FINANCIAL,Equifax
MN ,CAPITAL ONE,TransUnion
MN ,CAP ONE NA,Experian
MN ,FINMKT INC.,TransUnion
MN ,NASA FEDERAL CREDIT UN,Experian
MN ,FINMKT INC.,TransUnion
MN ,CREDCO,TransUnion
MN ,CREDCO,Experian
MN ,ONEMAIN,TransUnion
MN ,ONEMAIN,Experian
MN ,MERRICK BK,TransUnion
MN ,WINGS FINANCIAL CU,Experian
MN ,CREDIT ONE BANK NA,Experian
MN ,CAPITAL ONE,TransUnion
MN ,CAP ONE NA,Experian
MN ,FINMKT INC.,TransUnion
MN ,NASA FEDERAL CREDIT UN,Experian
MN ,FINMKT INC.,TransUnion
MN ,CREDCO,TransUnion
MN ,CREDCO,Experian
MN ,ONEMAIN,TransUnion
MN ,ONEMAIN,Experian
MN ,MERRICK BK,TransUnion
MN ,WINGS FINANCIAL CU,Experian
MN ,CREDIT ONE BANK NA,Experian
MISSOURI,,
MO,PNC BANK,Experian
MO,US BANK,TransUnion
MO,US BANK,TransUnion
MO,CITIBANK NA,Equifax
MO,SYNCB/SAMS CLUB,Experian
MO,SYNCB/SAMS,TransUnion
MO,TTLC,Experian
MO,CIC CREDIT,Equifax
MO,CIC MORTGAGE,TransUnion
MO,CIC CREDIT,Experian
MO,BIRCHWOOD CREDIT SER,Equifax
MO,ALOHA CAPITA,TransUnion
MO,BIRCHWOOD CREDIT SERV,Experian
MO,NORTHSTAR LEASING INC,Experian
MO,FIRST CITIZENS BANK AN,Experian
MO,ADMINISTRATION SERVICE,Experian
MO,COMM AMERICA,TransUnion
MO,ADVANTAGE CREDITINC,Equifax
MO,ADVNTGE CRED,TransUnion
MO,ADVANTAGE CREDIT INC,Experian
MO,TD AUTO FIN,TransUnion
MO,CATERPILR FI,TransUnion
MO,CENTRAL POWER SYSTEM,Equifax
MO,ADVANTAGE CREDITINC,Equifax
MO,ADVNTGE CRED,TransUnion
MO,ADVANTAGE CREDIT INC,Experian
MO,ADMINISTRATION SERVICE,Experian
MO,EXPERIAN BUSINESS CRED,Experian
MO,CREDIT INFORMATION S,Equifax
MO,CREDIT INFOR,TransUnion
MO,FACTUAL DATA,Equifax
MO,FACTUAL DATA,Experian
MO,PATHWARD NA EQUIP,Experian
MO,FIRST CITIZENS BANK AN,Experian
MO,CREDCO,Experian
MO,CENTRAL NATL,TransUnion
MO,JPMCB AUTO,TransUnion
MO,VICTORY FORD,TransUnion
MO,WFDS,TransUnion
MO,PNC BANK,Experian
MO,BANK OF ODESSA,Equifax
MO,FACTUAL DATA,Equifax
MO,FACTUAL DATA,TransUnion
MO,FACTUAL DATA/0600,Experian
MO,ADVANTAGE CREDITINC,Equifax
MO,ADVNTGE CRED,TransUnion
MO,ADVANTAGE CREDIT INC,Experian
MO,FACTUAL DATA,Experian
MO,CREDCO,Equifax
MO,CREDCO,TransUnion
MO,CREDCO,Experian
MO,ADVNTGE CRED,TransUnion
MO,ALLY FINANCIAL,Experian
MO,TD AUTO FIN,TransUnion
MO,WFBNA AUTO,TransUnion
MO,ALLY FINANCI,TransUnion
MO,JPMCB AUTO,TransUnion
MO,SANTANDER,TransUnion
MO,ALLY FINANCIAL,Experian
MO,SANTANDER,TransUnion
MO,ALLY FINANCI,TransUnion
MO,TD AUTO FIN,TransUnion
MO,CBC/KENDALL BANK,Experian
MO,SYNCB/SAM'S CLUB,Equifax
MO,BRCLYSBANKDE,TransUnion
MO,ALLY FINANCI,TransUnion
MO,NAPLETO KIA,TransUnion
MO,US BANK DEAL,TransUnion
MO,MUNGENAST LE,TransUnion
MO,ALLY FINANCI,TransUnion
MO,JPMCB AUTO,TransUnion
MO,BOMMARITO HO,TransUnion
MO,HUNTINGTON A,TransUnion
MO,ALLTRU CREDI,TransUnion
MO,ALLY FINANCI,TransUnion
MO,FOURSIGHT CA,TransUnion
MO,US BANK DEAL,TransUnion
MO,SYNCB/PAYPAL,TransUnion
MO,LIGHTSTRM,TransUnion
MO,NAVY FCU,TransUnion
MO,ELAN FINANCI,TransUnion
MO,1ST COMMUNIT,TransUnion
MO,1ST COMMUNIT,TransUnion
MO,INFORMATIVE,TransUnion
MO,BK OF AMER,TransUnion
MO,NAVY FCU,TransUnion
MO,JPMCB CARD,TransUnion
MO,NAVY FEDERAL CR UNION,Experian
MO,NAVY FCU,TransUnion
MO,LIGHTSTRM,TransUnion
MO,JPMCB CARD,TransUnion
MO,1ST COMMUNIT,TransUnion
MO,LIGHTSTRM,TransUnion
MO,JPMCB CARD,TransUnion
MO,NAVY FCU,TransUnion
MO,NAVY FCU,TransUnion
MISSISSIPPI,,
MS,SANTANDER,TransUnion
MS,VW CREDIT,TransUnion
MS,SOUTHPNT VW,TransUnion
MS,COAF,TransUnion
MS,TD AUTO FIN,TransUnion
MS,GS BANK,TransUnion
MS,GOLDMAN SACHS BANK U,Equifax
MS,AMEX,Experian
MS,AMEX,TransUnion
MS,MAPLES GAS CO INC.,Equifax
MS,CIC CREDIT,Experian
MS,CIC CREDIT,TransUnion
MS,"IMPERIAL TRADING CO,",Equifax
MS,CAP ONE NA,Experian
MS,CAPITAL ONE,TransUnion
MS,CAPITAL ONE BANK US.A,Equifax
MS,DISCOVER BANK,Equifax
MS,GOODLEAP LLC,TransUnion
MS,GOODLEAP LLC,Experian
MS,US BANK,TransUnion
MS,WELLS FARGO DEALER S,Equifax
MS,FIFTH THIRD,TransUnion
MS,WFDS,TransUnion
MS,JPMCB AUTO,TransUnion
MS,ALLY FINANCIAL,Experian
MS,FORD MOTOR CREDIT CORP,Experian
MS,WESTLAKE SERVICE INC,Equifax
MS,AN FORD MEMPHIS #247,Equifax
MS,ORION FEDERAL CREDIT,Equifax
MS,ALLY FINANCIAL,Equifax
MS,"FIFTH THIRD BANK, N.",Equifax
MS,BRCLYSBANKDE,TransUnion
MS,CONNEXUS CU,TransUnion
MS,PROSPERWEBBK,TransUnion
MS,FEDEX EMPLOY,TransUnion
MS,PINNACLE BANK,Experian
MS,DISCOVER FIN,TransUnion
MS,CRB/UPGRADE,TransUnion
MS,NAVY FCU,TransUnion
MS,CREDCO,TransUnion
MS,CREDCO,Equifax
MS,NAVY FCU,TransUnion
MS,FEDEX EMPLOY,TransUnion
MS,FEDEX EMPLOY,TransUnion
MS,JPMCB CARD,Experian
MS,JPMCB CARD,TransUnion
MS,NAVY FEDERAL CR UNION,Experian
MS,JPMCB CARD,Experian
MS,JPMCB CARD,TransUnion
MS,ADVANTAGE CREDIT INC,Experian
MS,ADV CREDIT,TransUnion
MS,CAP ONE NA,Experian
MS,CAPITAL ONE,TransUnion
MS,TO AUTO FIN,TransUnion
MS,NAVY FCU,TransUnion
MS,NAVY FEDERAL CR UNION,Experian
MS,EXPERIAN BUSINESS CRED,Experian
MS,ALLY FINANCIAL,Experian
MS,MAC HAIK CHR,TransUnion
MS,CHRYSLER CAP,TransUnion
MS,TD AUTO FIN,TransUnion
MS,WFDS,TransUnion
MS,SYNCB/AMAZON PLCC,Experian
MS,SYNCB/AMAZON,TransUnion
MS,ACRANET-130,TransUnion
MS,EXETER FINANCE LLC/WCG,Experian
MS,ALLY FINANCIAL,Experian
MS,GLOBAL LENDING SERVICE,Experian
MS,700 CREDIT/MAZDA OF JA,Experian
MS,DEFI/TMCC/MAZDA FIN SV,Experian
MS,BK OF AMER,Experian
MS,MAZDA OF JAC,TransUnion
MS,SANTANDER,TransUnion
MS,MAZDA FINSER,TransUnion
MS,WFDS,TransUnion
MS,TD AUTO FIN,TransUnion
MS,CAP ONE NA,Experian
MS,CAPITAL ONE,TransUnion
MS,FD/RENASANT BANK,Experian
MS,FACTUAL DATA,TransUnion
MS,RENASANT BAN,TransUnion
NORTH CAROLINA,,
NC ,SHERWIN-WILLIAMS COMPA,Experian
NC ,WELLS FARGO DEALER S,Equifax
NC ,TRUIST DEALER SERVIC,Equifax
NC ,SOUTHEAST TOYOTA FIN,Equifax
NC ,ALLY FINANCIAL,Equifax
NC ,COASTAL FEDERAL CRED,Equifax
NC ,CAPITAL ONE,Equifax
NC ,FIFTH THIRD BANK. N.,Equifax
NC ,TOYOTA SCION OF CONC,Equifax
NC ,TD AUTO FIN,TransUnion
NC ,JPMCB AUTO,TransUnion
NC ,FIFTH THIRD,TransUnion
NC ,COAF,TransUnion
NC ,ALLY FINANCIAL,Experian
NC ,PNC BANK,Experian
NC ,SANTANDER CONSUMER USA,Experian
NC ,CAPITAL ONE AUTO FIN,Experian
NC ,BK OF AMER,Experian
NC ,THD/CBNA,Equifax
NC ,FICO/SANTANDER BANK NA,Experian
NC ,ML/COMMONWEALTH ONE FC,Experian
NC ,NASA FEDERAL CREDIT UN,Experian
NC ,TOWER FEDERA,TransUnion
NC ,TACK AUTOMOTIVE LLC,Equifax
NC ,TD AUTO FINANCE,Equifax
NC ,MECHANICS BANK,Equifax
NC ,CONSUMER PORTFOLIO S,Equifax
NC ,WELLS FARGO DEALER S,Equifax
NC ,WESTLAKE SERVICE INC,Equifax
NC ,TRUIST DEALER SERVIC,Equifax
NC ,SOUTHEAST TOYOTA FIN,Equifax
NC ,ALLY FINANCIAL,Equifax
NC ,JPMCB - AUTO FINANCE,Equifax
NC ,CAPITAL ONE,Equifax
NC ,AMERICREDIT FINANCIA,Equifax
NC ,TRULIANT FEDERAL CRE,Equifax
NC ,COAF,TransUnion
NC ,SHRONVIEWFCU,TransUnion
NC ,CPS,TransUnion
NC ,TD AUTO FIN,TransUnion
NC ,NORTHWEST BN,TransUnion
NC ,NORTHWEST BN,TransUnion
NC ,FIRST TECH FCU,Experian
NC ,TD AUTO FINANCE,Experian
NC ,EXETER FINANCE LLC/WCG,Experian
NC ,ALLY FINANCIAL,Experian
NC ,1ST PREMIER,TransUnion
NC ,NAVY FCU,TransUnion
NC ,CAPITAL ONE,TransUnion
NC ,CREDIT ONE BANK NA,Experian
NC ,CAP ONE NA,Experian
NC ,CITI CARDS CBNA,Experian
NC ,DISCOVER FINANCIAL SER,Experian
NC ,CAPITAL ONE BANK USA,Equifax
NC ,AMEX,Experian
NC ,SYNCB/PAYPAL,TransUnion
NC ,STATE EMPLOYEES CRED,Equifax
NC ,SYNCB/AMAZON,TransUnion
NC ,SYNCB/AMAZON PLCC,Experian
NC ,JPMCB - CARD SERVICE,Equifax
NC ,FINGERHUT/WEBBANK,Experian
NC ,CITIZENS BANK,Equifax
NC ,CAPITAL ONE,TransUnion
NC ,CAP ONE NA,Experian
NC ,CAPITAL ONE BANK USA,Equifax
NC ,PROSPERWEBBK,TransUnion
NC ,RENTGROW,Experian
NC ,PNC BANK,Experian
NC ,SANTANDER CONSUMER USA,Experian
NC ,CAPITAL ONE AUTO FIN,Experian
NC ,BK OF AMER,Experian
NC ,TACK AUTOMOTIVE LLC,Equifax
NC ,SOUTHEAST TOYOTA FIN,Equifax
NC ,THD/CBNA|,Equifax
NC ,CREDCO,Equifax
NC ,CREDCO,TransUnion
NC ,CREDCO,TransUnion
NC ,CREDCO,Experian
NC ,JPMCB - CARD SERVICE,Equifax
NC ,JPMCB CARD,Experian
NC ,CBNA|,Equifax
NC ,EQUIFAX MORTGAGE SER,Equifax
NC ,EQUIFAX MTG,TransUnion
NC ,EQUIFAX MORTGAGE SERVI,Experian
NC ,CREDCO,Equifax
NC ,CREDCO,TransUnion
NC ,CREDCO,Experian
NC ,DISCOVER HOME LOANS,Equifax
NC ,DISCOVER BAN,TransUnion
NC ,DISCOVER FINANCIAL SER,Experian
NC ,DISCOVER HOME LOANS,Equifax
NC ,DISCOVER BAN,TransUnion
NC ,DISCOVER FINANCIAL SER,Experian
NC ,WF CRD SVC,TransUnion
NC ,EQUIFAX MORTGAGE SER,Equifax
NC ,EQUIFAX MTG,TransUnion
NC ,EQUIFAX MORTGAGE SERVI,Experian
NC ,CAPITAL ONE,Equifax
NC ,COAF,TransUnion
NC ,CAPITAL ONE AUTO FIN,Experian
NC ,MEMBERS CREDIT UNION,Equifax
NC ,BRCLYSBANKDE,TransUnion
NC ,CITIBANK N A,Equifax
NC ,CBNA,Equifax
NC ,CITIBANK N A,Equifax
NC ,CBNA,Equifax
NC ,CAPITAL ONE,Equifax
NC ,COAF,TransUnion
NC ,CAPITAL ONE AUTO FIN,Experian
NC ,CAPITAL ONE BANK USA,Equifax
NC ,CAPITAL ONE,TransUnion
NC ,CAP ONE NA,Experian
NC ,OLLO/TBOM,TransUnion
NC ,OLLO/TBOM/CWS,Experian
NC ,CITIBANK N A,Equifax
NC ,XACTUS-CP|,Experian
NC ,UNITEDFCU,TransUnion
NC ,BNC NATIONAL BANK,Experian
NC ,CREDIT PLUS,TransUnion
NC ,XACTUS,Equifax
NC ,WF BANK NA,TransUnion
NC ,COMENITYCAPITAL/INTRVL,Experian
NC ,CBNA,Equifax
NC ,FACTUAL DATA,Experian
NC ,FACTUAL DATA,TransUnion
NC ,FACTUAL DATA,Equifax
NC ,BNC NATIONAL BANK,Experian
NC ,CREDCO,Experian
NC ,CREDCO,TransUnion
NC ,CORELOGIC CREDCO LLC,Equifax
NC ,FACTUAL DATA,Experian
NC ,FACTUAL DATA,TransUnion
NC ,FACTUAL DATA,
NC ,UNITEDFCU,TransUnion
NC ,CREDIT PLUS,TransUnion
NC ,XACTUS-CP,Experian
NC ,BNC NATIONAL BANK,Experian
NC ,XACTUS,Equifax
NC ,VISTA HD LLC,Equifax
NC ,FACTUAL DATA,TransUnion
NC ,FACTUAL DATA,Experian
NC ,FACTUAL DATA,Equifax
NC ,PNC BANK,Experian
NC ,CITIZENS ONE AUTO FI,Equifax
NC ,TRUIST DEALER SERVIC,Equifax
NC ,"FIFTH THIRD BANK, N.",Equifax
NC ,HOMETRUST BANK,Equifax
NC ,FLOW COMPANIES OF AS,Equifax
NC ,UNITEDFCU,TransUnion
NC ,FACTUAL DATA,TransUnion
NC ,FACTUAL DATA,Experian
NC ,FACTUAL DATA,Equifax
NC ,BNC NATIONAL BANK,Experian
NC ,CREDCO,TransUnion
NC ,CREDCO,TransUnion
NC ,CREDCO,Experian
NC ,CORELOGIC CREDCO LLC,Equifax
NC ,FACTUAL DATA,TransUnion
NC ,FACTUAL DATA,Experian
NC ,FACTUAL DATA,Equifax
NC ,CREDCO,TransUnion
NC ,LIGHTSTREAM,TransUnion
NC ,NAVY FCU,TransUnion
NC ,CIT BANK N.A.,Experian
NC ,CIT BANK N.A.,Experian
NC ,LOAN PRONTO,TransUnion
NC ,GS BANK,TransUnion
NC ,PROSPERWEBBK,TransUnion
NC ,KOHLS/CAPONE,Experian
NC ,BLUERIDGE/UP,TransUnion
NC ,CREDIT PLUS,TransUnion
NC ,FACTUAL DATA/0600,Experian
NC ,FACTUAL DATA,TransUnion
NC ,EQUIFAX MORTGAGE SERVI,Experian
NC ,EQUIFAX MTG,TransUnion
NC ,FACTUAL DATA/0600,Experian
NC ,EQUIFAX MORTGAGE SOLUT,Experian
NC ,FACTUAL DATA,TransUnion
NC ,EQUIFAX MTG,TransUnion
NC ,CRB/UPGRADE,TransUnion
NC ,FD/FAIRWAY INDEPENDT M,Experian
NC ,FAIRWAY INDE,TransUnion
NC ,BRCLYSBANKDE,TransUnion
NC ,CAPITAL ONE,TransUnion
NC ,BMO,TransUnion
NC ,ELAN FINANCI,TransUnion
NC ,CAP ONE NA,Experian
NC ,DITAL ONE BANK USA,Equifax
NC ,OINT FEDERAL CRE,Equifax
NC ,BK OF AMER,TransUnion
NC ,JPMCB CARD,Experian
NC ,US BANK,TransUnion
NC ,DISCOVER FINANCIAL SER,Experian
NC ,SYNCB/LOWES,TransUnion
NC ,NAVY FCU,TransUnion
NC ,STATE EMPLOYEES CRED,Equifax
NC ,STATE EMPLOYEES CRED,Equifax
NC ,CAPITAL ONE,TransUnion
NC ,CAP ONE NA,Experian
NC ,CAPITAL ONE BANK USA,Equifax
NC ,NAVY FCU,TransUnion
NC ,EQUIFAX MORTGAGE SERVI,Experian
NC ,EQUIFAX MTG,TransUnion
NC ,EQUIFAX MORTGAGE SERVI,Experian
NC ,EQUIFAX MTG,TransUnion
NC ,ADVANTAGE CREDIT INC,Experian
NC ,ADVNTGE CRED,TransUnion
NEW HAMPSHIRE,,
NH ,ALLIANT CU,TransUnion
NH ,CBNA,Equifax
NH ,PENTAGON FCU-ALEXAND,Equifax
NH ,WF CRD SVC,Experian
NH ,AMEX,Experian
NH ,ELAN FINANCIAL SERVICE,Experian
NH ,BK OF AMER,Experian
NH ,JPMCB CARD,Experian
NH ,DISCOVER FINANCIAL SER,Experian
NH ,CITIZENS BANK,Equifax
NEW JERSEY,,
NJ,CRB/UPGRADE,TransUnion
NJ,MARRIOTT EMP FCU,Experian
NJ,JPMCB CARD,Experian
NJ,CITI CARDS CBNA,Experian
NJ,SOFI BANK NA,Experian
NJ,FICO/SANTANDER BANK NA,Experian
NJ,TRUIST BANK,Equifax
NJ,CRB/UPGRADE,TransUnion
NJ,AMER,TransUnion
NJ,JPMCB CARD,Experian
NJ,JPMCB CARD,Experian
NJ,ELAN FINANCI,TransUnion
NJ,BK OF AMER,TransUnion
NJ,JPMCB CARD,Experian
NJ,BMO BANK NA,TransUnion
NJ,BK OF AMER,TransUnion
NJ,ELAN FINANCI,TransUnion
NJ,JPMCB CARD,Experian
NJ,GS BANK,TransUnion
NJ,BK OF AMER,TransUnion
NJ,JPMCB CARD,Experian
NJ,TRUIST BANK,Equifax
NJ,ELAN FINANCI,TransUnion
NJ,TSYS,TransUnion
NJ,JPMCB CARD,Experian
NJ,TRUIST BANK,Equifax
NJ,DY OF AMER,TransUnion
NJ,BMO BANK NA,TransUnion
NJ,ADP SCRN & S,TransUnion
NJ,JPMCB CARD,Experian
NJ,TCM BANK NA,Experian
NJ,JPMCB CARD,Experian
NJ,BK OF AMER,TransUnion
NJ,ELAN FINANCI,TransUnion
NJ,BK OF AMER,Experian
NJ,NAVY FCU,TransUnion
NJ,JPMCB CARD,Experian
NJ,BK OF AMER,TransUnion
NJ,BMO BANK NA,TransUnion
NJ,US BANK,TransUnion
NJ,GS BANK,TransUnion
NJ,TESLA FINANC,TransUnion
NJ,PPOSPERWEBBK,TransUnion
NJ,ICAN EXPRESS KABBA,Experian
NJ,COASTL/PROSP,TransUnion
NJ,SYNCB/LOWES,TransUnion
NJ,EXPERIAN BUSINESS CRED,Experian
NJ,REACH FINANCIAL/FINWIS,Experian
NJ,FNB OMAHA,Experian
NJ,FEB/DESTINY,TransUnion
NJ,CREDIT ONE BANK NA,Experian
NJ,GS BANK,TransUnion
NJ,DISCOVER FINANCIAL SER,Experian
NJ,WF CRD SVC,Equifax
NJ,LC BANK,TransUnion
NJ,FINWISE/UPST,TransUnion
NJ,UPSTART / FINWISE BA,Equifax
NJ,JPMCB CARD,Experian
NJ,CB CARD,Experian
NJ,JPMCB CARD,Experian
NJ,CREDCO,Experian
NJ,CREDCO,TransUnion
NJ,CREDCO,Equifax
NJ,AFFINITY FCU,Experian
NJ,AFFINITY FCU,Experian
NJ,BK OF AMER,Experian
NJ,SYNCB/WALG,TransUnion
NJ,SHEFFIELD FINANCIAL,Equifax
NJ,700 CREDIT/CROSSROADS,Experian
NJ,JPMCB CARD,Experian
NJ,NAVY FCU,TransUnion
NJ,NAVY FEDERAL CR UNION,Experian
NJ,TRUIST BANK,Equifax
NJ,AMEX,Experian
NJ,NAVY FEDERAL CR UNION,Experian
NJ,AMEX,Experian
NJ,AMERICAN EXP,TransUnion
NJ,AMERICAN EXPRESS,Experian
NJ,NAVY FCU,TransUnion
NJ,MACYS/CBNA,Experian
NJ,NAVY FCU,TransUnion
NJ,MARKET USA FEDERAL CRE,Experian
NJ,SECURITYPLUS,TransUnion
NJ,ERRO MTR CAR,TransUnion
NJ,NAVY FCU,TransUnion
NJ,BK OF AMER,Experian
NJ,DISCOVER FINANCIAL SER,Experian
NJ,NAVY FCU,TransUnion
NJ,SYNCB/PAYPAL,TransUnion
NJ,TOWER FEDERA,TransUnion
NJ,TOWER FEDERA,TransUnion
NJ,JPMCB CARD,TransUnion
NJ,PSECU,TransUnion
NJ,PENTAGON FCU,Equifax
NJ,CAPITAL ONE BANK USA,Equifax
NJ,CAPITAL ONE,TransUnion
NJ,CITIBANK NA/THD,Equifax
NJ,VIVE FINANCIAL,Equifax
NJ,VIVE/TBOM,TransUnion
NJ,WF BANK NA,TransUnion
NJ,ALLY FINANCIAL,Experian
NJ,ALLY FINANCIAL,Experian
NJ,NCCINC/ROUTE 46 MITSUB,Experian
NJ,CAPITAL ONE AUTO FIN,Experian
NJ,CAPITAL ONE,Equifax
NJ,ROUTE 46 MIT,TransUnion
NJ,COAF,TransUnion
NJ,JPMCB AUTO,TransUnion
NJ,VLLY NAT BK,TransUnion
NJ,21ST CENTURY AUTO GR,Equifax
NJ,XACTUS-CP,Experian
NJ,"XACTUS, LLC",Equifax
NJ,CREDIT PLUS,TransUnion
NJ,XACTUS-CP,Experian
NJ,SYNCB/JCP,TransUnion
NJ,PNC BANK NA,Experian
NJ,LIGHTSTREAM,TransUnion
NJ,US SM BUS ADMIN ODA,Experian
NJ,KCB CREDIT L,TransUnion
NJ,KCB CREDIT LLC,Equifax
NJ,KCB CREDIT LLC/ML,Experian
NJ,CREDIT PLUS,TransUnion
NJ,XACTUS,Equifax
NJ,XACTUS-CP,Experian
NJ,CITIBANK N A,Equifax
NJ,AMEX,TransUnion
NJ,NAVY FCU,TransUnion
NJ,BRCLYSBANKDE,TransUnion
NJ,CITIZENS BANK,Equifax
NJ,TRUIST BANK,Equifax
NJ,POLICE AND FIRE FCU/PA,Experian
NJ,AMEX,Experian
NJ,LOAN FUNDER,TransUnion
NJ,XACTUS,Equifax
NJ,XACTUS-CP/LOAN FUNDER,Experian
NJ,CIC CREDIT,Equifax
NJ,GS BANK,TransUnion
NJ,US DEPARTMENT OF EDU,Equifax
NJ,CREDIT ONE BANK NA,Experian
NJ,JPMCB AUTO,TransUnion
NJ,LANDROVER CH,TransUnion
NJ,700/LANDROVER CHERRYH,Experian
NJ,BK OF AMER,Experian
NJ,CREDIT PLUS,TransUnion
NJ,XACTUS-CP,Experian
NJ,UNIVERSAL CR,TransUnion
NJ,XACTUS-UCS,Experian
NJ,UNIVERSAL CR,TransUnion
NJ,FULTON FIN C,TransUnion
NJ,CITADEL FCU,TransUnion
NJ,CREDCO,TransUnion
NJ,TRUISTAUTO,TransUnion
NJ,BK OF AMER,TransUnion
NJ,CAPITAL ONE,TransUnion
NJ,SYNCB/LOWES,TransUnion
NJ,BK OF AMER,TransUnion
NJ,SYNCB/LOWES,TransUnion
NJ,BK OF AMER,TransUnion
NJ,SYNCB/LOWES,Experian
NJ,JPMCB CARDI,TransUnion
NJ,DISCOVER FINANCIAL SER,Experian
NJ,AMERICAN NEI,TransUnion
NJ,UNIVERSAL CR,TransUnion
NJ,TD BANK N.A.,Experian
NJ,GRIP INC 2,TransUnion
NJ,GS BANK,TransUnion
NJ,GRIP INC 2,TransUnion
NJ,LANDROVER CH,TransUnion
NJ,JPMCB AUTO,TransUnion
NJ,700/LANDROVER CHERRY H,Experian
NEVADA,,
NV,WELLS FARGO BD CRE,Equifax
NV,DISCOVER FINANCIAL,Equifax
NV,DISCOVER FIN,TransUnion
NV,WF PLL,Experian
NV,DISCOVER FINANCIAL SER,Experian
NV,AMEX,Experian
NV,AQUA FINANCE,TransUnion
NV,TOYOTA MOTOR CREDIT CO,Experian
NV,AN TOYSCION LASVEGAS,Equifax
NV,DESERT TOYOT,TransUnion
NV,"CIC MORTGAGE CREDIT,",Equifax
NV,CIC CREDIT,TransUnion
NV,FACTUAL DATA,Experian
NV,FACTUAL DATA,Equifax
NV,FACTUAL DATA,TransUnion
NV,USBANK,Equifax
NV,PARTNERS CREDIT & VERI,Experian
NV,PARTNERS CREDIT & VE,Equifax
NV,PARTNERS CRE,TransUnion
NV,JPMCB CARD,Experian
NV,FACTUAL DATA,Equifax
NV,FACTUAL DATA,TransUnion
NV,FACTUAL DATA,Experian
NV,JPMCB BB,Experian
NV,DISCOVER FINANCIAL SER,Experian
NV,DISCOVER HOME LOANS,Equifax
NV,DISCOVER BAN,TransUnion
NV,COMENITYCAPITAL/ROSSMC,Experian
NV,DISCOVER FINANCIAL SER,Experian
NV,DISCOVER FINANCIAL,Equifax
NV,MISCOVER FIN,TransUnion
NV,ROCKET MORTGAGE,Experian
NV,FACTUAL DATA,Equifax
NV,FACTUAL DATA,TransUnion
NV,PARTNERS/AMERICAN FINA,Experian
NV,PARTNERS CREDIT & VE,Equifax
NV,PARTNERS CRE,TransUnion
NV,CREDCO/WELLS FARGO MOR,Experian
NV,CORELOGIC CREDCO,Equifax
NV,CREDCO,TransUnion
NV,PREMIUM CREDIT BUREAU,Experian
NV,PREMIUM CREDIT BUREA,Equifax
NV,XACTUS-CP,Experian
NV,"XACTUS, LLC",Equifax
NV,FEDERAL SAV,TransUnion
NV,ALLY LENDING/FNI,Experian
NV,AMERICA FIRST CREDITU,Experian
NV,CAPITAL ONE,TransUnion
NV,CAP ONE NA,Experian
NV,CAPITAL ONE BANK USA,Equifax
NV,JPMCB CARD,Experian
NV,CENA,Equifax
NV,BK OF AMER,TransUnion
NV,JPMCB CARD,Experian
NV,AMEX,Experian
NV,SERVICE FIN,TransUnion
NV,IST SECURITY BANK OF,Equifax
NV,GREENSKY INSTALLMENT,Experian
NV,BK OF AMER,Experian
NV,ADUNTGE CRED,TransUnion
NV,ADVANTAGE CREDIT INC,Experian
NV,ADVANTAGE CREDITINC,Equifax
NV,BRCLYSBANKDE,TransUnion
NV,BARCLAYS BANK DELAWARE,Experian
NV,EVU/BLUEGREEN VACATION,Experian
NV,AMEX,Experian
NV,BK OF AMER,Experian
NV,BK OF AMER,TransUnion
NV,AMERICA FIRST CREDIT U,Experian
NV,JPMCB CARD,Experian|
NV,JPMCB CARD,Experian
NV,JPMCB CARD,Experian
NV,WELLSFARGO,Experian
NV,ZIONS FIRST NATIONAL B,Experian|
NV,ZIONS FIRST NATIONAL B,Experian
NV,FEDERAL SAV,TransUnion
NV,XACTUS-CP,Experian
NV,"XACTUS, LLC",Equifax
NV,SILVER STATE SCHOOLS C,Experian
NV,AMERICA FIRST CREDITU,Experian|
NV,SYNCB,TransUnion
NV,CENTENNIAL H,TransUnion
NV,TRUISTAUTO,TransUnion
NV,TD AUTO FIN,TransUnion
NV,ALLY FINANCI,TransUnion
NV,US BANK DS WEST,Experian|
NV,HYUNDAI CAPITAL AMERIC,Experian
NV,HYUNDAI CAPITAL AMERIC,Experian
NV,ALLY FINANCIAL,Experian
NV,JPMCB AUTO,Experian
NV,700/CENTENNIAL HYUNDAI,Experian
NV,CENTENNIAL HY LLC,Equifax
NV,"LITHIA MOTORS/DRIVEW
 TD AUTO FIN","Equifax
 TransUnion"
NV,,
NV,"ALLY FINAN I
 CHAPMAN LAS","TransUnion
 TransUnion"
NV,ALLY FINANCI,TransUnion
NV,ALLY FINANCIAL,Experian
NV,CHRYSLER CAPITAL,Experian
NV,"NCCINC/CHAPMAN LAS VEG
 BK OF AMER",Experian Experian
NV,WFB BD CRE,Experian
NV,SYNCB/LOWES,TransUnion
NV,SYNCE/LOWES,Experian|
NV,JPMCB CARD,Experian
NV,US BANK,TransUnion
NV,SALLIE MAE B,TransUnion
NV,NAVY FEDERAL CR UNION,Experian
NV,DISCOVER FINANCIAL,Equifax
NV,GOLDMAN SACH,TransUnion
NV,DISCOVER FIN,TransUnion
NV,CONNEXUS CU,TransUnion
NV,NAVY FEDERAL CR UNION,Experian
NV,DEPT OF INTERIOR FCU,Equifax
NV,USALLIANCE FEDERAL CR,Experian
NV,DISCOVER FINANCIAL SER,Experian
NV,CBNA,Equifax
NV,RFFC FINANCI,TransUnion
NV,NAVY FCU,TransUnion
NV,CAP ONE NA,Experian
NV,CAPITAL ONE BANK USA,Equifax
NV,CAPITAL ONE,TransUnion
NV,AMEX,Experian
NV,NAVY FCU,TransUnion
NV,NAVY FCU,TransUnion
NV,NAVY FCU,TransUnion
NV,DIGITAL FEDERAL CRED,Equifax
NV,USAA FEDERAL SAVINGS B,Experian
NV,EMS/VETERANS UNITED HO,Experian
NV,‹ RANS UNI,TransUnion
NV,EQUIFAX MORTGAGE SER,Equifax
NV,DIGITAL FEDERAL CRED,Equifax
NV,RENTGROW,Experian
NV,NAVY FCU,TransUnion
NV,NAVY FCU,TransUnion
NV,NCCINC/TOYOTA OF BOERN,Experian
NV,NAVY FCU,TransUnion
NV,USAA FEDERAL SAVINGS B,Experian
NV,DIGITAL FEDERAL CRED,Equifax
NV,EVOLVE BANK TRUST/DESE,Experian
NV,CAPITAL ONE BANK USA,Equifax
NV,CAPITAL ONE,TransUnion
NV,CAP ONE NA,Experian
NV,BK OF AMER,Experian
NV,CRB/UPGRADE,TransUnion
NV,BRCLYSBANKDE,TransUnion
NV,JPMCB CARD,Experian
NV,DISCOVER FINANCIAL SER,Experian
NV,AMERICAN EXP,TransUnion
NV,CAPITAL ONE,TransUnion
NV,AMERICAN EXPRESS,Experian
NV,AMEX,Experian
NV,CAP ONE NA,Experian
NV,CAPITAL ONE BANK USA,Equifax
NV,BK OF AMER,TransUnion
NV,ALLIANT CRED,TransUnion
NV,UPSTART NETW,TransUnion
NV,UPSTART NETWORK INC,Equifax
NV,UPSTART NETW,TransUnion
NV,UPSTART NETWORK INC,Equifax
NV,ONEMAIN,Experian
NV,CREDCO,TransUnion
NV,CREDCO,TransUnion
NV,CREDCO,Experian
NV,CORELOGIC CREDCO LLC,Equifax
NV,SAFERENT SOLUTIONS LLC,Experian
NV,SYNCB,TransUnion
NV,ALLIANT CRED,TransUnion
NV,ONEMAIN,TransUnion
NV,ONEMAIN FINANCIAL OF,Equifax
NV,ALLIANT CRED,TransUnion
NV,JPMCB CARD,Experian
NV,CORELOGIC,TransUnion
NV,CORELOGIC CREDCO LLC,Experian
NV,US BANK CONSOLIDATED,Experian
NV,KINECTA FCU,TransUnion
NV,KINECTA FED CU,Experian
NV,FB T/MERCURY,TransUnion
NV,ODPTC/CBNA,Experian
NV,SYNCB/LOWES,TransUnion
NV,EXPERIAN BUSINESS CRED,Experian
NV,THD/CBNA,Experian
NV,STAPLES-C/CBNA NA,Experian
NV,SYNCB/JCPBRC,TransUnion
NV,EXPERIAN BUSINESS CRED,Experian
NV,EXPERIAN BUSINESS CRED,Experian
NV,BEST EGG/FIRST BK&TR/M,Experian
NV,PENTAGON FEDERAL CR UN,Experian
NV,SYNCB/LOWES,TransUnion
NV,EXPERIAN BUSINESS CRED,Experian
NV,UPSTART NETW,TransUnion
NV,SYNCB/JCPBRC,TransUnion
NV,EXPERIAN BUSINESS CRED,Experian
NV,AXOS BANK,Experian
NV,INNOVATELOAN,TransUnion
NV,MERRICK BANK,TransUnion
NV,PROSPERWEBBK,TransUnion
NV,CARVANA,Experian
NV,MERRICK BANK,TransUnion
NV,CELTICBK/CON,TransUnion
NV,FINGERHUT/WEBBANK,Experian
NV,OPORTUN INC/,TransUnion
NORTH WESTERN,,
NW,SARMA,TransUnion
NW,X1/CCB,Experian
NW,CREDIT PLUS,TransUnion
NW,XACTUS-CP,Experian
NW,"XACTUS, LLC",Equifax
NW,ML FACTORS TRUST,Experian
NW,UNIVERSAL CR,TransUnion
NW,XACTUS-UCS,Experian
NW,XACTUS,Equifax
NW,RIVERMARK COMMUNITY CU,Experian
NW,ADVNTGE CRED,TransUnion
NW,FACTUAL DATA,Experian
NW,FACTUAL DATA,Equifax
NW,ADVANTAGE CREDIT INC,Experian
NW,"ADVANTAGE CREDIT,INC",Equifax
NW,JPMCB CARD,Experian
NW,JPMCB - CARD SERVICE,Equifax
NW,CREDCO-SCM,TransUnion
NW,CREDCO,Experian
NW,CREDCO,Equifax
NW,WELLS FARGO DEALER S,Equifax
NW,AMEX,TransUnion
NW,CAPITAL ONE,TransUnion
NW,JPMCB CARD,Experian
NW,AMEX,Experian
NW,CAP ONE NA,Experian
NW,JPMCB - CARD SERVICE,Equifax
NW,CAPITAL ONE BANK USA,Equifax
NW,SYNCB/VENMO,TransUnion
NW,FB T/MERCURY,TransUnion
NW,WELLS FARGO DEALER S,Equifax
NW,"UCS/SPRING EQ, LLC",Experian
NW,AMEX,TransUnion
NW,AMEX,Experian
NW,"UCS/SPRING EQ, LLC",Experian
NW,UNIVERSAL CR,TransUnion
NW,XACTUS-UCS,Experian
NW,PETAL CARD/WEBBANK,Experian
NW,CBNA,Equifax
NW,XACTUS,Equifax
NW,AMEX,Experian
NW,JPMCB - CARD SERVICE,Equifax
NW,GS BANK,TransUnion
NW,DISCOVER FINANCIAL SER,Experian
NW,JPMCB CARD,Experian
NEW YORK,,
NY,SARMA,TransUnion
NY,X1/CCB,Experian
NY,CREDIT PLUS,TransUnion
NY,XACTUS-CP,Experian
NY,"XACTUS, LLC",Equifax
NY,ML FACTORS TRUST,Experian
NY,UNIVERSAL CR,TransUnion
NY,XACTUS-UCS,Experian
NY,XACTUS,Equifax
NY,RIVERMARK COMMUNITY CU,Experian
NY,ADVNTGE CRED,TransUnion
NY,FACTUAL DATA,Experian
NY,FACTUAL DATA,Equifax
NY,ADVANTAGE CREDIT INC,Experian
NY,"ADVANTAGE CREDIT,INC",Equifax
NY,JPMCB CARDI,Experian
NY,JPMCB - CARD SERVICE,Equifax
NY,CREDCO-SCM,TransUnion
NY,CREDCO,Experian
NY,CREDCO,Equifax
NY,WELLS FARGO DEALER S,Equifax
NY,AMEX,TransUnion
NY,CAPITAL ONE,TransUnion
NY,JPMCB CARD,Experian
NY,AMEX,Experian
NY,CAP ONE NA,Experian
NY,JPMCB - CARD SERVICE,Equifax
NY,CAPITAL ONE BANK USA,Equifax
NY,SYNCB/VENMO,TransUnion
NY,FB T/MERCURY,TransUnion
NY,WELLS FARGO DEALER S,Equifax
NY,"UCS/SPRING EQ, LLC",Experian
NY,AMEX,TransUnion
NY,AMEX,Experian
NY,UCS/SPRING EQ. LLC,Experian
NY,UNIVERSAL CR,TransUnion
NY,XACTUS-UCS,Experian
NY,PETAL CARD/WEBBANK,Experian
NY,CBNA,Equifax
NY,XACTUS,Equifax
NY,AMEX,Experian
NY,JPMCB - CARD SERVICE,Equifax
NY,GS BANK,TransUnion
NY,DISCOVER FINANCIAL SER,Experian
NY,JPMCB CARD,Experian
OHIO,,
OH ,BK OF AMER,TransUnion
OH ,JPMCB CARD,TransUnion
OH ,NAVY FCU,TransUnion
OH ,XACTUS-CP,Experian
OH ,CREDIT PLUS,TransUnion
OH ,CBNA/THD,TransUnion
OH ,NFCU/,TransUnion
OH ,NAVY FCU,TransUnion
OH ,XACTUS - UCS,Experian
OH ,XACTUS LLC,TransUnion
OH ,NAVY FCU,TransUnion
OH ,JPMCB CARD,TransUnion
OH ,CARDS CBNA,Experian
OH ,BK OF AMER,TransUnion
OH ,CAP1/MNRDS,Experian
OH ,CAP1/MNRDS,TransUnion
OH ,CAP1/MENARDS,Equifax
OH ,DISCOVER FINANCIAL SER,Experian
OH ,JPMCB CARD,Experian
OH ,JPMCB CARD,TransUnion
OH ,ALLY FINANCIAL,Equifax
OH ,ALLY FINANCIAL,Experian
OH ,TOYOTA MOTOR CREDIT CO,Experian
OH ,GERMAIN TOYO,TransUnion
OH ,JPMCB AUTO,TransUnion
OH ,HUNTINGTON B,TransUnion
OH ,HUNTINGTON N,TransUnion
OH ,JPMCB BB,TransUnion
OH ,HNB SMALL BUSINESS B,Equifax
OH ,RTS FINANCIAL SERVICES,Experian
OH ,JPMCB BB,TransUnion
OH ,HNB SMALL BUSINESS B,Equifax
OH ,HNB SMALL BUSINESS B,Equifax
OH ,HNB SMALL BUSINESS B,Equifax
OH ,RTS FINANCIAL SERVICES,Experian
OH ,SYNCB/PAYPAL,TransUnion
OH ,JPMCB - CARD SERVICE,Equifax
OH ,JPMCB CARD,Experian
OH ,BUSH TRUCK LEASING I,Equifax
OH ,HNB SMALL BUSINESS B,Equifax
OH ,US BANK,TransUnion
OH ,BK OF AMER,TransUnion
OH ,CBNA,Equifax
OH ,TAY BANK NA,Experian
OH ,"<
 B CARD",TransUnion
OH ,JPMCB CARD,Experian
OH ,AMEX,Experian
OH ,FOUNDATION F,TransUnion
OH ,AQUA FINANCE,TransUnion
OH ,SOLAR MOSAIC LLC,Equifax
OH ,US BANK,TransUnion
OH ,NCC/ROYAL UNITED MORTG,Experian
OH ,EQUIFAX MTG,TransUnion
OH ,EQUIFAX MORTGAGE SER,Equifax
OH ,EMS/AMERISAVE MORTGAGE,Experian
OH ,AMEX,Experian
OH ,CAP ONE NA,Experian
OH ,CBNA,Equifax
OH ,CAPITAL ONE BANK USA,Equifax
OH ,ELAN FINANCI,TransUnion
OH ,UC RANK,TransUnion
OH ,FAMER,TransUnion
OH ,CAPITAL ONE,TransUnion
OH ,JPMCB CARD,Experian
OH ,JPMCB - CARD SERVICE,Equifax
OH ,JPMCB CARD,Experian
OH ,JPMCB CARD,TransUnion
OH ,PREMIER BANK,TransUnion
OH ,HUNTINGTON N,TransUnion
OH ,FICO/SANTANDER BANK NA,Experian
OH ,KOHLS/CAPONE,Experian
OH ,CAP ONE NA,Experian
OH ,CAPITAL ONE BANK USA,Equifax
OH ,CAPITAL ONE,TransUnion
OH ,CAP ONE NA,Experian
OH ,BK OF AMER,Experian
OH ,JPMCB CARD,Experian
OH ,CITI CARDS CBNA,Experian
OH ,CAPITAL ONE,TransUnion
OH ,ELAN FINANCI,TransUnion
OH ,WF CRD SVC,TransUnion
OH ,CAPITAL ONE BANK USA,Equifax
OH ,XACTUS-CP,Experian
OH ,CREDIT PLUS,TransUnion
OH ,XACTUS LLC,Equifax
OH ,GE EMPLOYEES FEDERAL,Equifax
OH ,XACTUS-CP,Experian
OH ,CREDIT PLUS,TransUnion
OH ,XACTUS,Equifax
OREGON,,
OR ,US BANK,TransUnion
OR ,SYNCB,TransUnion
OR ,REPRISE FINANCIAL,Experian
OR ,LENDINGPOINT/FINWISE B,Experian
OR ,FNB OMAHA,Experian
OR ,CBNA,Equifax
OR ,BRCLYSBANKDE,TransUnion
OR ,FINWSE/LENDP,TransUnion
OR ,FACTUAL DATA,Equifax
OR ,FACTUAL DATA,TransUnion
OR ,FD/UNION SAVINGS BANK,Experian
OR ,"MARINER FINANCE, LLC",Equifax
OR ,PROSPERWEBBK,TransUnion
OR ,GE EMPLOYEES FEDERAL,Equifax
OR ,WR PATT CR U,TransUnion
OR ,WR PATT CR U,TransUnion
OR ,CONSUMER PORTFOLIO S,Equifax
OR ,GLOBAL LENDING SERVI,Equifax
OR ,ALLY FINANCIAL,Equifax
OR ,CAPITAL ONE,Equifax
OR ,GE EMPLOYEES FEDERAL,Equifax
OR ,COAF,TransUnion
OR ,HUNTINGTON,TransUnion
OR ,CPS,TransUnion
OR ,JEFF WYLER COLERAIN,Equifax
OR ,PROSPERWEBBK,TransUnion
OR ,CRB/UPGRADE,TransUnion
OR ,CRB/UPGRADE,TransUnion
PENNSYLVANIA,,
PA,FACTUAL DATA,Equifax
PA,FACTUAL DATA,TransUnion
PA,FACTUAL DATA,Experian
PA,FACTUAL DATA,Equifax
PA,ACRANET,Equifax
PA,ACRANET-384,TransUnion
PA,FACTUAL DATA,TransUnion
PA,FACTUAL DATA,Experian
PA,ACRANET/384,Experian
PA,ACRANET,Equifax
PA,ACRANET-384,TransUnion
PA,ACRANET/384,Experian
PA,JPMCB CARD,Experian
PA,WF CRD SVC,Experian
PA,CREDIT PLUS,TransUnion
PA,"XACTUS, LLC",Equifax
PA,CORELOGIC,TransUnion
PA,CORELOGIC CREDCO,Equifax
PA,LOGIC,TransUnion
PA,•¿LOGIC CREDCO,Equifax
PA,COMENITY BANK/TRWRDS,Equifax
PA,CITIZENS ONE,TransUnion
PA,CITIZENS ONE AUTO FI,Equifax
PA,COAF,TransUnion
PA,ALLY FINANCI,TransUnion
PA,CARVISION PH,TransUnion
PA,SANTANDER,TransUnion
PA,CAPITAL ONE,Equifax
PA,COMENITYCAPITAL/BJSW,Equifax
PA,CREDCO,TransUnion
PA,CORELOGIC CREDCO,Equifax
PA,COMENITYCAPITAL/SEPH,Equifax
PA,JPMCB CARD,TransUnion
PA,JPMCB CARD,Experian
PA,FACTUAL DATA,TransUnion
PA,FATUAL DATA,Experian
PA,JAL DATA,Equifax
PA,PNC BANK,Experian
PA,FB T/MERCURY,TransUnion
PA,MERRICK BANK CORPORATI,Experian
PA,CAPITAL ONE,TransUnion
PA,CAP ONE NA,Experian
PA,CAPITAL ONE BANK USA,Equifax
PA,JPMCB CARD,TransUnion
PA,JPMCB CARD,Experian
PA,TBOM/ASPIRE,TransUnion
PA,CREDIT ONE BANK NA,Experian
PA,PETAL CARD/WEBBANK,Experian
PA,ALLY FINANCIAL,Experian
PA,PNC BANK,Experian
PA,TD AUTO FIN,TransUnion
PA,ALLY FINANCI,TransUnion
PA,AMERICAN EXPRESS,Experian
PA,JPMCB CARD,Experian
PA,AMEX,Experian
PA,JPMCB CARD,TransUnion
PA,BK OF AMER,TransUnion
PA,AMERICAN EXP,TransUnion
PA,LENDMARK FINANCIAL S,Equifax
PA,GLOBAL LENDING SERVI,Equifax
PA,CAPITAL ONE,Equifax
PA,ALLY FINANCIAL,Experian
PA,GLOBAL LENDING SERVICE,Experian
PA,NCCINC/KEYSER MILLER F,Experian
PA,CAPITAL ONE AUTO FIN,Experian
PA,BK OF AMER,Experian
PA,KEYSER,TransUnion
PA,TD AUTO FIN,TransUnion
PA,ALLY FINANCI,TransUnion
PA,COAF,TransUnion
PA,FIFTH THIRD,TransUnion
PA,SANTANDER,TransUnion
PA,DIAMOND CU,TransUnion
PA,SYNCB/PAYPAL,TransUnion
PA,BMW FIN SVC,TransUnion
PA,LENDMARK FINANCIAL S,Equifax
PA,COMENITYBANK/KAY,Experian
PA,CBNA,Equifax
PA,FBT/MERCURY,TransUnion
PA,CAPITAL ONE,TransUnion
PA,CAPITAL ONE BANK USA,Equifax
PA,CAP ONE NA,Experian
PA,ONEMAIN,TransUnion
PA,ONEMAIN,Experian
PA,SYNCB,TransUnion
PA,ONEMAIN,TransUnion
PA,JONEMAIN,Experian
PA,CREDIT ONE BANK NA,Experian
PA,SYNCB/PAYPAL,Equifax
PA,COMENITYCAPITAL/B&H,Equifax
PA,"CITIBANK NA., BEST BUY",Experian
PA,SYNCB/PAYPAL,TransUnion
PA,PETAL CARD/WEBBANK,Experian
PA,DISCOVER FINANCIAL SER,Experian
PA,CAPITAL ONE,TransUnion
PA,CAPITAL ONE BANK USA,Equifax
PA,CAP ONE NA,Experian
PA,ELAN FINANCI,TransUnion
PA,ELAN FINANCIAL SERVI,Equifax
PA,ELAN FINANCIAL SERVICE,Experian
PA,SYNCB/AMAZON,TransUnion
PA,SYNCB/AMAZON PLCC,Experian
PA,WC KOALAFI,TransUnion
PA,KOALAFI/TBOM/DEMYST,Experian
PA,AMEX,TransUnion
PA,AMEX,Experian
PA,EQUIFAX MORTGAGE SER,Equifax
PA,EQUIFAX MTG,TransUnion
PA,EQUIFAX MORTGAGE SERVI,Experian
PA,FACTUAL DATA,Equifax
PA,FACTUAL DATA,TransUnion
PA,FACTUAL DATA,Experian
PA,ALLY FINANCIAL,Equifax
PA,PRESTON TOYO,TransUnion
PA,ALLY FINANCI,TransUnion
PA,ALLY FINANCIAL,Experian
PA,ALLY FINANCIAL,Experian
PA,700 CREDIT/PRESTON TOY,Experian
PA,BIRCHWOOD,Equifax
PA,BIRCHWOOD CREDIT SERVI,Experian
PA,BIRCHWOOD CR,TransUnion
PA,XACTUS,Equifax
PA,XACTUS-CP/LOAN FUNDER,Experian
PA,LOAN FUNDER,TransUnion
PA,THD/CBNA,Experian
PA,EXPERIAN BUSINESS CRED,Experian
PA,JPMCB CARD,TransUnion
PA,CREDCO,Equifax
PA,CREDCO,Experian
PA,CREDCO,TransUnion
PA,JPMCB CARD,TransUnion
PA,NAVY FEDERAL CR UNION,Experian
PA,AMEX,Experian
PA,AMEX,TransUnion
PA,FD/NEPA COMMUNITY FCU,Experian
PA,PSECU,Experian
PA,PSECU,Experian
PA,BK OF AMER,Experian
PA,NAVY FEDERAL CR UNION,Experian
PA,TRUIST BANK,Equifax
PA,BK OF AMER,TransUnion
PA,NAVY FCU,TransUnion
PA,FB T/MERCURY,TransUnion
PA,DISCOVER FINANCIAL SER,Experian
PA,NAVY FCU,TransUnion
PA,SYNCB/VENMO,TransUnion
PA,GS BANK,TransUnion
PA,JPMCB CARD,Experian
PA,JPMCB CARD,TransUnion
PA,XACTUS,Equifax
PA,UNIVERSAL CR,TransUnion
PA,XACTUS,Equifax
PA,UNIVERSAL CR,TransUnion
PA,CREDCO,Equifax
PA,CREDCO,TransUnion
PA,CREDCO,TransUnion
PA,EQUIFAX MORTGAGE SER,Equifax
PA,EQUIFAX MORTGAGE SERVI,Experian
PA,EQUIFAX MTG,TransUnion
PA,EQUIFAX MTG,TransUnion
PA,EQUIFAX MORTGAGE SER,Equifax
PA,EQUIFAX MORTGAGE SERVI,Experian
PA,EQUIFAX MTG,TransUnion
PA,FACTUAL DATA,Equifax
PA,FACTUAL DATA,TransUnion
PA,SYNCB/LOWE'S BRC,Equifax
PA,EXPERIAN BUSINESS CRED,Experian
PA,MAJR FINANCIAL CORP,Experian
PA,JPMCB CARD,Experian
PA,CBNA,Equifax
PA,CBNA,Equifax
PA,GOLDMAN SACH,TransUnion
PA,FINMKT INC.,TransUnion
PA,SYNCB/PAYPAL,TransUnion
PA,DOLLAR BANK,TransUnion
PA,CLEARVIEW FC,TransUnion
PA,EXPERIAN BUSINESS CRED,Experian
PA,BVU/BLUEGREEN VACATION,Experian
PA,JPMCB CARD,Experian
PA,JPMCB CARD,TransUnion
PA,CAPITAL ONE BANK USA,Equifax
PA,CAP ONE NA,Experian
PA,CAPITAL ONE,TransUnion
PA,VELOCITY CU,TransUnion
PA,ELAN FINANCI,TransUnion
PA,ELEMENTS FINANCIAL F,Equifax
PA,AP/AFFINITY FCU/DMS/DE,Experian
PA,LP/DMS/AFFINITY FCU/AM,Experian
PA,FREEDOM CU,Experian
PA,CAPITAL ONE BANK USA,Equifax
PA,CAP ONE NA,Experian
PA,CAPITAL ONE,TransUnion
PA,NAVY FCU,TransUnion
PA,PENTAGON FCU,Equifax
PA,BK OF AMER,Experian
PA,ELAN FINANCI,TransUnion
PA,AXOS BANK,Experian
PA,AXOS BANK,Experian
PA,ALLY FINANCIAL C/O GMA,Experian
PA,TD BANK N.A.,Experian
PA,EXPERIAN BUSINESS CRED,Experian
PA,EXPERIAN BUSINESS CRED,Experian
PA,JPMCB CARD,Experian
PA,JPMCB CARD,TransUnion
PA,NAVY FCU,TransUnion
PA,JPMCB CARD,Experian
PA,CBNA,Equifax
PA,COMENITYCAPITAL/IKEAPC,Experian
PA,SANTANDER BANK NA,Experian
PA,CAPITAL ONE BANK USA,Equifax
PA,CAP ONE NA,Experian
PA,ML TAB BANK,TransUnion
PA,CAPITAL ONE,TransUnion
PA,AIR ACADEMY FCU,Experian
PA,FREEDOM CU,Experian
PA,MB FIN SVCS,TransUnion
PA,CRB/UPGRADE,TransUnion
PA,DISCOVER FINANCIAL SER,Experian
PA,JPMCB CARD,TransUnion
PA,JPMCB CARD,Experian
PA,JPMCB CARD,TransUnion
PA,CAPITAL ONE,TransUnion
PA,GS BANK,TransUnion
PA,CAPITAL ONE,TransUnion
PA,JPMCB CARD,TransUnion
PA,JPMCB CARD,Experian
PA,AMEX,Experian
PA,JPMCB CARD,TransUnion
PA,JPMCB CARD,Experian
PA,CITIZENS BANK PA DPL,Equifax
PA,TRUIST BANK,Equifax
PA,ENERBANK USA,TransUnion
PA,JPMCB CARD,Experian
PA,JPMCB CARD,TransUnion
PA,WEDS,Experian
PA,CAPITAL ONE AUTO FIN,Experian
PA,CAPITAL ONE,Equifax
PA,TD AUTO FIN,TransUnion
PA,REGIONALAC,TransUnion
PA,JPMCB AUTO,TransUnion
PA,FIFTH THIRD,TransUnion
PA,COAF,TransUnion
PA,ALLY FINANCIAL,Experian
PA,PNC BANK,Experian
PA,BK OF AMER,Experian
PA,TRUISTAUTO,TransUnion
PA,ALLY FINANCI,TransUnion
PA,700 CREDIT/MCDONOUGH H,Experian
PA,HYUNDAI CAPITAL AMERIC,Experian
PA,HCA,TransUnion
PA,MCDONOUGH HY,TransUnion
PA,TT OF HENRY INC,Equifax
PA,BK OF AMER,Experian
PA,BK OF AMER,TransUnion
PA,POLICE AND FIRE FCU/PA,Experian
PA,ONEMAIN,TransUnion
PA,WEBBANK/AVAN,TransUnion
PA,PROSPERWEBBK,TransUnion
PA,FIRST PREMIER BANK,Equifax
PA,JPMCB CARD,TransUnion
PA,JPMCB CARD,Experian
PA,SIMMONS BANK,TransUnion
PA,700CR/TRUCKE,TransUnion
PA,TRANSPORT FUNDING LLC,Experian
PA,NEWREZ LLC,TransUnion
PA,AMERICAN EXP,TransUnion
PA,JPMCB CARD,TransUnion
PA,AMERICAN EXPRESS,Experian
PA,JPMCB CARD,TransUnion
PA,AMEX,TransUnion
PA,CAPITAL ONE,TransUnion
PA,AMEX,Experian
PA,CAP ONE NA,Experian
PA,NAVY FCU,TransUnion
PA,NAVY FCU,TransUnion
PA,LIGHTSTREAM,TransUnion
PA,SOFI BANK NA,Experian
PA,CREDIT PLUS,TransUnion
PA,CREDIT PLUS,TransUnion
PA,UNIVERSAL CR,TransUnion
PA,JPMCB CARD,Experian
PA,CBNA,Equifax
PA,CBNA,Equifax
PA,GOLDMAN SACH,TransUnion
PA,FINMKT INC.,TransUnion
PA,SYNCB/PAYPAL,TransUnion
PA,DOLLAR BANK,TransUnion
PA,CLEARVIEW FC,TransUnion
PA,JPMCB CARD,TransUnion
PA,JPMCB CARD,TransUnion
PA,ELAN FINANCI,TransUnion
PA,JPMCB CARD,TransUnion
PA,JPMCB CARD,TransUnion
PA,JPMCB CARD,TransUnion
PA,US BANK,TransUnion
PA,ELAN FINANCI,TransUnion
PA,ELAN FINANCI,TransUnion
PA,JPMCB CARD,TransUnion
PA,JPMCB CARD,TransUnion
PA,AMEX,Experian
PA,DISCOVER FINANCIAL SER,Experian
PA,GS BANK GM,TransUnion
PA,JPMCB CARD,Experian
PA,CBNA,Equifax
PA,CBNA,Equifax
PA,GOLDMAN SACH,TransUnion
PA,FINMKT INC.,TransUnion
PA,SYNCB/PAYPAL,TransUnion
PA,NAVY FCU,TransUnion
PA,NAVY FCU,TransUnion
PA,GS BANK GM,TransUnion
PA,NAVY FCU,TransUnion
PA,BK OF AMER,TransUnion
PA,FIRST NATL B,TransUnion
PA,NAVY FEDERAL CR UNION,Experian
PA,CREDIT ONE BANK NA,Experian
PA,NAVY FCU,TransUnion
PA,NAVY FCU,TransUnion
PA,KEYBANK,Equifax
PA,NASA FEDERAL CREDIT UN,Experian
PA,CONNEXUS CU,TransUnion
PA,US BANK,TransUnion
PA,FNB OMAHA,Experian
PA,AMEX,Experian
PA,BK OF AMER,TransUnion
PA,JPMCB CARD,Experian
PA,JPMCB CARD,TransUnion
PA,JPMCB CARD,Experian
PA,JPMCB CARD,TransUnion
PA,JPMCB CARD,Experian
PA,JPMCB CARD,TransUnion
PA,TERMINIX,Equifax
PA,CAPITAL ONE BANK USA,Equifax
PA,CAP ONE NA,Experian
PA,CAPITAL ONE,TransUnion
PA,NAVY FCU,TransUnion
PA,NAVY FCU,TransUnion
PA,SYNCB/PAYPAL,TransUnion
RA,,
RA,AMEX,Experian
RA,SYNCB/TJX CO,Experian
RA,SYNCB/TJX DC,TransUnion
RA,XACTUS - AVANTUS,Experian
RA,UNIVERSALCIS,TransUnion
RA,KEYSTONE EQUIPMENT FIN,Experian
RA,JPMCB CARD,Experian
RA,EXPERIAN BUSINESS CRED,Experian
RA,EXPERIAN BUSINESS CRED,Experian
RA,EXPERIAN BUSINESS CRED,Experian
RA,ALLYFINANC,Equifax
RA,SYNCB/JCP,TransUnion
RA,ALLYFINANC,Equifax
RA,BACHRODFRE,Equifax
RA,CAP ONE AF,Equifax
RA,ALLYFINANC,Equifax
RA,CAPITAL ONE AUTO FIN,Experian
RA,ALLY FINANCIAL,Experian
RA,BK OF AMER,Experian
RA,COASTAL1 CU FKA PCU,Experian
RA,CDK/HERB CHAMBERS HOND,Experian
RA,JPMCB AUTO,TransUnion
RA,COAF,TransUnion
RA,M&T BANK IND,TransUnion
RA,GREENWOOD CU,TransUnion
RA,CITIZENS ONE,TransUnion
RRHODE ISLAND		,,
RI,AMEX,Experian
RI,SYNCB/TJX CO,Experian
RI,SYNCB/TJX DC,TransUnion
RI,XACTUS - AVANTUS,Experian
RI,UNIVERSALCIS,TransUnion
RI,KEYSTONE EQUIPMENT FIN,Experian
RI,JPMCB CARD,Experian
RI,EXPERIAN BUSINESS CRED,Experian
RI,EXPERIAN BUSINESS CRED,Experian
RI,EXPERIAN BUSINESS CRED,Experian
RI,ALLYFINANC,Equifax
RI,SYNCB/JCP,TransUnion
RI,ALLYFINANC,Equifax
RI,BACHRODFRE,Equifax
RI,CAP ONE AF,Equifax
RI,ALLYFINANC,Equifax
RI,CAPITAL ONE AUTO FIN,Experian
RI,ALLY FINANCIAL,Experian
RI,BK OF AMER,Experian
RI,COASTAL1 CU FKA PCU,Experian
RI,CDK/HERB CHAMBERS HOND,Experian
RI,JPMCB AUTO,TransUnion
RI,COAF,TransUnion
RI,M&T BANK IND,TransUnion
RI,GREENWOOD CU,TransUnion
RI,CITIZENS ONE,TransUnion
SOUTH CAROLINA,,
SC,STOKES VOLKS,TransUnion
SC,VW CREDIT,TransUnion
SC,TD AUTO FIN,TransUnion
SC,NCCINC/STOKES VOLKSWAG,Experian
SC,VW CREDIT INC,Equifax
SC,STOKES & STOKES ENTE,Equifax
SC,REV FEDERAL CREDIT U,Equifax
SC,ALLY FINANCIAL,Equifax
SC,XACTUS LLC,Equifax
SC,XACTUS-AVANTUS/ROCKET,Experian
SC,ROCKET MORTG,TransUnion
SC,CAPITAL ONE BANK USA,Equifax
SC,CAPITAL ONE,TransUnion
SC,SKYLA FEDERAL CREDIT,Equifax
SC,U S PROBATION OFFICE,Equifax
SC,CFNA,TransUnion
SC,XACTUS UNIVERSALCIS,Equifax
SC,XACTUS-DFLS,Experian
SC,XACTUS LLC,TransUnion
SC,SKYLA FEDERAL CREDIT,Equifax
SC,XACTUS,Equifax
SC,XACTUS - AVANTUS,Experian
SC,XACTUS LLC,TransUnion
SC,FACTUAL DATA,Equifax
SC,FD/ROCKET MORTGAGE,Experian
SC,FACTUAL DATA,TransUnion
SC,FACTUAL DATA,Equifax
SC,FD/ROCKET MORTGAGE,Experian
SC,FACTUAL DATA,TransUnion
SC,SKYLA FEDERAL CREDIT,Equifax
SC,CREDIT ONE BANK NA,Experian
SC,U S PROBATION OFFICE,Equifax
SC,NAVY FCU,TransUnion
SC,TRUIST BANK,Equifax
SC,AMERICAN EXPRESS,Experian
SC,TRUIST BANK,Equifax
SC,AMERICAN EXP,TransUnion
SC,BK OF AMER,TransUnion
SC,SYNCE,TransUnion
SC,BK OF AMER,TransUnion
SC,NAVY FCU,TransUnion
SC,NAVY FCU,TransUnion
SC,SYNCB/PAYPAL,TransUnion
SC,BK OF AMER,TransUnion
SC,NAVY FCU,TransUnion
SC,TRUIST BANK,Equifax
SC,DISCOVER FINANCIAL SER,Experian
SC,JPMCB - CARD SERVICE,Equifax
SC,JPMCB CARD,Experian
SC,LIGHTSTREAM,TransUnion
SC,RTS FINANCIAL SERVICES,Experian
SC,ALLY FINANCIAL,Equifax
SC,INFINITI OF UNION CI,Equifax
SC,TRUISTAUTO,TransUnion
SC,INFINITI OF,TransUnion
SC,TD AUTO FIN,TransUnion
SC,SOUTHEAST TOYOTA FIN,Equifax
SC,DICK DYER TOYOTA,Equifax
SC,DICK DYER TO,TransUnion
SC,700 CREDIT/DICK DYER T,Experian
SC,SE TOYOTA FINANCE,Experian
SC,LIGHTSTREAM,TransUnion
SC,BK OF AMER,Experian
SOUTH DAKOTA,,
SD ,BLUESTONE FCU/NUGGET,Equifax
SD ,CBNA,Equifax
SD ,AMERICAN EXPRESS,Experian
SD ,DISCOVER FINANCIAL SER,Experian
SD ,JPMCB - CARD SERVICE,Equifax
SD ,JPMCB CARD,Experian
SD ,AMEX,Experian
SD ,CUDL/VOYAGE FCU,Equifax
TENNESSEE,,
TN ,DISCOVER FINANCIAL SER,Experian
TN ,FREEDOM FINC/PATHWARD,Experian
TN ,NAVY FCU,TransUnion
TN ,ASHCROFT & O,TransUnion
TN ,FB T/MERCURY,TransUnion
TN ,DIGITAL FEDERAL CRED,Equifax
TN ,CAPITAL ONE BANK USA,Equifax
TN ,CAPITAL ONE,TransUnion
TN ,CAP ONE NA,Experian
TN ,ASCEND FCU/TN,Experian
TN ,XACTUS UNIVERSALCIS,Equifax
TN ,DATAFACTS LS,TransUnion
TN ,XACTUS-DFLS,Experian
TN ,XACTUS UNIVERSALCIS,Equifax
TN ,DATAFACTS LS,TransUnion
TN ,XACTUS-DFLS,Experian
TN ,FACTUAL DATA,Equifax
TN ,FACTUAL DATA,TransUnion
TN ,FACTUAL DATA,Experian
TN ,"XACTUS, LLC",Equifax
TN ,CREDIT PLUS,TransUnion
TN ,XACTUS-CP,Experian
TN ,SYNCB,TransUnion
TN ,ASCEND FCU/TN,Experian
TN ,FIDELITY BANK,Equifax
TN ,CORELOGIC CREDCO LLC,Equifax
TN ,CREDCO,Experian
TN ,CREDCO,TransUnion
TN ,CORELOGIC CREDCO LLC,Equifax
TN ,CREDCO,Experian
TN ,CREDCO,TransUnion
TN ,JPMCB CARD,TransUnion
TN ,JPMCB CARD,Experian
TN ,WF CRD SVC,Equifax
TN ,WF CRD SVC,Equifax
TN ,SYNCB/MC,TransUnion
TN ,SYNCB/MC,Experian
TN ,CBNA,Equifax
TN ,CAPITAL ONE BANK USA,Equifax
TN ,CAPITAL ONE,TransUnion
TN ,CAP ONE NA,Experian
TN ,AMEX,Experian
TN ,BK OF AMER,Experian
TN ,CREDITONEBK,TransUnion
TN ,WEBBANK/PYPL,TransUnion
TN ,WILSON COUNTY MOTORS,Equifax
TN ,BRENTWOOD AUTO BROKE,Equifax
TN ,AXOS BANK,Equifax
TN ,CITIZENS ONE AUTO FI,Equifax
TN ,US COMMUNITY CREDIT,Equifax
TN ,ENBRIGHT CREDIT UNIO,Equifax
TN ,ALLY FINANCIAL,Equifax
TN ,JPMCB - AUTO FINANCE,Equifax
TN ,GM FINANCIAL,Equifax
TN ,BRENTWOOD AU,TransUnion
TN ,WILSON COUNT,TransUnion
TN ,HNB,TransUnion
TN ,ALLY FINANCI,TransUnion
TN ,TRUISTAUTO,TransUnion
TN ,ALLY FINANCIAL,Experian
TN ,ALLY FINANCIAL,Experian
TN ,UPSTART/CUSTOMERSBAN,Equifax
TN ,CUSTOMERSBNK,TransUnion
TN ,CREDITONEBK,TransUnion
TN ,ALLY FINANCIAL,Equifax
TN ,JPMCB - AUTO FINANCE,Equifax
TN ,GM FINANCIAL,Equifax
TN ,CHEVROLET BUICK GMC,Equifax
TN ,ASCEND FCU/TN,Experian
TN ,ALLY FINANCIAL,Experian
TN ,FNB OMAHA,Experian
TN ,FACTUAL DATA,Equifax
TN ,FACTUAL DATA,TransUnion
TN ,FACTUAL DATA,Experian
TN ,JPMCB - CARD SERVICE,Equifax
TN ,JPMCB CARD,Experian
TN ,ASCENTIUM CAPITAL LLC,Experian
TN ,ALLY FINANCIAL,Equifax
TN ,JPMCB - AUTO FINANCE,Equifax
TN ,CAPITAL ONE,Equifax
TN ,COAF,TransUnion
TN ,CAPITAL ONE AUTO FIN,Experian
TN ,ALLY FINANCIAL,Experian
TN ,INDEPENDENT BANK,Equifax
TN ,US COMMUNITY CREDIT,Equifax
TN ,MICHAEL'S MOTOR COMP,Equifax
TN ,OLD HICKORY CR UN/MA,Equifax
TN ,ALLY FINANCIAL,Equifax
TN ,CAPITAL ONE,Equifax
TN ,COAF,TransUnion
TN ,CAPITAL ONE AUTO FIN,Experian
TN ,ALLY FINANCIAL,Experian
TN ,CARMAX AUTO FINANCE,Equifax
TN ,ALLY FINANCIAL,Equifax
TN ,JPMCB - AUTO FINANCE,Equifax
TN ,CAPITAL ONE,Equifax
TN ,COAF,TransUnion
TN ,SANTANDER,TransUnion
TN ,EXETER FINANCE LLC/WCG,Experian
TN ,CAPITAL ONE AUTO FIN,Experian
TN ,ALLY FINANCIAL,Experian
TN ,APPLE LEASING,Equifax
TN ,LENDSPARK CORPORATION,Experian
TN ,EXPERIAN BUSINESS CRED,Experian
TN ,FNB OMAHA,Experian
TN ,JPMCB - CARD SERVICE,Equifax
TN ,BK OF AMER,TransUnion
TN ,US BANK,TransUnion
TN ,JPMCB CARD,Experian
TN ,AMEX,Experian
TN ,CBNA,Equifax
TN ,TRUIST BANK,Equifax
TN ,TRUIST BANK,Equifax
TN ,FNB OMAHA,Equifax
TN ,ELAN FINANCI,TransUnion
TN ,CAPITAL ONE BANK USA,Equifax
TN ,CAPITAL ONE BANK USA,Equifax
TN ,AMERICAN EXPRESS,Experian
TN ,JPMCB CARD,Experian
TN ,CAP ONE NA,Experian
TN ,BK OF AMER,Experian
TN ,CAPITALONE,Experian
TN ,DISCOVER FINANCIAL SER,Experian
TN ,MACYS/CBNA,Experian
TN ,NAVY FCU,TransUnion
TN ,NAVY FCU,TransUnion
TN ,NAVY FCU,TransUnion
TN ,NAVY FCU,TransUnion
TN ,IST PREMIER,TransUnion
TN ,FIRST HERITAGE CREDI,Equifax
TN ,BK OF AMER,Experian
TN ,DISCOVER FINANCIAL SER,Experian
TN ,SYNCB/VENMO,TransUnion
TN ,JPMCB - CARD SERVICE,Equifax
TN ,JPMCB CARD,Experian
TN ,OFFICEDEPOT/CBNA,Equifax
TN ,SPECIAL FINANCING COMP,Experian
TN ,JPMCB CARD,Experian
TN ,JPMCB CARD,Experian
TN ,JPMCB - CARD SERVICE,Equifax
TN ,AMEX,Experian
TN ,AMEX,TransUnion
TN ,EXPERIAN BUSINESS CRED,Experian
TN ,JPMCB CARD,Experian
TN ,JPMCB - CARD SERVICE,Equifax
TN ,DAKOTA FIN,TransUnion
TN ,CREDCO,Equifax
TN ,CREDCO-SCM,TransUnion
TN ,MAXIM COMMERCIAL CAPIT,Experian
TN ,MAXIM COMMERCIAL CAPIT,Experian
TN ,NCC/PROMAX/CONVOY CAPI,Experian
TN ,"CONVOY CAPITAL, LLC",Equifax
TN ,CONVOY CAPIT,TransUnion
TN ,MAXIM COMMERCIAL CAPIT,Experian
TN ,NCC/ ROYAL UNITED MORTG,Experian
TN ,COMENITYBANK/KAY,Experian
TN ,ONEMAIN,TransUnion
TN ,ONEMAIN,Experian
TN ,NCC/ROYAL UNITED MORTG,Experian
TN ,FIRST HORIZON BANK,Equifax
TN ,CREDCO,TransUnion
TN ,CREDCO/ROCKET MORTGAGE,Experian
TN ,CREDCO,Equifax
TN ,CFNA,TransUnion
TN ,CAPITAL ONE,TransUnion
TN ,CAPITALONE,Experian
TN ,JPMCB - CARD SERVICE,Equifax
TN ,CAPITAL ONE BANK USA,Equifax
TN ,CREDCO,TransUnion
TN ,CREDCO/ROCKET MORTGAGE,Experian
TN ,CREDCO,Equifax
TN ,CREDCO,TransUnion
TN ,CREDCO/ROCKET MORTGAGE,Experian
TN ,CREDCO,Equifax
TN ,ENERBANK USA,TransUnion
TN ,ROYAL FURNITURE COMP,Equifax
TN ,"CITIBANK NA., BEST B",Equifax
TN ,ONEMAIN,TransUnion
TN ,ONEMAIN,Equifax
TN ,SYNCB/LOWES,TransUnion
TN ,SYNCB/LOWES,Experian
TN ,WF BANK NA,TransUnion
TN ,MORTGAGE,TransUnion
TN ,XACTUS LLC,Equifax
TN ,XACTUS-UCS/TJC MORTGAG,Experian
TN ,BK OF AMER,Experian
TN ,DISCOVER FINANCIAL SER,Experian
TN ,BK OF AMER,Experian
TN ,BK OF AMER,Experian
TN ,CAPITAL ONE,TransUnion
TN ,CAPITAL ONE BANK USA,Equifax
TN ,JPMCB CARD,Experian
TN ,CAP ONE NA,Experian
TN ,NAVY FCU,TransUnion
TN ,TD AUTO FIN,TransUnion
TN ,BK OF AMER,TransUnion
TN ,WELLS FARGO DEALER S,Equifax
TN ,JPMCB - CARD SERVICE,Equifax
TN ,PENTAGON FCU,Equifax
TN ,OLD HICKORY CR UN/MA,Equifax
TN ,JPMCB CARD,Experian
TN ,AMEX,Experian
TN ,IST PREMIER,TransUnion
TN ,SYNCB/HFT|,TransUnion
TN ,GLOBAL LENDING SERVI,Equifax
TN ,MEDALLION BANK,Experian
TN ,GLOBAL LENDING SERVICE,Experian
TN ,COAF,TransUnion
TN ,MIRACLE CHRY,TransUnion
TN ,RHYTHM CHRYS,TransUnion
TN ,CHRYSLER CAP,TransUnion
TN ,TRUISTAUTO,TransUnion
TN ,HNB,TransUnion
TN ,STELLANTIS FINANCIAL,Equifax
TN ,ACHIEVA CREDIT UNION,Equifax
TN ,ALLY FINANCIAL,Equifax
TN ,CAPITAL ONE,Equifax
TN ,NORTHWEST FCU,Equifax
TN ,MIRACLE CHRYSLER DOD,Equifax
TN ,COUGAR MADISON AQUIS,Equifax
TN ,700 CREDIT/MIRACLE CHR,Experian
TN ,700 CREDIT/RHYTHM CHRY,Experian
TN ,ALLY FINANCIAL,Experian
TN ,CAPITAL ONE AUTO FIN,Experian
TN ,MAHINDRA FIN,TransUnion
TN ,TRAILER MART,TransUnion
TN ,SHEFFIELD FINANCIAL,Equifax
TN ,FORTERA CREDIT UNION,Equifax
TN ,"700 CREDIT/TRAILER MAR
 CAPITAL ONE","Experian
 TransUnion"
TN ,SYNCB/JCP,TransUnion
TN ,NAVY FCU,TransUnion
TN ,NAVY FCU,TransUnion
TN ,JPMCB CARD,TransUnion
TN ,AMERICAN EXP,TransUnion
TN ,CAPITAL ONE,TransUnion
TN ,"CITIBANK NA, WAYMC",Equifax
TN ,CBNA,Equifax
TN ,WF CRD SVC,Equifax
TEXAS,,
TX,GS BANK,TransUnion
TX,JPMCB CARD,Experian
TX,WF CRD SVC,Experian
TX,DISCOVER FINANCIAL SER,Experian
TX,FNB OMAHA,Experian
TX,JPMCB CARD,Experian
TX,JPMCB CARD,TransUnion
TX,UNIV FCU,TransUnion
TX,UNIVERSITY FED CR UN,Experian
TX,RD SVC,Experian
TX,RANDOLPH BRO,TransUnion
TX,ML/RANDOLPH-BROOKS FCU,Experian
TX,SOFI BANK NA,TransUnion
TX,SOFI BANK NA,Experian
TX,SOFI BANK NA,TransUnion
TX,GS BANK,TransUnion
TX,NAVY FCU,TransUnion
TX,USAA SAVINGS BANK,Experian
TX,JPMCB CARD,Experian
TX,TRUISTAUTO,TransUnion
TX,STANLEY FORD,TransUnion
TX,FIFTH THIRD,TransUnion
TX,TD AUTO FIN,TransUnion
TX,700 CREDIT/STANLEY FOR,Experian
TX,BANK OF THE WEST,Experian
TX,BK OF AMER,Experian
TX,M&T BANK,Experian
TX,TRUIST DEALER SERVIC,Equifax
TX,FUN TOWN RV,TransUnion
TX,700 CREDIT/FUN TOWN RV,Experian
TX,FUN TOWN RV DENTON,Equifax
TX,TEXAS HERITAGE NATL BA,Experian
TX,BRCLYSBANKDE,TransUnion
TX,FACTUAL DATA,TransUnion
TX,EVOLVE BANK TRUST/DESE,Experian
TX,TRUIST DEALER SERVIC,Equifax
TX,CREDCO-AUTO,TransUnion
TX,HUNTINGTON R,TransUnion
TX,US BANK,TransUnion
TX,BK OF AMER,Experian
TX,CREDCO AUTO,Experian
TX,CREDCO,Equifax
TX,US BANK,TransUnion
TX,ALLIANT CU,TransUnion
TX,MOTOR HOME S,TransUnion
TX,HUNTINGTON R,TransUnion
TX,700 CREDIT/MOTOR HOME,Experian
TX,"RV RETAILER TEXAS, L",Equifax
TX,TRUIST DEALER SERVIC,Equifax
TX,NAVY FCU,TransUnion
TX,US BANK,TransUnion
TX,EXPERIAN BUSINESS CRED,Experian
TX,SYNCB/LOWESC,TransUnion
TX,AMEX,Experian
TX,BRCLYSBANKDE,TransUnion
TX,JPMCB CARD,Experian
TX,JPMCB CARD,TransUnion
TX,Titor Name,Credit Bureau
TX,3 FARM CREDIT SVCS,Experian
TX,NASA FEDERAL CREDIT UN,Experian
TX,SHELL FCU,Equifax
TX,ADVANTAGE,Equifax
TX,ADVANTAGE/MIDWEST EQUI,Experian
TX,ADV CREDIT,TransUnion
TX,JPMCB CARD,Experian
TX,US BANK,TransUnion
TX,JPMCB CARD,Experian
TX,INE NA,Experian
TX,TAL ONE BANK USA,Equifax
TX,CAPITAL ONE,TransUnion
TX,SYNCB/VENMO,TransUnion
TX,CAP ONE NA,Experian
TX,JPMCB CARD,Experian
TX,CAPITAL ONE BANK USA,Equifax
TX,CAPITAL ONE,TransUnion
TX,JPMCB CARD,Experian
TX,JPMCB CARD,Experian
TX,JPMCB CARD,TransUnion
TX,BANKBLUEVALY,TransUnion
TX,"ADVANTAGE CREDIT,INC",Equifax
TX,CORELOGIC CREDCO LLC,Equifax
TX,"CIC MORTGAGE CREDIT,",Equifax
TX,CIC/NETWORK FUNDING LP,Experian
TX,NETWORK FUND,TransUnion
TX,NETWORK FUND,TransUnion
TX,COMENITYCAPITAL/SEPH,Equifax
TX,CBNA,Equifax
TX,CAPITAL ONE BANK USA,Equifax
TX,CAPITALONE,Experian
TX,CAPITAL ONE,TransUnion
TX,CAPITAL ONE BANK USA,Equifax
TX,CAP ONE NA,Experian
TX,CAPITAL ONE,TransUnion
TX,TRUIST BANK,Equifax
TX,FROST BANK LENDING,Equifax
TX,AMERIFIRST,TransUnion
TX,"ADVANTAGE CREDIT,INC",Equifax
TX,NAVY FCU,TransUnion
TX,NAVY FCU,TransUnion
TX,EQUIFAX MORTGAGE SER,Equifax
TX,CAPITAL ONE,TransUnion
TX,PNC BANK,Experian
TX,COMMUNITYBANK OF TX,Equifax
TX,SUPERIOR WAT,TransUnion
TX,AQUA FINANCE,TransUnion
TX,CBNA/THD,TransUnion
TX,Creditor Name,Credit Bureau
TX,SARMA,TransUnion
TX,SARMA-MORTGAGE DEPT.,Equifax
TX,SARMA,TransUnion
TX,SARMA,TransUnion
TX,P-NOVO FINAN,TransUnion
TX,< USLLC,TransUnion
TX,SARMA,TransUnion
TX,SARMA,TransUnion
TX,CBNA,Equifax
TX,XACTUS LLC,TransUnion
TX,LC BANK,TransUnion
TX,PROSPERWEBBK,TransUnion
TX,CREDIT PLUS,TransUnion
TX,SHARESTATES,TransUnion
TX,XACTUS LLC,TransUnion
TX,XACTUS LLC,TransUnion
TX,XACTUS LLC,TransUnion
TX,CAPITAL ONE BANK USA,Equifax
TX,CAPITAL ONE,TransUnion
TX,CAP ONE NA,Experian
TX,JPMCB CARD,Experian
TX,FINANCIAL,Equifax
TX,1H POINT,TransUnion
TX,ALLY FINANCIAL,Experian
TX,TEACHER'S FC,TransUnion
TX,CITIBANK NA,Equifax
TX,JPMCB BB,TransUnion
TX,SARMA,TransUnion
TX,SOFI BANK NA,Experian
TX,WEBBANK/PYPL,TransUnion
TX,WEBBANK/PYPL,TransUnion
TX,WEBBANK/PYPL,TransUnion
TX,WEBBANK/PYPL,TransUnion
TX,JPMCB CARD,Experian
TX,UPSTART/CUSTOMERSBAN,Equifax
TX,CUSTOMERSBNK,TransUnion
TX,CAP ONE NA,Experian
TX,CAPITAL ONE BANK USA,Equifax
TX,CAPITAL ONE,TransUnion
TX,DISCOVER FINANCIAL SER,Experian
TX,JPMCB CARD,Experian
TX,AMERICAN EXPRESS,Experian
TX,AMERICAN EXP,TransUnion
TX,BK OF AMER,Experian
TX,BK OF AMER,TransUnion
TX,ADV CREDIT/PRIMARY RES,Experian
TX,ADVANTAGE CREDIT,Equifax
TX,PRIMARY RESI,TransUnion
TX,SYNCB,TransUnion
TX,COUNTYBK/BHG,TransUnion
TX,FD/MR COOPER,Experian
TX,FACTUAL DATA,Equifax
TX,MR COOPER,TransUnion
TX,XACTUS-CP,Experian
TX,"XACTUS, LLC",Equifax
TX,CREDIT PLUS,TransUnion
TX,RESIDENT VERIFY,Experian
TX,RESIDENT VERIFY,Experian
TX,CREDCO,Experian
TX,CREDCO,Equifax
TX,CREDCO,TransUnion
TX,BK OF AMER,Experian
TX,CIC CREDIT,Experian
TX,CIC CREDIT,Equifax
TX,CIC CREDIT,TransUnion
TX,XACTUS-CISS LLC,Experian
TX,XACTUS,Equifax
TX,CIS INC,TransUnion
TX,CAP ONE NA,Experian
TX,CAPITAL ONE,TransUnion
TX,CAPITAL ONE/STAPLES,Experian
TX,DISCOVER FINANCIAL SER,Experian
TX,JPMCB CARD,Experian
TX,PENTAGON,Equifax
TX,CITI CARDS CBNA,Experian
TX,CITI CARDS CBNA,Experian
TX,DISCOVER FINANCIAL SER,Experian
TX,LC BANK,TransUnion
TX,GOODLEAP LLC,TransUnion
TX,CREDCO,Equifax
TX,CORELOGIC CREDIT SOLUT,Experian
TX,CREDCO,TransUnion
TX,GOODLEAP LLC,Experian
TX,JPMCB CARD,Experian
TX,WELLS FARGO DEALER S,Equifax
TX,SM FINANCIAL,Equifax
TX,ANDER CONSUMER USA,Experian
TX,ALLY FINANCIAL,Equifax
TX,GM FINANCIAL,Equifax
TX,GARLYN SHELTON BUICK,Equifax
TX,ALLY FINANCI,TransUnion
TX,GARLYN SHELT,TransUnion
TX,ALLY FINANCIAL,Experian
TX,700/GARLYN SHELTON BUI,Experian
TX,A+ FEDERAL CREDIT UNIO,Experian
TX,SYNCB/CC,TransUnion
UTAH,,
UT ,SYNCB,TransUnion
UT ,MOUNTAIN AMERICA CU,Experian
UT ,DISCOVER FINANCIAL SER,Experian
UT ,AMEX,Experian
UT ,AMEX,Experian
UT ,US BANK DS NORTHEAST,Experian
UT ,TESLA FINANC,TransUnion
UT ,TD AUTO FIN,TransUnion
UT ,TD AUTO FIN,TransUnion
UT ,US BANK,TransUnion
UT ,USAA SAVINGS BANK,Experian
UT ,GS BANK,TransUnion
UT ,WASATCH PEAKS CU,Experian
UT ,AMERICA FIRST CREDIT U,Experian
UT ,,Experian
UT ,JPMCB CARD,Experian
UT ,WF CRD SVC,Experian
UT ,WASATCH PEAKS CU,Experian
UT ,WFB BD CRE,Experian
UT ,FACTUAL DATA,Experian
UT ,KOHLS/CAPONE,Experian
UT ,WASATCH PEAKS CU,Experian
UT ,XACTUS - UCS,Experian
UT ,UNITEDFCU,TransUnion
UT ,FIRST COLONY,TransUnion
UT ,FD/FIRST COLONY MORTGA,Experian
UT ,"FACTUAL DATA, INC.",Equifax
UT ,TD AUTO FIN,TransUnion
UT ,SANTANDER CONSUMER USA,Experian
UT ,MOUNTAIN AMERICA CU,Experian
UT ,BK OF AMER,Experian
UT ,SYNCB,TransUnion
UT ,NCCINC/HERITAGE CHRYSL,Experian
UT ,PREFERRED CREDIT INC,Experian
UT ,TOYOTA MOTOR,TransUnion
UT ,YOUNG AUTO M,TransUnion
UT ,YOUNG T/H CO,Equifax
UT ,TOYOTA MOTOR CREDIT CO,Experian
UT ,MOUNTAIN AMERICA CU,Experian
UT ,GOLDENWEST CREDIT UNIO,Experian
UT ,700 CREDIT/YOUNG AUTO,Experian
UT ,MOUNTAIN AMERICA CU,Experian
UT ,JPMCB CARD,Experian
UT ,JPMCB CARD,Experian
UT ,MOUNTAIN AMERICA CU,Experian
UT ,ELEVATE CREDIT UNION,Experian
UT ,MOUNTAIN AMERICA CU,Experian
UT ,AMERICA FIRST CREDIT U,Experian
UT ,JPMCB CARD,Experian
UT ,NCCINC/HERITAGE MOTOR,Experian
UT ,MOUNTAIN AMERICA CU,Experian
UT ,JPMCB CARD,Experian
UT ,MOUNTAIN AMERICA CU,Experian
UT ,MOUNTAIN AMERICA CU,Experian
UT ,AMERICA FIRST CREDIT U,Experian
UT ,NCCINC/DOUG SMITH SUBA,Experian
UT ,JPMCB AUTO,Experian
UT ,WFDS,Experian
UT ,JPMCB CARD,Experian
UT ,MOUNTAIN AMERICA CU,Experian
UT ,MOUNTAIN AMERICA CU,Experian
UT ,JPMCB CARD,Experian
UT ,MOUNTAIN AMERICA CU,Experian
UT ,JPMCB CARD,Experian
UT ,JPMCB CARD,Experian
UT ,B CARD,Experian
UT ,<B/VENMO,TransUnion
UT ,NG CHRYSLER,TransUnion
UT ,700 CREDIT/YOUNG CHRYS,Experian
UT ,700 CREDIT/YOUNG POWER,Experian
UT ,XACTUS,Equifax
UT ,XACTUS LLC,TransUnion
UT ,XACTUS - AVANTUS,Experian
UT ,GOLDENWEST CREDIT UNIO,Experian
UT ,CAPITAL ONE BANK USA,Equifax
UT ,CAPITAL ONE,TransUnion
UT ,WF CRD SVC,Experian
UT ,AMEX,Experian
UT ,DONE NA,Experian
UT ,B CARD,Experian
UT ,FNB OMAHA,Experian
UT ,SOLAR MOSAIC LLC,Equifax
UT ,FACTUAL DATA,Equifax
UT ,FACTUAL DATA,TransUnion
UT ,FD/NORTHPOINTE BANK,Experian
UT ,PARTNERS CREDIT & VE,Equifax
UT ,PARTNERS CRE,TransUnion
UT ,PARTNERS CREDIT & VERI,Experian
UT ,"XACTUS, LLC",Equifax
UT ,CREDIT PLUS,TransUnion
UT ,XACTUS-CP,Experian
VIRGINIA,,
VA,CITI CARDS CBNA,Experian
VA,AMERICAN EXP,TransUnion
VA,AMERICAN EXPRESS,Experian
VA,AMEX,Experian
VA,LANGLEY FEDERAL CRED,Equifax
VA,TRUIST BANK,Equifax
VA,CITIZENS BANK,Equifax
VA,INFORMATIVE RESEARCH I,Experian
VA,INFORMATIVE,TransUnion
VA,INFORMATIVE RESEARCH,Equifax
VA,EQUIFAX MORTGAGE SER,Equifax
VA,AMEX,Experian
VA,CARMAX AUTO FINANCE,Equifax
VA,SYNCB/PAYPAL,TransUnion
VA,BMW FIN SVC,TransUnion
VA,BMW FINANCIAL SERVICES,Experian
VA,CAPITAL ONE,TransUnion
VA,CAP ONE NA,Experian
VA,EXPERIAN BUSINESS CRED,Experian
VA,CREDCO,Equifax
VA,CREDCO,TransUnion
VA,CREDCO/ROCKET MORTGAGE,Experian
VA,PARTNERS CREDIT & VE,Equifax
VA,FACTUAL DATA,Equifax
VA,CROSSCOUNTRY,TransUnion
VA,PARTNERS CRE,TransUnion
VA,FD/CROSSCOUNTRY MORTGA,Experian
VA,PARTNERS/BANK OF ENGLA,Experian
VA,PARTNERS/BANK OF ENGLA,Experian
VA,EXPERIAN BUSINESS CRED,Experian
VA,XACTUS,Equifax
VA,2 ABSOLUTE H,TransUnion
VA,XACTUS-UCS/ABSOLUTE HO,Experian
VA,FACTUAL DATA,Equifax
VA,FACTUAL DATA,TransUnion
VA,FACTUAL DATA,Experian
VA,TRUIST BANK,Equifax
VA,CAPITAL ONE BANK USA,Equifax
VA,CAPITAL ONE,TransUnion
VA,CAP ONE NA,Experian
VA,BK OF AMER,TransUnion
VA,TRUIST BANK,Equifax
VA,EXPERIAN BUSINESS CRED,Experian
VA,HOME EQUITY/FIGURE LEN,Experian
VA,WF CRD SVC,TransUnion
VA,USAA FEDERAL SAVINGS B,Experian
VA,TD RETAIL CARD SERVICE,Experian
VA,DISCOVER FINANCIAL SER,Experian
VA,EMS/VETERANS UNITED HO,Experian
VA,AX MORTGAGE SER,Equifax
VA,VL-CRANS UNI,TransUnion
VA,EQUIFAX MORTGAGE SOLUT,Experian
VA,EQUIFAX MORTGAGE SER,Equifax
VA,EQUIFAX MTG,TransUnion
VA,JPMCB CARD,Experian
VA,JPMCB - CARD SERVICE,Equifax
VA,MEDALLION BANK,Experian
VA,TRUIST BANK,Equifax
VA,CAPITAL ONE,TransUnion
VA,APPLE FCU A,TransUnion
VA,NAVY FCU,TransUnion
VA,NAVY FCU,TransUnion
VA,GS BANK,TransUnion
VA,SYNCB./PAYPAL,Equifax
VA,CREDIT ONE BANK NA,Experian
VA,JPMCB - CARD SERVICE,Equifax
VA,JPMCB CARD,Experian
VA,US BANK,TransUnion
VA,ELAN FINANCI,TransUnion
VA,BK OF AMER,TransUnion
VA,CRB/UPGRADE,TransUnion
VA,CREDCO,Equifax
VA,TRUIST DEALER SERVIC,Equifax
VA,ALLY FINANCIAL,Equifax
VA,CREDCO,Experian
VA,ALLY FINANCIAL,Experian
VA,TOYOTA MOTOR CREDIT CO,Experian
VA,CREDCO,TransUnion
VA,FIFTH THIRD,TransUnion
VA,TRUIST DEALER SERVIC,Equifax
VA,LANGLEY LENDING SERV,Equifax
VA,700 CREDIT/KOONS FORD,Experian
VA,BK OF AMER,Experian
VA,TD AUTO FIN,TransUnion
VA,NAVY FCU,TransUnion
VA,NAVY FCU,TransUnion
VA,ADVANTAGE CREDIT,Equifax
VA,ADVANTAGE CREDIT/E MOR,Experian
VA,E MORTGAGE,TransUnion
VA,XACTUS,Equifax
VA,XACTUS-CP/UNION HOME M,Experian
VA,UNION HOME M,TransUnion
VA,EQUIFAX MORTGAGE SER,Equifax
VA,EMS/NETWKCAP,Experian
VA,NETWORK CAPI,TransUnion
VA,EQUIFAX MORTGAGE SER,Equifax
VA,EMS/NETWKCAP,Experian
VA,NETWORK CAPI,TransUnion
VA,EQUIFAX MORTGAGE SER,Equifax
VA,EMS/NETWKCAP,Experian
VA,NETWORK CAPI,TransUnion
VA,ALLIANT CRED,TransUnion
VA,SYNCB/TJX CO,Experian
VA,SYNCB/TJX DC,TransUnion
VA,JPMCB - AUTO FINANCE,Equifax
VA,KOONS TYSONS TOYOTA,Equifax
VA,BK OF AMER,Experian
VA,PNC BANK,Experian
VA,TOYOTA MOTOR CREDIT CO,Experian
VA,700 CREDIT/KOONS TYSON,Experian
VA,BK OF AMER,Experian
VA,TOYOTA MOTOR,TransUnion
VA,TRUISTAUTO,TransUnion
VA,KOONS TYSONS,TransUnion
VA,BK OF AMER,TransUnion
VA,NAVY FCU,TransUnion
VA,NAVY FCU,TransUnion
VA,BK OF AMER,TransUnion
VA,EXPERIAN BUSINESS CRED,Experian
VA,WELLS FARGO DEALER S,Equifax
VA,LANGLEY LENDING SERV,Equifax
VA,BK OF AMER,TransUnion
VA,BK OF AMER,Experian
VA,ALLY FINANCIAL,Experian
VA,FORD MOTOR CREDIT CORP,Experian
VA,WELLS FARGO DEALER S,Equifax
VA,CITIZENS ONE AUTO FI,Equifax
VA,ALLY FINANCIAL,Equifax
VA,JPMCB - AUTO FINANCE,Equifax
VA,LANGLEY LENDING SERV,Equifax
VA,KOONS STERLING FORD,Equifax
VA,TRUISTAUTO,TransUnion
VA,CITIZENS ONE,TransUnion
VA,RENTGROW,Experian
VA,NAVY FCU,TransUnion
WASHINGTON,,
WA ,SYNCB,TransUnion
WA ,STRAIT-VIEW CREDIT U,Equifax
WA ,SOUND SCRNG,TransUnion
WA ,AMEX,Experian
WA ,AMEX,TransUnion
WA ,CREDCO,Equifax
WA ,CREDCO/CORELOGIC,Experian
WA ,CREDCO,TransUnion
WA ,CREDCO,Equifax
WA ,CREDCO,Experian
WA ,CREDCO,TransUnion
WA ,APEX CARDMEMBER SERVIC,Experian
WA ,JPMCB - CARD SERVICE,Equifax
WA ,JPMCB CARD,Experian
WA ,MACYS/CBNA,Experian
WA ,NMAC,Equifax
WA ,COLUMBIA CU,Equifax
WA ,CAPITAL ONE,Equifax
WA ,TACOMA NISSAN,Equifax
WA ,700 CREDIT/TACOMA NISS,Experian
WA ,NISSAN MOTOR ACCEPTANC,Experian
WA ,CAPITAL ONE AUTO FIN,Experian
WA ,COAF,TransUnion
WA ,TACOMA NISSA,TransUnion
WA ,"CITIBANK NA., BEST B",Equifax
WA ,ONEMAIN,Experian
WA ,MICROBILT CORPORATIO,Equifax
WA ,ONEMAIN,TransUnion
WA ,ONEMAIN,Experian
WA ,SOFI BANK NA,Experian
WA ,DISCOVER FINANCIAL SER,Experian
WA ,LIGHTSTREAM,TransUnion
WA ,DISCOVER BANK,Equifax
WISCONSIN,,
WA ,LC BANK,TransUnion
WA ,FB T/MERCURY,TransUnion
WA ,CREDCO,TransUnion
WA ,CREDCO,Experian
WA ,CREDCO,Equifax
WA ,LC BANK,TransUnion
WA ,CFNA,TransUnion
WA ,CREDCO,TransUnion
WA ,CREDCO,Experian
WA ,CREDCO,Equifax
WA ,HEIGHTS FINA,TransUnion
WA ,WORLD ACCEPTANCE - G,Equifax
WA ,HEIGHTS FINA,TransUnion