lender_table,name,product_name,application_url,lender_row_url,eligible_states,bureaus_pulled,business_bureau_pulled,double_pull,multiple_llc_allowed,stated_requirements,docs_requested,application_method,approval_speed,typical_approval_range,average_starting_loc,max_known_loc,apr_terms,repayment_terms,draw_period_renewal,relationship_required,deposit_balance_impact,known_friendly_states,insider_tips,priority_tier,notes,active,branch_location_info,prequal_soft_pull,intro_offers,requires_account_opening,minimum_deposit,underwriter_interaction,relationship_manager,documentation_required,minimum_time_in_business_years,minimum_revenue_threshold,collateral_required,renewal_terms,loan_type,apr_range_pct,repayment_terms_months,funding_speed,loc_type,external_row_id
InBranchBizCC,1st Source Bank,,https://www.1stsource.com/business/loans/credit-card,https://app.notion.com/p/legacystrong/Indiana-253c3aa761d280869289d2c1b9f70bb0,IN,,,,,,,,,,,,,,,,,,,,Source: Notion Deep State Datapoints (Legacy Strong),true,,,,,,,,,,,,,,,,,,LEGACY-INBRANCHBIZCC-1ST-SOURCE-BANK
OnlineBizCC,Alpine Bank,,,https://app.notion.com/p/legacystrong/Colorado-253c3aa761d28070b6f5f734098892e5,CO,,,,,,,,,,,,,,,,,,,,Source: Notion Deep State Datapoints (Legacy Strong),true,,,,,,,,,,,,,,,,,,LEGACY-ONLINEBIZCC-ALPINE-BANK
InBranchBizCC,Altabank,,,https://app.notion.com/p/legacystrong/Utah-253c3aa761d28057a843c5d26660d602,UT,,,,,,,,,,,,,,,,,,,,Source: Notion Deep State Datapoints (Legacy Strong),true,,,,,,,,,,,,,,,,,,LEGACY-INBRANCHBIZCC-ALTABANK
InBranchBizCC,American Bank Center (Bravera),,,https://app.notion.com/p/legacystrong/North-Dakota-253c3aa761d280fb8cc3db0a998caa8c,ND,,,,,,,,,,,,,,,,,,Offers Visa Business with varying reward structures,,Source: Notion Deep State Datapoints (Legacy Strong),true,,,,,,,,,,,,,,,,,,LEGACY-INBRANCHBIZCC-AMERICAN-BANK-CENTER-BRAVERA
OnlineBizCC,American Express,Business Gold / Blue Business Cash / Blue Business Plus,,https://app.notion.com/p/legacystrong/Alabama-253c3aa761d2803190efc372a47f3174,All States,EX,,,,"Checking account not required.; Strongest limits go to those with prior Amex spend/payment history.; Business checking not required; No history with Amex? Start with Biz Gold or Platinum → spend + pay off → then apply for Biz Blue Cash + another card; Best to have prior history for stronger approval odds.; No need for business checking; If no history: start with Amex Biz Gold or Platinum → spend/pay off for 1–3 months → then apply for Biz Blue Cash + second charge card; No business checking nee…; After one hard pull by Amex, they often don't do another if the initial pull was within the past…",,,,,,,,,,yes,,,"Checking account not required.; Strongest limits go to those with prior Amex spend/payment history.; Ideal approach: Start with Biz Gold or Biz Platinum → 1–3 months of use → then apply for Biz Blue Cash and Biz Blue Plus.; Business checking not required; Prior Amex relationship helps get higher limits; No history with Amex? Start with Biz Gold or Platinum → spend + pay off → then apply for Biz Blue Cash + another card; If approved for Blue Cash, often also approved for Blue Plus; Best to have prior history for stronger approval odds.; Ideal progression: Biz Gold or Platinum → spend on it for 1–3 months → Biz Blue Cash + Biz Blue Plus.; No need for business checking; If no history: start with Amex Biz Gold or Platinum → spend/pay off for 1–3 months → then apply for Biz Blue Cash + second…; American Express (Amex) is a major card issuer that you'll want to maintain a strong relationship…",,"Source: Notion Deep State Datapoints (Legacy Strong); Hub refs: AMEX cards, American Express (video transcript), Favorite business credit cards, Applying again at the same bank, High limit personal cards, Moving credit limits between credit cards",true,,,,yes,,,,,,,,,,,,,,LEGACY-ONLINEBIZCC-AMERICAN-EXPRESS
OnlineBizCC,American National (0%,TCM),,https://app.notion.com/p/legacystrong/Virginia-253c3aa761d28024a870e60ca73b3bef,VA,,,,,,,,,,,,,,,,,,,,Source: Notion Deep State Datapoints (Legacy Strong),true,,,,,,,,,,,,,,,,,,LEGACY-ONLINEBIZCC-AMERICAN-NATIONAL-0
OnlineBizCC,American Savings Bank,,,https://app.notion.com/p/legacystrong/Hawaii-253c3aa761d280909ddfdb2513a2c16f,HI,,,,,Business checking account helpful,,,,,,,,,,yes,,,In-state relationship improves approval odds; Business checking account helpful,,Source: Notion Deep State Datapoints (Legacy Strong),true,,,,,,,,,,,,,,,,,,LEGACY-ONLINEBIZCC-AMERICAN-SAVINGS-BANK
InBranchBizCC,Amex often approves a second 0% card if the first gets approved,,,https://app.notion.com/p/legacystrong/Illinois-253c3aa761d28004ba89f6af65a5b622,IL,,,,,,,,,,,,,,,,,,,,Source: Notion Deep State Datapoints (Legacy Strong),true,,,,,,,,,,,,,,,,,,LEGACY-INBRANCHBIZCC-AMEX-OFTEN-APPROVES-A-SECOND-0-CARD-IF-T
OnlineBizCC,AmTrust / FNBO,,,https://app.notion.com/p/legacystrong/Florida-253c3aa761d280d7aae1c62c34560395,FL,,,,,No business checking account required,,,,,,,,,,,,,No business checking account required; 20-month 0% interest intro offer; Third-party FNBO issue allows for multiple applications through partner banks,,Source: Notion Deep State Datapoints (Legacy Strong),true,,,,yes,,,,,,,,,,,,,,LEGACY-ONLINEBIZCC-AMTRUST-FNBO
OnlineBizCC,AmTrust Bank (0% - FNBO),,,https://app.notion.com/p/legacystrong/Arizona-253c3aa761d280c9aea9d64e162937b2,AZ,,,,,Another FNBO partner option. Also checking-free.,,,,,,,,,,,,,Another FNBO partner option. Also checking-free.,,Source: Notion Deep State Datapoints (Legacy Strong),true,,,,,,,,,,,,,,,,,,LEGACY-ONLINEBIZCC-AMTRUST-BANK-0-FNBO
OnlineBizCC,ANB Bank,,,https://app.notion.com/p/legacystrong/Wyoming-253c3aa761d280efab51c5990f64d293,WY,,,,,,,,,,,,,,,,,,,,Source: Notion Deep State Datapoints (Legacy Strong),true,,,,,,,,,,,,,,,,,,LEGACY-ONLINEBIZCC-ANB-BANK
OnlineBizCC,Apple Creek Bank,,,https://app.notion.com/p/legacystrong/Ohio-253c3aa761d280bdb707d1e377c6f758,OH,,,,,No business checking required.,,,,,,,,,,,,,No business checking required.,,Source: Notion Deep State Datapoints (Legacy Strong),true,,,,yes,,,,,,,,,,,,,,LEGACY-ONLINEBIZCC-APPLE-CREEK-BANK
InBranchBizCC,"Apply at one Elan bank, then apply to a second with consistent info",,,https://app.notion.com/p/legacystrong/Louisiana-253c3aa761d28022842ae6894ed544b8,LA,,,,,,,,,,,,,,,,,,,,Source: Notion Deep State Datapoints (Legacy Strong),true,,,,,,,,,,,,,,,,,,LEGACY-INBRANCHBIZCC-APPLY-AT-ONE-ELAN-BANK-THEN-APPLY-TO-A-S
InBranchBizCC,"Apply to one bank first, then a second Elan bank with same data",,,https://app.notion.com/p/legacystrong/North-Dakota-253c3aa761d280fb8cc3db0a998caa8c,ND,,,,,,,,,,,,,,,,,,,,Source: Notion Deep State Datapoints (Legacy Strong),true,,,,,,,,,,,,,,,,,,LEGACY-INBRANCHBIZCC-APPLY-TO-ONE-BANK-FIRST-THEN-A-SECOND-EL
InBranchBizCC,"Apply to one Elan bank first, then submit to a second",,,https://app.notion.com/p/legacystrong/Kansas-253c3aa761d28030a60fd298581357b7,KS,,,,,,,,,,,,,,,,,,,,Source: Notion Deep State Datapoints (Legacy Strong),true,,,,,,,,,,,,,,,,,,LEGACY-INBRANCHBIZCC-APPLY-TO-ONE-ELAN-BANK-FIRST-THEN-SUBMIT
InBranchBizCC,"Apply to one first, then a second Elan bank once approved",,,https://app.notion.com/p/legacystrong/Indiana-253c3aa761d280869289d2c1b9f70bb0,IN,,,,,,,,,,,,,,,,,,,,Source: Notion Deep State Datapoints (Legacy Strong),true,,,,,,,,,,,,,,,,,,LEGACY-INBRANCHBIZCC-APPLY-TO-ONE-FIRST-THEN-A-SECOND-ELAN-BA
InBranchBizCC,"Apply with one bank first, then a second Elan partner",,,https://app.notion.com/p/legacystrong/Michigan-253c3aa761d280788103ca55bebcd8aa,MI,,,,,,,,,,,,,,,,,,,,Source: Notion Deep State Datapoints (Legacy Strong),true,,,,,,,,,,,,,,,,,,LEGACY-INBRANCHBIZCC-APPLY-WITH-ONE-BANK-FIRST-THEN-A-SECOND-
InBranchBizCC,"Apply with one bank, then a second with matching data",,,https://app.notion.com/p/legacystrong/Maryland-253c3aa761d280da9edddf304ac75e0e,MD,,,,,,,,,,,,,,,,,,,,Source: Notion Deep State Datapoints (Legacy Strong),true,,,,,,,,,,,,,,,,,,LEGACY-INBRANCHBIZCC-APPLY-WITH-ONE-BANK-THEN-A-SECOND-WITH-M
OnlineBizCC,Arizona Bank & Trust (0% - HTLF),,,https://app.notion.com/p/legacystrong/Arizona-253c3aa761d280c9aea9d64e162937b2,AZ,,,,,,,,,,,,,,,,,,Submit online. Expect phone call.; Claim 6-figure net worth + $50k/month spend (unverified but helpful).,,Source: Notion Deep State Datapoints (Legacy Strong),true,,,,,,,,,,,,,,,,,,LEGACY-ONLINEBIZCC-ARIZONA-BANK-TRUST-0-HTLF
InBranchBizCC,Artisans’ Bank,,,https://app.notion.com/p/legacystrong/Delaware-253c3aa761d28005b33ecaa3430c8260,DE,,,,,,,,,,,,,,,,,,,,Source: Notion Deep State Datapoints (Legacy Strong),true,,,,,,,,,,,,,,,,,,LEGACY-INBRANCHBIZCC-ARTISANS-BANK
OnlineBizCC,Arvest Bank,,,https://app.notion.com/p/legacystrong/Arkansas-253c3aa761d280bebebfdc79020e3fc3,"AR, OK",,,,,,,,,,,,,,,,,,Local/regional option with standard Visa Biz offerings,,Source: Notion Deep State Datapoints (Legacy Strong),true,,,,,,,,,,,,,,,,,,LEGACY-ONLINEBIZCC-ARVEST-BANK
InBranchBizCC,Associated Bank,,https://online1.elancard.com/oad/learnMoreCorrespondent.controller,https://app.notion.com/p/legacystrong/Nevada-253c3aa761d28023bcc3ee7d0467faab,"NV, WI",,,,,,,,,,,,,,,,,,,,Source: Notion Deep State Datapoints (Legacy Strong),true,,,,,,,,,,,,,,,,,,LEGACY-INBRANCHBIZCC-ASSOCIATED-BANK
InBranchBizCC,Atlantic Union Bank,,,https://app.notion.com/p/legacystrong/Virginia-253c3aa761d28024a870e60ca73b3bef,VA,,,,,,,,,,,,,,,,,,,,Source: Notion Deep State Datapoints (Legacy Strong),true,,,,,,,,,,,,,,,,,,LEGACY-INBRANCHBIZCC-ATLANTIC-UNION-BANK
InBranchBizCC,BancFirst,,,https://app.notion.com/p/legacystrong/Oklahoma-253c3aa761d2808aaab1fdc8f586b2f0,OK,,,,,,,,,,,,,,,,,,,,Source: Notion Deep State Datapoints (Legacy Strong),true,,,,,,,,,,,,,,,,,,LEGACY-INBRANCHBIZCC-BANCFIRST
InBranchBizCC,BancorpSouth Bank,,https://www.bancorpsouth.com/business/business-checking,https://app.notion.com/p/legacystrong/Arkansas-253c3aa761d280bebebfdc79020e3fc3,"AR, LA, MS",,,,,,,,,,,,,,,,,,,,Source: Notion Deep State Datapoints (Legacy Strong),true,,,,,,,,,,,,,,,,,,LEGACY-INBRANCHBIZCC-BANCORPSOUTH-BANK
InBranchBizCC,Bank Forward,,,https://app.notion.com/p/legacystrong/North-Dakota-253c3aa761d280fb8cc3db0a998caa8c,ND,,,,,,,,,,,,,,,,,,,,Source: Notion Deep State Datapoints (Legacy Strong),true,,,,,,,,,,,,,,,,,,LEGACY-INBRANCHBIZCC-BANK-FORWARD
InBranchBizCC,Bank Iowa,,https://www.bankiowa.bank/business/checking,https://app.notion.com/p/legacystrong/Iowa-253c3aa761d280f4b9f7f0d95afaf759,IA,,,,,,,,,,,,,,,,,,,,Source: Notion Deep State Datapoints (Legacy Strong),true,,,,,,,,,,,,,,,,,,LEGACY-INBRANCHBIZCC-BANK-IOWA
InBranchBizCC,Bank of Albuquerque,,,https://app.notion.com/p/legacystrong/New-Mexico-253c3aa761d2801cab57e40d9f2a640c,NM,,,,,,,,,,,,,,,,,,,,Source: Notion Deep State Datapoints (Legacy Strong),true,,,,,,,,,,,,,,,,,,LEGACY-INBRANCHBIZCC-BANK-OF-ALBUQUERQUE
InBranchBizCC,Bank of America,,https://www.bankofamerica.com/smallbusiness/credit-cards/business-popular-credit-cards/,https://app.notion.com/p/legacystrong/California-253c3aa761d280ff9c2ad133360c32a2,"CA, MO, NE, RI, SD, TX",,,,,"Checking account + 30-day seasoning required.; Requires business checking and liquidity seasoning (30+ days).; Business checking required. Seasoning 30+ days helps.; Business checking required.; Keep liquidity in the account 30+ days.; Requires business checking and 30+ days of seasoning.; Business checking required; Liquidity seasoning 30+ days helps; Max of 2 card approvals within 30 days.; Max of 3 card approvals within a year.; Max of 4 card approvals within 2 years.; This is a newer rule and doesn't always apply.; For Bank of America cards (whether business or personal), approval is unli…",,,,,,,,,,yes,,,"Checking account + 30-day seasoning required.; Can hold 3 different 0% cards per business entity.; Go to local branch and meet with RM.; Requires business checking and liquidity seasoning (30+ days).; Can apply for all 3 of their 0% business cards per business.; Limits are typically lower but stackable.; 🔗 Apply here; Business checking required. Seasoning 30+ days helps.; Can apply for 3 different 0% cards per business.; Lower limits per card but can stack.; Business checking required.; Keep liquidity in the account 30+ days.; You can apply for up to 3 cards per business (each 0% product).; Lower limits individually, but stacking them works well.; Requires business checking and 30+ days of seasoning.; You can apply for up to 3 business cards (one of each type).; Lower limits, but can add…; Bank of America Business Advantage Provides 0% interest for 9 months with some reward options.; ⚡…",,"Source: Notion Deep State Datapoints (Legacy Strong); Hub refs: Bank of America cards, Favorite business credit cards, Credit Cards, Moving credit limits between credit cards",true,,,,yes,,,,,,,,,,,,,,LEGACY-INBRANCHBIZCC-BANK-OF-AMERICA
OnlineBizCC,Bank of America,,https://www.bankofamerica.com/smallbusiness/credit-cards/business-popular-credit-cards/,https://app.notion.com/p/legacystrong/Alabama-253c3aa761d2803190efc372a47f3174,"AK, AL, AR, AZ, CO, CT, DE, FL, GA, IA, ID, IL, IN, KS, KY, LA, MA, MD, ME, MI, MN, MS, MT, NC, ND, NH, NJ, NM, NV, NY, OH, OK, OR, PA, SC, TN, UT, VA, VT, WA, WI, WV, WY",,,,,Checking account is required with liquidity seasoned 30+ days.; Business checking account required; Seasoned liquidity (30+ days) helps; Requires business checking and 30+ days seasoning.; Business checking required; 30+ day seasoning of funds helps; Business checking required. Season with $5K–$10K for 30+ days.; 30+ day liquidity seasoning helps; Recommend 30+ days of seasoning with visible liquidity; Seasoning liquidity 30+ days helps; 30+ days of seasoning improves success; seasoning liquidi…; Max of 2 card approvals within 30 days.; Max of 3 card approvals within a year.; Max of 4 card ap…,,,,,,,,,,yes,,,"Checking account is required with liquidity seasoned 30+ days.; You can get up to 3 0% cards (one of each type) per business.; Lower individual limits, but approvals stack well.; Business checking account required; Seasoned liquidity (30+ days) helps; Can apply for up to 3 0% business cards per entity (1 of each type); Limits are typically lower but stackable; Requires business checking and 30+ days seasoning.; Can hold up to 3 0% cards per business (1 of each type).; Lower limits, but stackable.; Business checking required; Can apply for 3 different 0% cards per business; Limits are usually lower but stackable; 30+ day seasoning of funds helps; Up to 3 different 0% cards per business; Lower limits but stackable; Business checking required. Season with $5K–$10K for 30+ days.; Can apply fo…; Bank of America Business Advantage Provides 0% interest for 9 months with some reward options.; ⚡…",,"Source: Notion Deep State Datapoints (Legacy Strong); Hub refs: Bank of America cards, Favorite business credit cards, Credit Cards, Moving credit limits between credit cards",true,,,,yes,,,,,,,,,,,,,,LEGACY-ONLINEBIZCC-BANK-OF-AMERICA
OnlineBizCC,Bank of Blue Valley,,https://www.bankbv.com/small-business-banking/credit-card,https://app.notion.com/p/legacystrong/Missouri-253c3aa761d2806aad8cdbba6550301b,MO,,,,,,,,,,,,,,,,,,"Apply online, then expect a call to complete the process.; Reporting multi six-figure net worth helps.; Suggest $50k monthly spend (not verified).",,Source: Notion Deep State Datapoints (Legacy Strong),true,,,,,,,,,,,,,,,,,,LEGACY-ONLINEBIZCC-BANK-OF-BLUE-VALLEY
OnlineBizCC,Bank of Blue Valley (0%,HTLF),https://www.bankbv.com/small-business-banking/credit-card,https://app.notion.com/p/legacystrong/Kansas-253c3aa761d28030a60fd298581357b7,KS,,,,,,,,,,,,,,,,,,"Apply online, then expect a follow-up call; Multi six-figure net worth helps (unverified); Mentioned ~$50k monthly spend increases approval odds",,Source: Notion Deep State Datapoints (Legacy Strong),true,,,,,,,,,,,,,,,,,,LEGACY-ONLINEBIZCC-BANK-OF-BLUE-VALLEY-0
InBranchBizCC,Bank of Colorado,,,https://app.notion.com/p/legacystrong/Colorado-253c3aa761d28070b6f5f734098892e5,CO,,,,,,,,,,,,,,,,,,,,Source: Notion Deep State Datapoints (Legacy Strong),true,,,,,,,,,,,,,,,,,,LEGACY-INBRANCHBIZCC-BANK-OF-COLORADO
InBranchBizCC,Bank of Hawaii,,,https://app.notion.com/p/legacystrong/Hawaii-253c3aa761d280909ddfdb2513a2c16f,HI,,,,,,,,,,,,,,,yes,,,In-branch application preferred; Known for conservative underwriting; relationship helps; Ask about 0% offers available during your appointment,,Source: Notion Deep State Datapoints (Legacy Strong),true,,,,,,,,,,,,,,,,,,LEGACY-INBRANCHBIZCC-BANK-OF-HAWAII
InBranchBizCC,Bank of Hope,,,https://app.notion.com/p/legacystrong/California-253c3aa761d280ff9c2ad133360c32a2,CA,,,,,,,,,,,,,,,,,,Best for Korean-American businesses. May not report to personal credit.,,Source: Notion Deep State Datapoints (Legacy Strong),true,,,,,,,,,,,,,,,,,,LEGACY-INBRANCHBIZCC-BANK-OF-HOPE
InBranchBizCC,Bank of New Hampshire,,,https://app.notion.com/p/legacystrong/New-Hampshire-253c3aa761d2803ca798c269da6d1f3a,NH,,,,,,,,,,,,,,,,,,Kennebunk Savings,,Source: Notion Deep State Datapoints (Legacy Strong),true,,,,,,,,,,,,,,,,,,LEGACY-INBRANCHBIZCC-BANK-OF-NEW-HAMPSHIRE
OnlineBizCC,Bank of New Hampshire,,,https://app.notion.com/p/legacystrong/New-Hampshire-253c3aa761d2803ca798c269da6d1f3a,NH,,,,,No biz checking needed,,,,,,,,,,,,,"No biz checking needed; Find the 0% interest business card (usually 20 months); Report $200K+ in “account balance” for higher limits (not verified); Avoid VPNs—Elan is strict on IP address location; After first approval, apply at another Elan bank with consistent info",,Source: Notion Deep State Datapoints (Legacy Strong),true,,,,,,,,,,,,,,,,,,LEGACY-ONLINEBIZCC-BANK-OF-NEW-HAMPSHIRE
InBranchBizCC,Bank of Oklahoma,,,https://app.notion.com/p/legacystrong/New-Mexico-253c3aa761d2801cab57e40d9f2a640c,"NM, OK",,,,,,,,,,,,,,,,,,,,Source: Notion Deep State Datapoints (Legacy Strong),true,,,,,,,,,,,,,,,,,,LEGACY-INBRANCHBIZCC-BANK-OF-OKLAHOMA
InBranchBizCC,Bank of Tennessee,,,https://app.notion.com/p/legacystrong/Tennessee-253c3aa761d2802a9625cb0f3e68028c,TN,,,,,,,,,,,,,,,,,,,,Source: Notion Deep State Datapoints (Legacy Strong),true,,,,,,,,,,,,,,,,,,LEGACY-INBRANCHBIZCC-BANK-OF-TENNESSEE
InBranchBizCC,Bank of the West,,,https://app.notion.com/p/legacystrong/Nebraska-253c3aa761d280bea995f13e0b43d9d3,NE,,,,,2+ years business age recommended. Checking helps.,,,,,,,,,,,,,🔗 Business Credit Cards; 2+ years business age recommended. Checking helps.,,Source: Notion Deep State Datapoints (Legacy Strong),true,,,,,,,,,,,,,,,,,,LEGACY-INBRANCHBIZCC-BANK-OF-THE-WEST
OnlineBizCC,Bank of the West,,https://www.bankofthewest.com/small-business/credit-cards/business-credit-card.html,https://app.notion.com/p/legacystrong/California-253c3aa761d280ff9c2ad133360c32a2,"CA, CO, IA, MN, NM, OR, WY",,,,,Best if biz is 2+ years old; Business checking helps; 2+ years business age recommended.; Business checking required.; Prefer business aged 2+ years and biz checking.; Strict underwriting. Prefer 2+ year old businesses.; Tough approvals. Ideal for businesses 2+ years old.; Business checking recommended.; Requires 2+ years of business history; checking account preferred,,,,,,,,,,,,,Strict underwriting; Best if biz is 2+ years old; Business checking helps; 2+ years business age recommended.; Business checking required.; Strict underwriting.; Prefer business aged 2+ years and biz checking.; Strict underwriting. Prefer 2+ year old businesses.; Tough approvals. Ideal for businesses 2+ years old.; Business checking recommended.; Requires 2+ years of business history; checking account preferred,,Source: Notion Deep State Datapoints (Legacy Strong),true,,,,yes,,,,,,,,,,,,,,LEGACY-ONLINEBIZCC-BANK-OF-THE-WEST
InBranchBizCC,Bank of Utah,,,https://app.notion.com/p/legacystrong/Utah-253c3aa761d28057a843c5d26660d602,UT,,,,,,,,,,,,,,,,,,,,Source: Notion Deep State Datapoints (Legacy Strong),true,,,,,,,,,,,,,,,,,,LEGACY-INBRANCHBIZCC-BANK-OF-UTAH
OnlineBizCC,BankNewport,,,https://app.notion.com/p/legacystrong/Rhode-Island-253c3aa761d28021b37edb902905ebfb,RI,,,,,Likely Elan-issued. No biz checking required. Same VPN rules apply.,,,,,,,,,,,,,Likely Elan-issued. No biz checking required. Same VPN rules apply.,,Source: Notion Deep State Datapoints (Legacy Strong),true,,,,yes,,,,,,,,,,,,,,LEGACY-ONLINEBIZCC-BANKNEWPORT
InBranchBizCC,BankPlus,,https://www.bankplus.net/business/bank/products/checking,https://app.notion.com/p/legacystrong/Mississippi-253c3aa761d280b7aafdcd60f363a740,MS,,,,,,,,,,,,,,,,,,,,Source: Notion Deep State Datapoints (Legacy Strong),true,,,,,,,,,,,,,,,,,,LEGACY-INBRANCHBIZCC-BANKPLUS
InBranchBizCC,BankWest,,,https://app.notion.com/p/legacystrong/South-Dakota-253c3aa761d2801c8999ff2977db8c79,SD,,,,,,,,,,,,,,,,,,,,Source: Notion Deep State Datapoints (Legacy Strong),true,,,,,,,,,,,,,,,,,,LEGACY-INBRANCHBIZCC-BANKWEST
InBranchBizCC,Banner Bank,,,https://app.notion.com/p/legacystrong/Oregon-253c3aa761d2804f814bd966509c8a78,"OR, WA",,,,,,,,,,,,,,,,,,Inquire in-branch for credit card or small business lines.,,Source: Notion Deep State Datapoints (Legacy Strong),true,,,,,,,,,,,,,,,,,,LEGACY-INBRANCHBIZCC-BANNER-BANK
InBranchBizCC,BBVA,,,https://app.notion.com/p/legacystrong/Colorado-253c3aa761d28070b6f5f734098892e5,"CO, TX",,,,,,,,,,,,,,,,,,,,Source: Notion Deep State Datapoints (Legacy Strong),true,,,,,,,,,,,,,,,,,,LEGACY-INBRANCHBIZCC-BBVA
InBranchBizCC,Berkshire Bank,,https://creditcardlearnmore.com/11t3/index,https://app.notion.com/p/legacystrong/Connecticut-253c3aa761d2801fbf66c6a5f585f1fa,"CT, DE, MA, ME, NY",,,,,,,,,,,,,,,,,,Offers both Elan-backed credit and their own proprietary lines.; Good for small business lines under $25K.; Local relationships are everything here.; Midland,,Source: Notion Deep State Datapoints (Legacy Strong),true,,,,,,,,,,,,,,,,,,LEGACY-INBRANCHBIZCC-BERKSHIRE-BANK
OnlineBizCC,Berkshire Bank,,,https://app.notion.com/p/legacystrong/Vermont-253c3aa761d280bd88b2d1ca550f80f6,VT,,,,,No business checking required.,,,,,,,,,,,,,"Midland; No business checking required.; Use the business card page and select the 0% for 20-month card.; Report $200k+ in account/investment balance to target $25k+ limits (unverified).; No VPN! Apply from your business/home IP.; Once approved at one bank, apply to a second with consistent info.",,Source: Notion Deep State Datapoints (Legacy Strong),true,,,,yes,,,,,,,,,,,,,,LEGACY-ONLINEBIZCC-BERKSHIRE-BANK
OnlineBizCC,BMO Harris,,https://www.bmoharris.com/main/business-banking/credit-cards/,https://app.notion.com/p/legacystrong/Florida-253c3aa761d280d7aae1c62c34560395,"FL, IL, IN, MN, NY, WI",,,,,Business checking account preferred; Business checking recommended; Business checking account recommended.; Strong profile and liquidity help with higher limits.; Business checking highly recommended; Business checking account recommended,,,,,,,,,,,,,Business checking account preferred; Known for lower documentation requirements and friendly limits; Business checking recommended; Business checking account recommended.; Strong profile and liquidity help with higher limits.; Business checking highly recommended; Business checking account recommended,,Source: Notion Deep State Datapoints (Legacy Strong),true,,,,,,,,,,,,,,,,,,LEGACY-ONLINEBIZCC-BMO-HARRIS
InBranchBizCC,BOK Financial,,,https://app.notion.com/p/legacystrong/Alabama-253c3aa761d2803190efc372a47f3174,"AL, AR, CO, NM",,,,,"First Citizens Bank – 0% for 9 months, must apply in branch. Open checking account 30 days prior when possible. Optional BLOC if $5k–$25k is deposited.; First Citizens Bank – Apply in branch only. 0% for 9 months. Open checking, sometimes 30-day seasoning required. Also eligible for BLOC $5k–$25k if funds deposited.",,,,,,,,,,,,,"Midland; First Citizens Bank – 0% for 9 months, must apply in branch. Open checking account 30 days prior when possible. Optional BLOC if $5k–$25k is deposited.; First Citizens Bank – Apply in branch only. 0% for 9 months. Open checking, sometimes 30-day seasoning required. Also eligible for BLOC $5k–$25k if funds deposited.",,Source: Notion Deep State Datapoints (Legacy Strong),true,,,,yes,,,,,,,,,,,,,,LEGACY-INBRANCHBIZCC-BOK-FINANCIAL
InBranchBizCC,Bremer Bank,,https://www.bremer.com/business/credit-cards,https://app.notion.com/p/legacystrong/Minnesota-253c3aa761d28008a1eef7740ad6e848,"MN, ND",,,,,,,,,,,,,,,,,,Regional bank option with commercial cards tailored for small businesses,,Source: Notion Deep State Datapoints (Legacy Strong),true,,,,,,,,,,,,,,,,,,LEGACY-INBRANCHBIZCC-BREMER-BANK
InBranchBizCC,Bryant Bank,,,https://app.notion.com/p/legacystrong/Alabama-253c3aa761d2803190efc372a47f3174,AL,,,,,,,,,,,,,,,,,,,,Source: Notion Deep State Datapoints (Legacy Strong),true,,,,,,,,,,,,,,,,,,LEGACY-INBRANCHBIZCC-BRYANT-BANK
OnlineBizCC,BSNB (0%,TCM),,https://app.notion.com/p/legacystrong/New-York-253c3aa761d28069ba19e83288742472,NY,,,,,,,,,,,,,,,,,,,,Source: Notion Deep State Datapoints (Legacy Strong),true,,,,,,,,,,,,,,,,,,LEGACY-ONLINEBIZCC-BSNB-0
InBranchBizCC,Byline Bank,,https://www.bylinebank.com/business/credit-cards/,https://app.notion.com/p/legacystrong/Illinois-253c3aa761d28004ba89f6af65a5b622,IL,,,,,,,,,,,,,,,,,,,,Source: Notion Deep State Datapoints (Legacy Strong),true,,,,,,,,,,,,,,,,,,LEGACY-INBRANCHBIZCC-BYLINE-BANK
InBranchBizCC,C&F Bank,,,https://app.notion.com/p/legacystrong/Virginia-253c3aa761d28024a870e60ca73b3bef,VA,,,,,,,,,,,,,,,,,,,,Source: Notion Deep State Datapoints (Legacy Strong),true,,,,,,,,,,,,,,,,,,LEGACY-INBRANCHBIZCC-C-F-BANK
InBranchBizCC,Cadence Bank,,,https://app.notion.com/p/legacystrong/Alabama-253c3aa761d2803190efc372a47f3174,AL,,,,,,,,,,,,,,,,,,Local reputation helps.,,Source: Notion Deep State Datapoints (Legacy Strong),true,,,,,,,,,,,,,,,,,,LEGACY-INBRANCHBIZCC-CADENCE-BANK
OnlineBizCC,California Bank & Trust,,,https://app.notion.com/p/legacystrong/California-253c3aa761d280ff9c2ad133360c32a2,CA,,,,,,,,,,,,,,,,,,,,Source: Notion Deep State Datapoints (Legacy Strong),true,,,,,,,,,,,,,,,,,,LEGACY-ONLINEBIZCC-CALIFORNIA-BANK-TRUST
InBranchBizCC,Camden National Bank,,https://www.camdennational.com/small-business/bank/debit-and-credit-cards,https://app.notion.com/p/legacystrong/Maine-253c3aa761d280029487cfffe3552a48,ME,,,,,,,,,,,,,,,,,,"Offers small business credit cards—terms vary, so speak with a rep.; May be backed by Elan (verify before applying).",,Source: Notion Deep State Datapoints (Legacy Strong),true,,,,,,,,,,,,,,,,,,LEGACY-INBRANCHBIZCC-CAMDEN-NATIONAL-BANK
InBranchBizCC,Capital Federal Savings Bank,,https://www.capfed.com/business/commercial-and-business-loans/business-credit-cards,https://app.notion.com/p/legacystrong/Kansas-253c3aa761d28030a60fd298581357b7,KS,,,,,,,,,,,,,,,,,,,,Source: Notion Deep State Datapoints (Legacy Strong),true,,,,,,,,,,,,,,,,,,LEGACY-INBRANCHBIZCC-CAPITAL-FEDERAL-SAVINGS-BANK
OnlineBizCC,Capital One,,https://www.capitalone.com/small-business/credit-cards/,https://app.notion.com/p/legacystrong/Alabama-253c3aa761d2803190efc372a47f3174,All States,,,,,Easier approval if you’ve had a strong personal card history with them.; Capital One: Currently does not allow credit limit reallocation.,,,,,,,,,,,,,"Reports to personal credit, so avoid if you’re protecting personal utilization.; [BBVA]; Often available in AL. Good for building regional relationships.; May report to personal credit; May report to personal credit. Be aware.; BBVA; Reports to personal credit; May report to personal credit.; 🆕 New Banks Found in California:; 15. Community Banks of Colorado; Reports to personal credit. Proceed only if you’re not planning to stack other cards soon.; Good option for long-term relationships or second-tier plays.; Recommended only if you’re okay with personal inquiries; Additional Kansas Banks:; Easier approval if you’ve had a strong personal card history with them.; Business cards may report to personal credit; Additional Louisiana Banks; IberiaBank; Reports to personal credit—be cautious.; …",,"Source: Notion Deep State Datapoints (Legacy Strong); Hub refs: High limit personal cards, Moving credit limits between credit cards",true,,,,,,,,,,,,,,,,,,LEGACY-ONLINEBIZCC-CAPITAL-ONE
OnlineBizCC,Carolina Bank,,,https://app.notion.com/p/legacystrong/North-Carolina-253c3aa761d280ea96cafe4602f9b0a8,NC,,,,,No business checking needed.,,,,,,,,,,,,,"No business checking needed.; Click BUSINESS tab and apply for 0% interest (20 months).; Report $200k+ account/investment balance (unverified) for $25k+ limits.; Don’t use VPN; apply from IP near business/personal address.; After first approval, apply with second Elan partner bank with consistent info.",,Source: Notion Deep State Datapoints (Legacy Strong),true,,,,,,,,,,,,,,,,,,LEGACY-ONLINEBIZCC-CAROLINA-BANK
OnlineBizCC,Carter Bank & Trust,,,https://app.notion.com/p/legacystrong/Virginia-253c3aa761d28024a870e60ca73b3bef,VA,,,,,,,,,,,,,,,,,,,,Source: Notion Deep State Datapoints (Legacy Strong),true,,,,,,,,,,,,,,,,,,LEGACY-ONLINEBIZCC-CARTER-BANK-TRUST
OnlineBizCC,Cashmere Valley Bank,,,https://app.notion.com/p/legacystrong/Washington-253c3aa761d280fd80f1c16fa02e72b1,WA,,,,,,,,,,,,,,,,,,,,Source: Notion Deep State Datapoints (Legacy Strong),true,,,,,,,,,,,,,,,,,,LEGACY-ONLINEBIZCC-CASHMERE-VALLEY-BANK
InBranchBizCC,Cathay Bank,,,https://app.notion.com/p/legacystrong/California-253c3aa761d280ff9c2ad133360c32a2,CA,,,,,,,,,,,,,,,,,,Offers competitive biz rewards cards. Must apply in-branch.,,Source: Notion Deep State Datapoints (Legacy Strong),true,,,,,,,,,,,,,,,,,,LEGACY-INBRANCHBIZCC-CATHAY-BANK
InBranchBizCC,CenterState Bank (Now SouthState),,,https://app.notion.com/p/legacystrong/Florida-253c3aa761d280d7aae1c62c34560395,FL,,,,,,,,,,,,,,,,,,Offers both secured and unsecured cards; Underwrites BLOCs as well,,Source: Notion Deep State Datapoints (Legacy Strong),true,,,,,,,,,,,,,,,,,,LEGACY-INBRANCHBIZCC-CENTERSTATE-BANK-NOW-SOUTHSTATE
InBranchBizCC,Centier Bank,,https://www.centier.com/small-business/credit-cards/,https://app.notion.com/p/legacystrong/Indiana-253c3aa761d280869289d2c1b9f70bb0,IN,,,,,,,,,,,,,,,,,,,,Source: Notion Deep State Datapoints (Legacy Strong),true,,,,,,,,,,,,,,,,,,LEGACY-INBRANCHBIZCC-CENTIER-BANK
InBranchBizCC,Central National Bank,,https://www.cnbwaco.com/business-banking/business-credit-cards/,https://app.notion.com/p/legacystrong/Kansas-253c3aa761d28030a60fd298581357b7,KS,,,,,,,,,,,,,,,,,,,,Source: Notion Deep State Datapoints (Legacy Strong),true,,,,,,,,,,,,,,,,,,LEGACY-INBRANCHBIZCC-CENTRAL-NATIONAL-BANK
OnlineBizCC,Central Pacific Bank (0% - Elan Financial),,,https://app.notion.com/p/legacystrong/Hawaii-253c3aa761d280909ddfdb2513a2c16f,HI,,,,,No business checking needed,,,,,,,,,,,,,No business checking needed; VPN-sensitive – use local IP; Apply for second Elan card after first approval,,Source: Notion Deep State Datapoints (Legacy Strong),true,,,,,,,,,,,,,,,,,,LEGACY-ONLINEBIZCC-CENTRAL-PACIFIC-BANK-0-ELAN-FINANCIAL
InBranchBizCC,Chase,Business Ink Cash / Ink Unlimited / Ink Preferred,,https://app.notion.com/p/legacystrong/Alabama-253c3aa761d2803190efc372a47f3174,"AL, AR, AZ, CA, CO, CT, DE, FL, GA, IA, ID, IL, IN, KS, KY, LA, MA, MD, ME, MI, MN, MO, MS, MT, NC, ND, NH, NJ, NM, NV, NY, OH, OK, OR, PA, RI, SC, SD, TN, TX, UT, VA, VT, WA, WI, WV, WY",,,,,Business checking account is required. 30+ days of liquidity seasoning strongly improves odds.; Requires a Chase Business Checking account and 30+ days of seasoning helps.; Business checking account required; Season liquidity for 30+ days helps; Business checking account required. Season 30+ days.; Business checking required; 30+ day liquidity seasoning helps; Open a Chase business checking account and season with $5K+ for 30+ days to improve approval odds.; 30+ day seasoning of funds helps; Le…; Chase is highly regarded for business funding because of its generous credit limits. As one of th…,,,,,,,,,,yes,,,"Business checking account is required. 30+ days of liquidity seasoning strongly improves odds.; Go to your local Chase Bank and meet with a Relationship Manager. Otherwise, apply via this link.; Strategy: Apply for either the Ink Cash + Ink Unlimited or 2 different Ink cards on separate LLCs.; Apply for one card → wait for decision → then submit second card to increase odds.; Requires a Chase Business Checking account and 30+ days of seasoning helps.; Best to apply for Ink Cash + Ink Unlimited, or two Biz Inks on different entities.; Apply one → wait → apply second for best odds.; Business checking account required; Season liquidity for 30+ days helps; Apply with your local RM; Apply for 1–2 at a time: either Ink Cash + Ink Unlimited, or 2 Biz Inks (different businesses); With RM: call to…; Chase will not approve new credit card applications if you've opened 5 or more personal credit ca…",,"Source: Notion Deep State Datapoints (Legacy Strong); Hub refs: Chase cards, Favorite business credit cards, Applying again at the same bank, Alec’s favorite personal cards, High limit personal cards, Moving credit limits between credit cards",true,,,,yes,,,,,,,,,,,,,,LEGACY-INBRANCHBIZCC-CHASE
InBranchBizCC,Chase Bank,,,https://app.notion.com/p/legacystrong/Nebraska-253c3aa761d280bea995f13e0b43d9d3,NE,,,,,Business checking required. Seasoning 30+ days helps.,,,,,,,,,,yes,,,"Go to your local Chase Bank and meet with a Relationship Manager. Otherwise, apply via this link.; Business checking required. Seasoning 30+ days helps.; Best to apply for 1–2 cards (e.g. Ink Cash + Ink Unlimited or 2 on separate businesses).; If using RM, call and request both apps, then stagger submission.",,Source: Notion Deep State Datapoints (Legacy Strong),true,,,,yes,,,,,,,,,,,,,,LEGACY-INBRANCHBIZCC-CHASE-BANK
InBranchBizCC,Choice Bank,,,https://app.notion.com/p/legacystrong/North-Dakota-253c3aa761d280fb8cc3db0a998caa8c,ND,,,,,,,,,,,,,,,,,,,,Source: Notion Deep State Datapoints (Legacy Strong),true,,,,,,,,,,,,,,,,,,LEGACY-INBRANCHBIZCC-CHOICE-BANK
InBranchBizCC,Citi,,https://www.citi.com/credit-cards/compare/business-credit-cards,https://app.notion.com/p/legacystrong/Illinois-253c3aa761d28004ba89f6af65a5b622,"IL, NV, NY",,,,,"The 1 in 8 Rule & 2 in 65 Rule set by Citi ensures a controlled application process for their credit cards. Here's how it applies:; For Personal Cards: You're allowed one Citi card approval every eight days, with no more than two approvals within a rolling 65-day window.; For Business Cards: The limit is one approval every 95 days.; Citi: A minimum 6-month card age is required, and reallocations often require a hard pull on your credit.",,,,,,,,,,,,,"If you're considering the Citi Rewards+ card but have previously received a bonus for the Citi Premier card, there are a couple of scenarios to consider:; Eligible for Citi Rewards+: If it's been over 24 months since you earned a bonus on the Citi Premier card, you're eligible to apply for and receive the bonus on the Citi Rewards+ card.; Ineligible for Citi Rewards+: If you have received a bonus for the Citi Premier card within the last 24 months, or if you've closed the Citi Premier card in that time frame, you're not eligible for the bonus on the Citi Rewards+. This illustrates the importance of timing your applications to maximize bonus opportunities and avoid disqualification due to recent bonuses or closures.; This illustrates the importance of timing your applications to maximize bonus opportunities and avoid disqualification due to recent bonuses or closures.; Citi Simplicity Ca…",,"Source: Notion Deep State Datapoints (Legacy Strong); Hub refs: Citi cards, Best balance transfer cards, Moving credit limits between credit cards",true,,,,,,,,,,,,,,,,,,LEGACY-INBRANCHBIZCC-CITI
OnlineBizCC,Citizens Bank,,https://www.firstcitizens.com/small-business/credit-financing/credit-cards/premium-rewards,https://app.notion.com/p/legacystrong/Arkansas-253c3aa761d280bebebfdc79020e3fc3,"AR, CT, DE, FL, MA, MD, MI, NH, NJ, NY, OH, OK, PA, RI, VA, VT",EQ,,,,Best if you already have a Citizens checking account.,,,,,,,,,,,,,Soft pull on EQ; Business age helps; Offers up to $15k card or $50k line of credit; Soft pull on Equifax.; Business age and relationship help.; Strategy: Apply for up to a $15K 0% card and/or a $50K Business LOC (Line of Credit).; Best if you already have a Citizens checking account.; Soft credit pull on EQ; 0% card up to $15k or up to a $50k line of credit; Soft pull on Equifax; Option to get up to $15K credit card or $50K line of credit; Business age improves odds; Up to $15k on 0% cards or $50k on a LOC; Soft pull via Equifax.; Business age supports approvals.; Options for 0% card up to $15K or unsecured LOC up to $50K.; Up to $15k 0% card or $50k Line of Credit; Older businesses have better odds; Up to $15K 0% card or $50K line of credit available; EQ soft pull; Up to $15k 0% card or…,,Source: Notion Deep State Datapoints (Legacy Strong),true,,yes,,,,,,,,,,,,,,,,LEGACY-ONLINEBIZCC-CITIZENS-BANK
OnlineBizCC,Citizens First Bank,,,https://app.notion.com/p/legacystrong/Florida-253c3aa761d280d7aae1c62c34560395,FL,,,,,,,,,,,,,,,,,,Third-party card issuer (TCM) with friendly underwriting,,Source: Notion Deep State Datapoints (Legacy Strong),true,,,,,,,,,,,,,,,,,,LEGACY-ONLINEBIZCC-CITIZENS-FIRST-BANK
InBranchBizCC,City National Bank,,https://www.cnb.com/business-banking/lending/credit-cards.html,https://app.notion.com/p/legacystrong/California-253c3aa761d280ff9c2ad133360c32a2,"CA, NV, WV",,,,,,,,,,,,,,,,,,Ideal for high-income or asset-heavy entrepreneurs. Relationship-driven.,,Source: Notion Deep State Datapoints (Legacy Strong),true,,,,,,,,,,,,,,,,,,LEGACY-INBRANCHBIZCC-CITY-NATIONAL-BANK
InBranchBizCC,City National Bank and Trust,,,https://app.notion.com/p/legacystrong/Oklahoma-253c3aa761d2808aaab1fdc8f586b2f0,OK,,,,,,,,,,,,,,,,,,Offers Visa Commercial cards for small to mid-size businesses,,Source: Notion Deep State Datapoints (Legacy Strong),true,,,,,,,,,,,,,,,,,,LEGACY-INBRANCHBIZCC-CITY-NATIONAL-BANK-AND-TRUST
OnlineBizCC,Citywide Banks (0%,HTLF),,https://app.notion.com/p/legacystrong/Colorado-253c3aa761d28070b6f5f734098892e5,CO,,,,,,,,,,,,,,,,,,Online application; Expect a follow-up call; Reporting high net worth (multi-6 figures) + $50k monthly spend may help approval,,Source: Notion Deep State Datapoints (Legacy Strong),true,,,,,,,,,,,,,,,,,,LEGACY-ONLINEBIZCC-CITYWIDE-BANKS-0
InBranchBizCC,Clear Mountain Bank,,,https://app.notion.com/p/legacystrong/West-Virginia-253c3aa761d2801a9a0be7cac92cd17c,WV,,,,,,,,,,,,,,,,,,,,Source: Notion Deep State Datapoints (Legacy Strong),true,,,,,,,,,,,,,,,,,,LEGACY-INBRANCHBIZCC-CLEAR-MOUNTAIN-BANK
InBranchBizCC,Coastal Bank (LOC only),,,https://app.notion.com/p/legacystrong/Washington-253c3aa761d280fd80f1c16fa02e72b1,WA,,,,,,,,,,,,,,,,,,,,Source: Notion Deep State Datapoints (Legacy Strong),true,,,,,,,,,,,,,,,,,,LEGACY-INBRANCHBIZCC-COASTAL-BANK-LOC-ONLY
InBranchBizCC,Columbia Bank,,,https://app.notion.com/p/legacystrong/Oregon-253c3aa761d2804f814bd966509c8a78,OR,,,,,,,,,,,,,,,,,,,,Source: Notion Deep State Datapoints (Legacy Strong),true,,,,,,,,,,,,,,,,,,LEGACY-INBRANCHBIZCC-COLUMBIA-BANK
InBranchBizCC,Columbia State Bank,,,https://app.notion.com/p/legacystrong/Washington-253c3aa761d280fd80f1c16fa02e72b1,WA,,,,,,,,,,,,,,,,,,,,Source: Notion Deep State Datapoints (Legacy Strong),true,,,,,,,,,,,,,,,,,,LEGACY-INBRANCHBIZCC-COLUMBIA-STATE-BANK
InBranchBizCC,Comerica,,,https://app.notion.com/p/legacystrong/Texas-253c3aa761d280e69380ed7607909b5b,TX,,,,,,,,,,,,,,,,,,,,Source: Notion Deep State Datapoints (Legacy Strong),true,,,,,,,,,,,,,,,,,,LEGACY-INBRANCHBIZCC-COMERICA
InBranchBizCC,Comerica Bank,,https://www.comerica.com/business/banking/cards-online-sevices/business-credit-card.html,https://app.notion.com/p/legacystrong/Arizona-253c3aa761d280c9aea9d64e162937b2,"AZ, MI",,,,,,,,,,,,,,,,,,,,Source: Notion Deep State Datapoints (Legacy Strong),true,,,,,,,,,,,,,,,,,,LEGACY-INBRANCHBIZCC-COMERICA-BANK
InBranchBizCC,Commerce Bank,,https://www.commercebank.com/business/cards/credit-cards,https://app.notion.com/p/legacystrong/Kansas-253c3aa761d28030a60fd298581357b7,"KS, MO",,,,,,,,,,,,,,,,,,"No further details available, but worth applying if you have a relationship or local presence.",,Source: Notion Deep State Datapoints (Legacy Strong),true,,,,,,,,,,,,,,,,,,LEGACY-INBRANCHBIZCC-COMMERCE-BANK
InBranchBizCC,Community Bank,,https://creditcardlearnmore.com/11t3/index,https://app.notion.com/p/legacystrong/Louisiana-253c3aa761d28022842ae6894ed544b8,"LA, MS, NY",,,,,,,,,,,,,,,,,,Midland,,Source: Notion Deep State Datapoints (Legacy Strong),true,,,,,,,,,,,,,,,,,,LEGACY-INBRANCHBIZCC-COMMUNITY-BANK
InBranchBizCC,Community National Bank,,,https://app.notion.com/p/legacystrong/Vermont-253c3aa761d280bd88b2d1ca550f80f6,VT,,,,,,,,,,,,,,,,,,,,Source: Notion Deep State Datapoints (Legacy Strong),true,,,,,,,,,,,,,,,,,,LEGACY-INBRANCHBIZCC-COMMUNITY-NATIONAL-BANK
InBranchBizCC,Community Trust Bank,,https://www.ctbi.com/banking/business-banking/business-checking,https://app.notion.com/p/legacystrong/Kentucky-253c3aa761d2803d906ef673163a8535,KY,,,,,,,,,,,,,,,,,,Offers Visa Business cards. Call or visit branch for latest 0% promo offerings.,,Source: Notion Deep State Datapoints (Legacy Strong),true,,,,,,,,,,,,,,,,,,LEGACY-INBRANCHBIZCC-COMMUNITY-TRUST-BANK
OnlineBizCC,Connect One Bank (0%,TCM),,https://app.notion.com/p/legacystrong/New-York-253c3aa761d28069ba19e83288742472,NY,,,,,,,,,,,,,,,,,,Other Noteworthy Options,,Source: Notion Deep State Datapoints (Legacy Strong),true,,,,,,,,,,,,,,,,,,LEGACY-ONLINEBIZCC-CONNECT-ONE-BANK-0
OnlineBizCC,Connecticut Community Bank,,,https://app.notion.com/p/legacystrong/Connecticut-253c3aa761d2801fbf66c6a5f585f1fa,CT,,,,,,,,,,,,,,,,,,Trusted local option.; TCM-powered card with low APRs and 0% options.; Personal and business versions available.,,Source: Notion Deep State Datapoints (Legacy Strong),true,,,,,,,,,,,,,,,,,,LEGACY-ONLINEBIZCC-CONNECTICUT-COMMUNITY-BANK
OnlineBizCC,Connection Bank,,,https://app.notion.com/p/legacystrong/Iowa-253c3aa761d280f4b9f7f0d95afaf759,IA,,,,,,,,,,,,,,,,,,,,Source: Notion Deep State Datapoints (Legacy Strong),true,,,,,,,,,,,,,,,,,,LEGACY-ONLINEBIZCC-CONNECTION-BANK
InBranchBizCC,Cornerstone Bank,,,https://app.notion.com/p/legacystrong/Nebraska-253c3aa761d280bea995f13e0b43d9d3,NE,,,,,,,,,,,,,,,,,,🔗 Cornerstone Credit,,Source: Notion Deep State Datapoints (Legacy Strong),true,,,,,,,,,,,,,,,,,,LEGACY-INBRANCHBIZCC-CORNERSTONE-BANK
InBranchBizCC,CorTrust Bank,,,https://app.notion.com/p/legacystrong/South-Dakota-253c3aa761d2801c8999ff2977db8c79,SD,,,,,,,,,,,,,,,,,,,,Source: Notion Deep State Datapoints (Legacy Strong),true,,,,,,,,,,,,,,,,,,LEGACY-INBRANCHBIZCC-CORTRUST-BANK
InBranchBizCC,D.L. Evans Bank,,https://www.dlevans.com/business/business-credit-cards,https://app.notion.com/p/legacystrong/Idaho-253c3aa761d28090b2e9fde857adcbf7,ID,,,,,,,,,,,,,,,,,,,,Source: Notion Deep State Datapoints (Legacy Strong),true,,,,,,,,,,,,,,,,,,LEGACY-INBRANCHBIZCC-D-L-EVANS-BANK
InBranchBizCC,Dacotah Bank,,,https://app.notion.com/p/legacystrong/South-Dakota-253c3aa761d2801c8999ff2977db8c79,SD,,,,,,,,,,,,,,,,,,0% card available. Inquire directly for business requirements.,,Source: Notion Deep State Datapoints (Legacy Strong),true,,,,,,,,,,,,,,,,,,LEGACY-INBRANCHBIZCC-DACOTAH-BANK
OnlineBizCC,DB&T (Dubuque Bank & Trust) (0% - HTLF),,https://www.dubuquebank.com/,https://app.notion.com/p/legacystrong/Iowa-253c3aa761d280f4b9f7f0d95afaf759,IA,,,,,,,,,,,,,,,,,,Submit online; expect follow-up call.; Multi six-figure net worth helps.; $50K/month spend recommended.,,Source: Notion Deep State Datapoints (Legacy Strong),true,,,,,,,,,,,,,,,,,,LEGACY-ONLINEBIZCC-DB-T-DUBUQUE-BANK-TRUST-0-HTLF
InBranchBizCC,Denali State Bank,,,https://app.notion.com/p/legacystrong/Alaska-253c3aa761d2805cbd2ec6dcf14c8ac1,AK,,,,,,,,,,,,,,,,,,,,Source: Notion Deep State Datapoints (Legacy Strong),true,,,,,,,,,,,,,,,,,,LEGACY-INBRANCHBIZCC-DENALI-STATE-BANK
InBranchBizCC,Desert Financial CU,,,https://app.notion.com/p/legacystrong/Arizona-253c3aa761d280c9aea9d64e162937b2,AZ,,,,,,,,,,,,,,,,,,Golden Valley,,Source: Notion Deep State Datapoints (Legacy Strong),true,,,,,,,,,,,,,,,,,,LEGACY-INBRANCHBIZCC-DESERT-FINANCIAL-CU
OnlineBizCC,Dogwood State Bank,,,https://app.notion.com/p/legacystrong/North-Carolina-253c3aa761d280ea96cafe4602f9b0a8,NC,,,,,No business checking required.,,,,,,,,,,,,,No business checking required.,,Source: Notion Deep State Datapoints (Legacy Strong),true,,,,yes,,,,,,,,,,,,,,LEGACY-ONLINEBIZCC-DOGWOOD-STATE-BANK
OnlineBizCC,Eagle Bank (0%,TCM),,https://app.notion.com/p/legacystrong/Arkansas-253c3aa761d280bebebfdc79020e3fc3,AR,,,,,,,,,,,,,,,,,,,,Source: Notion Deep State Datapoints (Legacy Strong),true,,,,,,,,,,,,,,,,,,LEGACY-ONLINEBIZCC-EAGLE-BANK-0
InBranchBizCC,East Boston Savings Bank,,https://www.ebsb.com/business,https://app.notion.com/p/legacystrong/Massachusetts-253c3aa761d280a6a509d271933413ad,MA,,,,,Small business focused services. Branch visit likely required.,,,,,,,,,,,,,Small business focused services. Branch visit likely required.,,Source: Notion Deep State Datapoints (Legacy Strong),true,,,,,,,,,,,,,,,,,,LEGACY-INBRANCHBIZCC-EAST-BOSTON-SAVINGS-BANK
InBranchBizCC,Eastern Bank,,https://www.easternbank.com/credit-cards,https://app.notion.com/p/legacystrong/Massachusetts-253c3aa761d280a6a509d271933413ad,MA,,,,,,,,,,,,,,,,,,Offers Visa® Business Card with 0% on purchases for the first 6–9 months.,,Source: Notion Deep State Datapoints (Legacy Strong),true,,,,,,,,,,,,,,,,,,LEGACY-INBRANCHBIZCC-EASTERN-BANK
OnlineBizCC,Elan Financial,,,https://app.notion.com/p/legacystrong/Arizona-253c3aa761d280c9aea9d64e162937b2,"AR, AZ, CA, CO, CT, DE, GA, IA, ID, IL, IN, KS, LA, MA, MD, ME, MI, MN, MO, MS, MT, NC, NH, NJ, NM, NV, OH, OR, RI, VT, WA, WI",,,,,No business checking required; No biz checking required; No business checking needed; 3rd-party underwriter; no business checking required.; No biz checking required. Apply locally without VPN.; No biz checking needed; Third-party issued. No business bank account required. Apply at an IP near your biz address. No VPNs. Report high balances.,,,,,,,,,,,,,"No business checking required; Apply from an IP close to your business address; Report $200k+ in account balance or investment account (helps get $25k+ limit – unverified); After 1st approval, apply to 2nd Elan bank using consistent info; No biz checking required; Apply from IP near business address; Reporting $200k+ in account/investments can help get $25k+ limit (unverified); First approval → second Elan app (with same info); Apply from IP address near business location; Reporting $200k+ in “account balance” or investments may help with $25k+ limits (unverified); First approval → apply at second Elan bank (ensure consistency in data); Apply from IP near business or home (no VPNs!); Reporting $200k+ in liquid/investment “account balance” can help get $25k+ limit; First approval → apply t…",,Source: Notion Deep State Datapoints (Legacy Strong),true,,,,yes,,,,,,,,,,,,,,LEGACY-ONLINEBIZCC-ELAN-FINANCIAL
OnlineBizCC,Elan Financial (0%,20 Months),,https://app.notion.com/p/legacystrong/New-York-253c3aa761d28069ba19e83288742472,NY,,,,,No checking account required,,,,,,,,,,,,,"No checking account required; Avoid VPNs, apply from business IP location; $200k+ in assets (claimed) boosts limit approval (unverified)",,Source: Notion Deep State Datapoints (Legacy Strong),true,,,,yes,,,,,,,,,,,,,,LEGACY-ONLINEBIZCC-ELAN-FINANCIAL-0
OnlineBizCC,Elan Financial (0% for 20 Months,No Checking Required),,https://app.notion.com/p/legacystrong/North-Dakota-253c3aa761d280fb8cc3db0a998caa8c,"ND, UT, VA, WV, WY",,,,,,,,,,,,,,,,,,"Avoid VPNs, apply near business address; Use $200k+ “account balance” to aim for $25k+ limits (not verified); Use consistent info. Apply from local IP (no VPN). Reporting $200k+ in “investment/bank balance” can increase approval odds (unverified).; Use consistent info. Apply from local IP (no VPN). Reporting $200k+ in “investment/bank balance” may increase limit (unverified).; Don’t use a VPN. Apply from IP near business location. Reporting $200k+ in “account balance” may help with higher limit (unverified).; Apply from local IP address (no VPN). Report $200k+ in “account balance” for best shot at $25k+ limit.",,Source: Notion Deep State Datapoints (Legacy Strong),true,,,,yes,,,,,,,,,,,,,,LEGACY-ONLINEBIZCC-ELAN-FINANCIAL-0-FOR-20-MONTHS
OnlineBizCC,Elan Financial Banks (0% for 20 Months,No Business Checking Needed),,https://app.notion.com/p/legacystrong/Oklahoma-253c3aa761d2808aaab1fdc8f586b2f0,"OK, PA, SC, TN",,,,,,,,,,,,,,,,,,"Avoid VPNs; apply from an IP near your business; Report $200k+ “account balance” or “investments” for $25k+ limit (unverified tip); Apply to one bank first, then apply to a second after approval using same data; Apply from a local IP (no VPN). Report $200k+ in “account balance” for higher limit (not verified). Apply to second bank only after 1st approval with consistent info.; Apply from a local IP (no VPN). $200k+ in “investment account” may help you get $25k+ limit (not verified). Apply to second bank only; after",,Source: Notion Deep State Datapoints (Legacy Strong),true,,,,yes,,,,,,,,,,,,,,LEGACY-ONLINEBIZCC-ELAN-FINANCIAL-BANKS-0-FOR-20-MONTHS
OnlineBizCC,Elan Financial Issued Cards (20 months 0%),,,https://app.notion.com/p/legacystrong/Nebraska-253c3aa761d280bea995f13e0b43d9d3,NE,,,,,No checking required. Do NOT use a VPN. Apply near business address.,,,,,,,,,,,,,"No checking required. Do NOT use a VPN. Apply near business address.; Show $200K+ “account balance” or “investments” (unverified) for $25K+ limit.; Apply to 2 separate banks, staggered apps, consistent data points.; 🔗 NebraskaLand Bank; 🔗 Midland",,Source: Notion Deep State Datapoints (Legacy Strong),true,,,,yes,,,,,,,,,,,,,,LEGACY-ONLINEBIZCC-ELAN-FINANCIAL-ISSUED-CARDS-20-MONTHS-0
OnlineBizCC,Elan Financial Issuers,,,https://app.notion.com/p/legacystrong/Alabama-253c3aa761d2803190efc372a47f3174,AL,,,,,,,,,,,,,,,,,,,,Source: Notion Deep State Datapoints (Legacy Strong),true,,,,,,,,,,,,,,,,,,LEGACY-ONLINEBIZCC-ELAN-FINANCIAL-ISSUERS
OnlineBizCC,Elan Financial Network,,,https://app.notion.com/p/legacystrong/Kentucky-253c3aa761d2803d906ef673163a8535,KY,,,,,,,,,,,,,,,,,,,,Source: Notion Deep State Datapoints (Legacy Strong),true,,,,,,,,,,,,,,,,,,LEGACY-ONLINEBIZCC-ELAN-FINANCIAL-NETWORK
OnlineBizCC,Elan Financial Partner Banks,,,https://app.notion.com/p/legacystrong/Florida-253c3aa761d280d7aae1c62c34560395,FL,,,,,No business bank account required,,,,,,,,,,,,,"No business bank account required; Avoid using VPN — Elan is strict; Apply near business address IP for best results; Helpful to report $200K+ in account balance; After first approval, wait 1-2 weeks and apply to second partner bank",,Source: Notion Deep State Datapoints (Legacy Strong),true,,,,,,,,,,,,,,,,,,LEGACY-ONLINEBIZCC-ELAN-FINANCIAL-PARTNER-BANKS
InBranchBizCC,Emprise Bank,,https://www.emprisebank.com/business/borrow/business-credit-cards,https://app.notion.com/p/legacystrong/Kansas-253c3aa761d28030a60fd298581357b7,KS,,,,,,,,,,,,,,,,,,,,Source: Notion Deep State Datapoints (Legacy Strong),true,,,,,,,,,,,,,,,,,,LEGACY-INBRANCHBIZCC-EMPRISE-BANK
InBranchBizCC,ENT Credit Union,,,https://app.notion.com/p/legacystrong/Colorado-253c3aa761d28070b6f5f734098892e5,CO,,,,,,,,,,,,,,,,,,,,Source: Notion Deep State Datapoints (Legacy Strong),true,,,,,,,,,,,,,,,,,,LEGACY-INBRANCHBIZCC-ENT-CREDIT-UNION
OnlineBizCC,Evergreen Bank,,https://www.evergreenbankgroup.com/business/business-credit-card.html,https://app.notion.com/p/legacystrong/Illinois-253c3aa761d28004ba89f6af65a5b622,IL,,,,,No business checking required,,,,,,,,,,,,,No business checking required,,Source: Notion Deep State Datapoints (Legacy Strong),true,,,,yes,,,,,,,,,,,,,,LEGACY-ONLINEBIZCC-EVERGREEN-BANK
OnlineBizCC,Evergreen Bank (0%,TCM),https://www.evergreenbankgroup.com/business/business-credit-card.html,https://app.notion.com/p/legacystrong/Nevada-253c3aa761d28023bcc3ee7d0467faab,NV,,,,,,,,,,,,,,,,,,,,Source: Notion Deep State Datapoints (Legacy Strong),true,,,,,,,,,,,,,,,,,,LEGACY-ONLINEBIZCC-EVERGREEN-BANK-0
OnlineBizCC,EverTrust Bank,,,https://app.notion.com/p/legacystrong/California-253c3aa761d280ff9c2ad133360c32a2,CA,,,,,,,,,,,,,,,,,,,,Source: Notion Deep State Datapoints (Legacy Strong),true,,,,,,,,,,,,,,,,,,LEGACY-ONLINEBIZCC-EVERTRUST-BANK
InBranchBizCC,Exchange State Bank,,https://creditcardlearnmore.com/11t3/index,https://app.notion.com/p/legacystrong/Iowa-253c3aa761d280f4b9f7f0d95afaf759,IA,,,,,,,,,,,,,,,,,,,,Source: Notion Deep State Datapoints (Legacy Strong),true,,,,,,,,,,,,,,,,,,LEGACY-INBRANCHBIZCC-EXCHANGE-STATE-BANK
OnlineBizCC,FAB&T,,,https://app.notion.com/p/legacystrong/Arkansas-253c3aa761d280bebebfdc79020e3fc3,AR,,,,,,,,,,,,,,,,,,,,Source: Notion Deep State Datapoints (Legacy Strong),true,,,,,,,,,,,,,,,,,,LEGACY-ONLINEBIZCC-FAB-T
InBranchBizCC,Fairmont Federal,,,https://app.notion.com/p/legacystrong/West-Virginia-253c3aa761d2801a9a0be7cac92cd17c,WV,,,,,,,,,,,,,,,,,,,,Source: Notion Deep State Datapoints (Legacy Strong),true,,,,,,,,,,,,,,,,,,LEGACY-INBRANCHBIZCC-FAIRMONT-FEDERAL
InBranchBizCC,Farmers & Merchants Bank,,,https://app.notion.com/p/legacystrong/California-253c3aa761d280ff9c2ad133360c32a2,CA,,,,,,,,,,,,,,,,,,Customizable credit options. Operates throughout Southern California.,,Source: Notion Deep State Datapoints (Legacy Strong),true,,,,,,,,,,,,,,,,,,LEGACY-INBRANCHBIZCC-FARMERS-MERCHANTS-BANK
InBranchBizCC,Fidelity Bank & Trust,,https://www.fidelitybanknc.com/business-banking/credit-and-financing/business-credit-cards/,https://app.notion.com/p/legacystrong/Iowa-253c3aa761d280f4b9f7f0d95afaf759,IA,,,,,,,,,,,,,,,,,,,,Source: Notion Deep State Datapoints (Legacy Strong),true,,,,,,,,,,,,,,,,,,LEGACY-INBRANCHBIZCC-FIDELITY-BANK-TRUST
InBranchBizCC,Fifth Third,,https://www.53.com/content/fifth-third/en/business-banking/managing-business/credit-card-solutions.html,https://app.notion.com/p/legacystrong/Illinois-253c3aa761d28004ba89f6af65a5b622,"IL, IN",,,,,,,,,,,,,,,,,,,,Source: Notion Deep State Datapoints (Legacy Strong),true,,,,,,,,,,,,,,,,,,LEGACY-INBRANCHBIZCC-FIFTH-THIRD
InBranchBizCC,Fifth Third Bank,,https://www.53.com/content/fifth-third/en/business-banking/managing-business/credit-card-solutions.html,https://app.notion.com/p/legacystrong/Florida-253c3aa761d280d7aae1c62c34560395,"FL, GA, KY, NC, OH, TN",,,,,,,,,,,,,,,,,,Credit card + BLOC options; Known for fast underwriting decisions; In-branch applications have higher approval success.; Known to approve up to $20k+ if profile fits.; Good regional presence in NC.; Reliable lender; offers rewards and balance-focused cards.,,Source: Notion Deep State Datapoints (Legacy Strong),true,,,,,,,,,,,,,,,,,,LEGACY-INBRANCHBIZCC-FIFTH-THIRD-BANK
InBranchBizCC,First American Bank,,https://creditcardlearnmore.com/11t3/index,https://app.notion.com/p/legacystrong/Florida-253c3aa761d280d7aae1c62c34560395,"FL, IL, NM",,,,,No business bank account required,,,,,,,,,,,,,"First Citizens Bank – In-branch only. Can also apply for a BLOC of $5K–$25K. Seen limits as high as $60K combined; No business bank account required; Avoid using VPN — Elan is strict; Apply near business address IP for best results; Helpful to report $200K+ in account balance; After first approval, wait 1-2 weeks and apply to second partner bank",,Source: Notion Deep State Datapoints (Legacy Strong),true,,,,,,,,,,,,,,,,,,LEGACY-INBRANCHBIZCC-FIRST-AMERICAN-BANK
OnlineBizCC,First American Bank,,,https://app.notion.com/p/legacystrong/Wisconsin-253c3aa761d280d1ba87d713b284c8ee,WI,,,,,No checking account needed,,,,,,,,,,,,,"No checking account needed; Use the BUSINESS tab to find 0% for 20 months; Reporting $200k+ in assets may boost your limit to $25k+ (not verified); Don’t use a VPN. Apply from an IP near your business or home; After first approval, apply at another Elan partner bank",,Source: Notion Deep State Datapoints (Legacy Strong),true,,,,,,,,,,,,,,,,,,LEGACY-ONLINEBIZCC-FIRST-AMERICAN-BANK
InBranchBizCC,First American Bank and Trust,,https://www.fabt.com/credit-cards.php,https://app.notion.com/p/legacystrong/Louisiana-253c3aa761d28022842ae6894ed544b8,LA,,,,,,,,,,,,,,,,,,,,Source: Notion Deep State Datapoints (Legacy Strong),true,,,,,,,,,,,,,,,,,,LEGACY-INBRANCHBIZCC-FIRST-AMERICAN-BANK-AND-TRUST
InBranchBizCC,First Bank,,,https://app.notion.com/p/legacystrong/Kansas-253c3aa761d28030a60fd298581357b7,KS,,,,,"First Citizens Bank – 9 months 0%, in-branch only, 30+ days account open often required",,,,,,,,,,,,,"First Citizens Bank – 9 months 0%, in-branch only, 30+ days account open often required",,Source: Notion Deep State Datapoints (Legacy Strong),true,,,,,,,,,,,,,,,,,,LEGACY-INBRANCHBIZCC-FIRST-BANK
OnlineBizCC,First Bank,,,https://app.notion.com/p/legacystrong/Tennessee-253c3aa761d2802a9625cb0f3e68028c,"TN, WY",,,,,,,,,,,,,,,,,,,,Source: Notion Deep State Datapoints (Legacy Strong),true,,,,,,,,,,,,,,,,,,LEGACY-ONLINEBIZCC-FIRST-BANK
InBranchBizCC,First Bank & Trust,,,https://app.notion.com/p/legacystrong/South-Dakota-253c3aa761d2801c8999ff2977db8c79,SD,,,,,,,,,,,,,,,,,,Offers 0% intro rate. Confirm in-branch requirements.,,Source: Notion Deep State Datapoints (Legacy Strong),true,,,,,,,,,,,,,,,,,,LEGACY-INBRANCHBIZCC-FIRST-BANK-TRUST
OnlineBizCC,First Bank & Trust (HTLF),,,https://app.notion.com/p/legacystrong/Texas-253c3aa761d280e69380ed7607909b5b,TX,,,,,,,,,,,,,,,,,,Online application → phone call follow-up; Unverified: multi 6-figure net worth & $50k+ monthly spend helps approval,,Source: Notion Deep State Datapoints (Legacy Strong),true,,,,,,,,,,,,,,,,,,LEGACY-ONLINEBIZCC-FIRST-BANK-TRUST-HTLF
InBranchBizCC,First Bank Alaska,,,https://app.notion.com/p/legacystrong/Alaska-253c3aa761d2805cbd2ec6dcf14c8ac1,AK,,,,,,,,,,,,,,,,,,,,Source: Notion Deep State Datapoints (Legacy Strong),true,,,,,,,,,,,,,,,,,,LEGACY-INBRANCHBIZCC-FIRST-BANK-ALASKA
InBranchBizCC,First Bank of Wyoming,,,https://app.notion.com/p/legacystrong/Wyoming-253c3aa761d280efab51c5990f64d293,WY,,,,,,,,,,,,,,,,,,,,Source: Notion Deep State Datapoints (Legacy Strong),true,,,,,,,,,,,,,,,,,,LEGACY-INBRANCHBIZCC-FIRST-BANK-OF-WYOMING
OnlineBizCC,First Citizens,,,https://app.notion.com/p/legacystrong/Virginia-253c3aa761d28024a870e60ca73b3bef,VA,,,,,,,,,,,,,,,,,,,,Source: Notion Deep State Datapoints (Legacy Strong),true,,,,,,,,,,,,,,,,,,LEGACY-ONLINEBIZCC-FIRST-CITIZENS
InBranchBizCC,First Citizens Bank,Must apply in branch,https://www.firstcitizens.com/small-business/credit-financing/credit-cards/premium-rewards,https://app.notion.com/p/legacystrong/Georgia-253c3aa761d280c0a8f0c876c511936d,"GA, MD, NC, NM, OK, OR, SC, TN, VA, WA, WI, WV, WY",,,,,"No biz checking required. Avoid VPNs! Apply from address near your business.; Business checking must be open.; Some branches allow same-day apply; others require 30 days seasoning.; Checking account required (sometimes day-of works; other times 30 days seasoning); Business checking required (sometimes same-day, sometimes 30-day seasoning); Can also apply for Line of Credit ($5k–$25k+) — no docs required; Optional Business Line of Credit ($5k–$25k in account, no docs required)",,,,,,,,,,,,,"Can also apply for Business Line of Credit if $5k–$25k is in the account (no docs); United Community; Line of Credit option: $5k–$25k, no docs if funds already in the account; No biz checking required. Avoid VPNs! Apply from address near your business.; Look for 0% cards (20 mo). If approved, apply again via another Elan partner.; First Citizens must be applied for in branch (offers 9-month 0% and possible BLOC).; 0% for 9 months.; Requires in-branch application.; Business checking must be open.; Some branches allow same-day apply; others require 30 days seasoning.; Option to also apply for BLOC ($5k–$25k) if $5k+ in account.; In-branch only; 0% for 9 months + BLOC offer if $5k–$25k is on deposit; 0% intro for 9 months; Must apply in-branch; Checking account required (sometimes day-of wor…",,Source: Notion Deep State Datapoints (Legacy Strong),true,,,,yes,,,,,,,,,,,,,,LEGACY-INBRANCHBIZCC-FIRST-CITIZENS-BANK
OnlineBizCC,First Citizens Bank,,,https://app.notion.com/p/legacystrong/Alabama-253c3aa761d2803190efc372a47f3174,"AL, AZ, CA, NC, OR, SC",,,,,No business checking required.; No checking account required. Apply through each bank’s site.; No checking required. Report $200k+ in assets for higher limits. Never use VPN.,,,,,,,,,,,,,"No business checking required.; Recommend reporting $200K+ in account or investment balances. This is not verified but helps approval and limits.; Never use a VPN. Apply near your real address (business preferred).; After first Elan approval, apply at a second Elan partner with identical data.; No checking account required. Apply through each bank’s site.; Report $200k+ in “investment account” for higher limits. Avoid VPN.; Match application data across all Elan apps.; No checking required. Report $200k+ in assets for higher limits. Never use VPN.; Separate from Elan version; also offers low-interest cards.; Apply directly on the business cards page.; Do not use VPN. Use local IP to your business/personal address.; Data point: $200k+ “investment balance” = $25k+ limits (unverified).; Once…",,Source: Notion Deep State Datapoints (Legacy Strong),true,,,,yes,,,,,,,,,,,,,,LEGACY-ONLINEBIZCC-FIRST-CITIZENS-BANK
InBranchBizCC,First Citizens Bank (0% for 9 months),,https://www.firstcitizens.com/small-business/credit-financing/credit-cards/premium-rewards,https://app.notion.com/p/legacystrong/Missouri-253c3aa761d2806aad8cdbba6550301b,MO,,,,,No business checking required.,,,,,,,,,,,,,Notes:; No business checking required.; Apply from IP address close to your business/personal address (no VPN!).; Report $200k+ in “account balance” or “investment accounts” (not verified).; For First Citizens Bank: In-branch only. Business account must be open. Option to also apply for Business LOC ($5k–$25k). Seen $35k CC + $60k LOC approvals.,,Source: Notion Deep State Datapoints (Legacy Strong),true,,,,yes,,,,,,,,,,,,,,LEGACY-INBRANCHBIZCC-FIRST-CITIZENS-BANK-0-FOR-9-MONTHS
InBranchBizCC,First Citizens Bank (Apply in-branch),,,https://app.notion.com/p/legacystrong/Texas-253c3aa761d280e69380ed7607909b5b,TX,,,,,No business checking required (except First Citizens),,,,,,,,,,,,,No business checking required (except First Citizens); Apply at IP address near your business location; Report $200k+ “account balance/investments” for higher limit; Apply to 1 Elan bank → wait for approval → apply to 2nd with same data points; 🔎 Local & Regional Banks with Business Credit Cards,,Source: Notion Deep State Datapoints (Legacy Strong),true,,,,yes,,,,,,,,,,,,,,LEGACY-INBRANCHBIZCC-FIRST-CITIZENS-BANK-APPLY-IN-BRANCH
InBranchBizCC,First Citizens National,,,https://app.notion.com/p/legacystrong/Tennessee-253c3aa761d2802a9625cb0f3e68028c,TN,,,,,,,,,,,,,,,,,,,,Source: Notion Deep State Datapoints (Legacy Strong),true,,,,,,,,,,,,,,,,,,LEGACY-INBRANCHBIZCC-FIRST-CITIZENS-NATIONAL
InBranchBizCC,First Commonwealth,,,https://app.notion.com/p/legacystrong/Pennsylvania-253c3aa761d280548a54eade5f14cb11,PA,,,,,,,,,,,,,,,,,,,,Source: Notion Deep State Datapoints (Legacy Strong),true,,,,,,,,,,,,,,,,,,LEGACY-INBRANCHBIZCC-FIRST-COMMONWEALTH
OnlineBizCC,First Community Bank,,,https://app.notion.com/p/legacystrong/West-Virginia-253c3aa761d2801a9a0be7cac92cd17c,WV,,,,,,,,,,,,,,,,,,,,Source: Notion Deep State Datapoints (Legacy Strong),true,,,,,,,,,,,,,,,,,,LEGACY-ONLINEBIZCC-FIRST-COMMUNITY-BANK
InBranchBizCC,First Dakota National Bank,,,https://app.notion.com/p/legacystrong/South-Dakota-253c3aa761d2801c8999ff2977db8c79,SD,,,,,,,,,,,,,,,,,,,,Source: Notion Deep State Datapoints (Legacy Strong),true,,,,,,,,,,,,,,,,,,LEGACY-INBRANCHBIZCC-FIRST-DAKOTA-NATIONAL-BANK
InBranchBizCC,First Financial,,https://www.bankatfirst.com/business/bank/business-credit-cards.html,https://app.notion.com/p/legacystrong/Indiana-253c3aa761d280869289d2c1b9f70bb0,IN,,,,,,,,,,,,,,,,,,,,Source: Notion Deep State Datapoints (Legacy Strong),true,,,,,,,,,,,,,,,,,,LEGACY-INBRANCHBIZCC-FIRST-FINANCIAL
InBranchBizCC,First Hawaiian Bank,,,https://app.notion.com/p/legacystrong/Hawaii-253c3aa761d280909ddfdb2513a2c16f,HI,,,,,,,,,,,,,,,,,,Offers cash back and travel rewards; Typically requires a business account for approval; Call to confirm if they currently offer promotional APR terms,,Source: Notion Deep State Datapoints (Legacy Strong),true,,,,,,,,,,,,,,,,,,LEGACY-INBRANCHBIZCC-FIRST-HAWAIIAN-BANK
InBranchBizCC,First Interstate Bank,,https://www.firstinterstatebank.com/business/banking/credit_cards/,https://app.notion.com/p/legacystrong/Idaho-253c3aa761d28090b2e9fde857adcbf7,"ID, MT, WY",,,,,,,,,,,,,,,,,,,,Source: Notion Deep State Datapoints (Legacy Strong),true,,,,,,,,,,,,,,,,,,LEGACY-INBRANCHBIZCC-FIRST-INTERSTATE-BANK
InBranchBizCC,First Kentucky Bank,,https://creditcardlearnmore.com/11t3/index,https://app.notion.com/p/legacystrong/Kentucky-253c3aa761d2803d906ef673163a8535,KY,,,,,,,,,,,,,,,,,,,,Source: Notion Deep State Datapoints (Legacy Strong),true,,,,,,,,,,,,,,,,,,LEGACY-INBRANCHBIZCC-FIRST-KENTUCKY-BANK
InBranchBizCC,First Midwest Bank,,https://www.firstmidwest.com/small-business/credit-cards/,https://app.notion.com/p/legacystrong/Illinois-253c3aa761d28004ba89f6af65a5b622,IL,,,,,,,,,,,,,,,,,,,,Source: Notion Deep State Datapoints (Legacy Strong),true,,,,,,,,,,,,,,,,,,LEGACY-INBRANCHBIZCC-FIRST-MIDWEST-BANK
InBranchBizCC,First National Bank,,https://www.fnb-online.com/business/loans-leasing/lending/business-credit-card,https://app.notion.com/p/legacystrong/Maryland-253c3aa761d280da9edddf304ac75e0e,"MD, NC, PA",,,,,,,,,,,,,,,,,,Apply online or in branch. Offers both rewards and lower APR options.,,Source: Notion Deep State Datapoints (Legacy Strong),true,,,,,,,,,,,,,,,,,,LEGACY-INBRANCHBIZCC-FIRST-NATIONAL-BANK
OnlineBizCC,First National Bank,,,https://app.notion.com/p/legacystrong/Illinois-253c3aa761d28004ba89f6af65a5b622,IL,,,,,No biz checking required,,,,,,,,,,,,,"No biz checking required; Report $200k+ “account balance” for better limits (not verified); No VPN. Apply from IP close to business address; After first approval, apply for second bank (ensure same info used)",,Source: Notion Deep State Datapoints (Legacy Strong),true,,,,yes,,,,,,,,,,,,,,LEGACY-ONLINEBIZCC-FIRST-NATIONAL-BANK
InBranchBizCC,First National Bank Alaska,,,https://app.notion.com/p/legacystrong/Alaska-253c3aa761d2805cbd2ec6dcf14c8ac1,AK,,,,,,,,,,,,,,,,,,,,Source: Notion Deep State Datapoints (Legacy Strong),true,,,,,,,,,,,,,,,,,,LEGACY-INBRANCHBIZCC-FIRST-NATIONAL-BANK-ALASKA
OnlineBizCC,First National Bank of Omaha (FNBO),,,https://app.notion.com/p/legacystrong/Nebraska-253c3aa761d280bea995f13e0b43d9d3,NE,,,,,No checking account needed.,,,,,,,,,,,,,🔗 Apply here; No checking account needed.,,Source: Notion Deep State Datapoints (Legacy Strong),true,,,,,,,,,,,,,,,,,,LEGACY-ONLINEBIZCC-FIRST-NATIONAL-BANK-OF-OMAHA-FNBO
InBranchBizCC,First National Bank Texas,,,https://app.notion.com/p/legacystrong/Arizona-253c3aa761d280c9aea9d64e162937b2,AZ,,,,,,,,,,,,,,,,,,,,Source: Notion Deep State Datapoints (Legacy Strong),true,,,,,,,,,,,,,,,,,,LEGACY-INBRANCHBIZCC-FIRST-NATIONAL-BANK-TEXAS
InBranchBizCC,First PREMIER Bank,,,https://app.notion.com/p/legacystrong/South-Dakota-253c3aa761d2801c8999ff2977db8c79,SD,,,,,,,,,,,,,,,,,,,,Source: Notion Deep State Datapoints (Legacy Strong),true,,,,,,,,,,,,,,,,,,LEGACY-INBRANCHBIZCC-FIRST-PREMIER-BANK
InBranchBizCC,First Security Bank,,,https://app.notion.com/p/legacystrong/Arkansas-253c3aa761d280bebebfdc79020e3fc3,AR,,,,,,,,,,,,,,,,,,,,Source: Notion Deep State Datapoints (Legacy Strong),true,,,,,,,,,,,,,,,,,,LEGACY-INBRANCHBIZCC-FIRST-SECURITY-BANK
InBranchBizCC,First State Bank,,,https://app.notion.com/p/legacystrong/Florida-253c3aa761d280d7aae1c62c34560395,FL,,,,,,,,,,,,,,,,,,,,Source: Notion Deep State Datapoints (Legacy Strong),true,,,,,,,,,,,,,,,,,,LEGACY-INBRANCHBIZCC-FIRST-STATE-BANK
InBranchBizCC,Flagstar Bank,,https://www.flagstar.com/business/business-credit-cards.html,https://app.notion.com/p/legacystrong/Michigan-253c3aa761d280788103ca55bebcd8aa,MI,,,,,,,,,,,,,,,,,,,,Source: Notion Deep State Datapoints (Legacy Strong),true,,,,,,,,,,,,,,,,,,LEGACY-INBRANCHBIZCC-FLAGSTAR-BANK
OnlineBizCC,FNBO,Evergreen Business Card,https://www.fnbo.com/small-business/credit-cards/evergreen/,https://app.notion.com/p/legacystrong/Colorado-253c3aa761d28070b6f5f734098892e5,"CO, IA, IL, KS, OK, SD, WA",,,,,No business checking needed; No business checking account required; No business checking required.; No business checking required,,,,,,,,,,,,,No business checking needed; No business checking account required; No business checking required.; No business checking required; Flexible approvals and decent limit potential; Evergreen card offers 0% intro and cashback rewards.,,Source: Notion Deep State Datapoints (Legacy Strong),true,,,,yes,,,,,,,,,,,,,,LEGACY-ONLINEBIZCC-FNBO
OnlineBizCC,FNBO Evergreen,,,https://app.notion.com/p/legacystrong/Texas-253c3aa761d280e69380ed7607909b5b,TX,,,,,No business checking account needed,,,,,,,,,,,,,No business checking account needed; 🔁 Elan Financial 0% Cards – Use 2+ Banks Strategically,,Source: Notion Deep State Datapoints (Legacy Strong),true,,,,,,,,,,,,,,,,,,LEGACY-ONLINEBIZCC-FNBO-EVERGREEN
OnlineBizCC,Franklin Bank (0%,TCM),,https://app.notion.com/p/legacystrong/New-Jersey-253c3aa761d2801b8af4d65ca5ffd313,NJ,,,,,,,,,,,,,,,,,,,,Source: Notion Deep State Datapoints (Legacy Strong),true,,,,,,,,,,,,,,,,,,LEGACY-ONLINEBIZCC-FRANKLIN-BANK-0
InBranchBizCC,Frontier Bank of Texas,,,https://app.notion.com/p/legacystrong/Texas-253c3aa761d280e69380ed7607909b5b,TX,,,,,,,,,,,,,,,,,,,,Source: Notion Deep State Datapoints (Legacy Strong),true,,,,,,,,,,,,,,,,,,LEGACY-INBRANCHBIZCC-FRONTIER-BANK-OF-TEXAS
InBranchBizCC,Frost Bank,,,https://app.notion.com/p/legacystrong/Texas-253c3aa761d280e69380ed7607909b5b,TX,,,,,,,,,,,,,,,,,,,,Source: Notion Deep State Datapoints (Legacy Strong),true,,,,,,,,,,,,,,,,,,LEGACY-INBRANCHBIZCC-FROST-BANK
InBranchBizCC,Fulton Bank,,https://www.fultonbank.com/Small-Business/Banking/Small-Business-Credit-Cards,https://app.notion.com/p/legacystrong/Maryland-253c3aa761d280da9edddf304ac75e0e,"MD, NJ, PA",,,,,,,,,,,,,,,,,,,,Source: Notion Deep State Datapoints (Legacy Strong),true,,,,,,,,,,,,,,,,,,LEGACY-INBRANCHBIZCC-FULTON-BANK
OnlineBizCC,Garden State Community Bank (FNBO),,,https://app.notion.com/p/legacystrong/New-Jersey-253c3aa761d2801b8af4d65ca5ffd313,NJ,,,,,No business checking needed,,,,,,,,,,,,,No business checking needed; FNBO partner card,,Source: Notion Deep State Datapoints (Legacy Strong),true,,,,,,,,,,,,,,,,,,LEGACY-ONLINEBIZCC-GARDEN-STATE-COMMUNITY-BANK-FNBO
InBranchBizCC,Gate City Bank,,,https://app.notion.com/p/legacystrong/North-Dakota-253c3aa761d280fb8cc3db0a998caa8c,ND,,,,,,,,,,,,,,,,,,Local North Dakota option with Visa business card products,,Source: Notion Deep State Datapoints (Legacy Strong),true,,,,,,,,,,,,,,,,,,LEGACY-INBRANCHBIZCC-GATE-CITY-BANK
OnlineBizCC,Goldman Sachs,GM Business Card,https://www.marcus.com/us/en/credit-cards/gm-cards/gm-business-card,https://app.notion.com/p/legacystrong/Alabama-253c3aa761d2803190efc372a47f3174,All States,TU,,,,"Uploading ID required; ID upload required; ID upload may be required; Fast processing (1-2 days), identity verification required.; Upload ID required; Fast processing, ID upload required; ID upload typically required. Takes 1–2 days.",,,,,,,,,,,,,"Pre-qual with soft pull on TransUnion. May avoid hard pull by freezing TU after pre-approval.; Requires ID upload and simple verification.; Best to estimate $600K+ in annual revenue and $40K+ in monthly spend.; Common limits: $10K–$25K. Can apply under 2–3 separate LLCs.; Soft pull on TU for pre-approval; Freeze TU after pre-approval to avoid hard pull; Uploading ID is standard; Apply for 1 card per business (up to 2–3 businesses); Suggested: ~$650k revenue / ~$40k monthly spend; Limits typically range from $10k–$20k; Soft pull via TransUnion. Can freeze TU to potentially avoid hard pull.; Approvals often require ID upload.; Business revenue ~$650k / spend ~$40k.; Limits range $10k–$20k per card, up to 2–3 businesses.; Freeze TU post pre-approval to avoid hard pull; 1 card per business (m…",,Source: Notion Deep State Datapoints (Legacy Strong),true,,yes,,,,,,,,,,,,,,,,LEGACY-ONLINEBIZCC-GOLDMAN-SACHS
InBranchBizCC,Great Southern Bank,,https://www.greatsouthernbank.com/business/credit-cards,https://app.notion.com/p/legacystrong/Iowa-253c3aa761d280f4b9f7f0d95afaf759,IA,,,,,,,,,,,,,,,,,,,,Source: Notion Deep State Datapoints (Legacy Strong),true,,,,,,,,,,,,,,,,,,LEGACY-INBRANCHBIZCC-GREAT-SOUTHERN-BANK
InBranchBizCC,Great Western Bank,,https://www.greatwesternbank.com/business-banking/loans-and-credit-lines/business-credit-card/,https://app.notion.com/p/legacystrong/Iowa-253c3aa761d280f4b9f7f0d95afaf759,"IA, NE, SD",,,,,,,,,,,,,,,,,,🔗 Great Western Credit Cards,,Source: Notion Deep State Datapoints (Legacy Strong),true,,,,,,,,,,,,,,,,,,LEGACY-INBRANCHBIZCC-GREAT-WESTERN-BANK
InBranchBizCC,Greater Nevada Credit Union,,https://creditcardlearnmore.com/11t3/index,https://app.notion.com/p/legacystrong/Nevada-253c3aa761d28023bcc3ee7d0467faab,NV,,,,,,,,,,,,,,,,,,,,Source: Notion Deep State Datapoints (Legacy Strong),true,,,,,,,,,,,,,,,,,,LEGACY-INBRANCHBIZCC-GREATER-NEVADA-CREDIT-UNION
InBranchBizCC,Hancock Whitney Bank,,https://www.hancockwhitney.com/business-credit-cards,https://app.notion.com/p/legacystrong/Mississippi-253c3aa761d280b7aafdcd60f363a740,MS,,,,,,,,,,,,,,,,,,,,Source: Notion Deep State Datapoints (Legacy Strong),true,,,,,,,,,,,,,,,,,,LEGACY-INBRANCHBIZCC-HANCOCK-WHITNEY-BANK
InBranchBizCC,Hanmi Bank,,,https://app.notion.com/p/legacystrong/California-253c3aa761d280ff9c2ad133360c32a2,CA,,,,,,,,,,,,,,,,,,Strong for immigrant-owned businesses. California-based lender.,,Source: Notion Deep State Datapoints (Legacy Strong),true,,,,,,,,,,,,,,,,,,LEGACY-INBRANCHBIZCC-HANMI-BANK
OnlineBizCC,Hawaii National Bank (0% - Elan Financial),,,https://app.notion.com/p/legacystrong/Hawaii-253c3aa761d280909ddfdb2513a2c16f,HI,,,,,,,,,,,,,,,,,,Same recommendations as above for Elan partners,,Source: Notion Deep State Datapoints (Legacy Strong),true,,,,,,,,,,,,,,,,,,LEGACY-ONLINEBIZCC-HAWAII-NATIONAL-BANK-0-ELAN-FINANCIAL
InBranchBizCC,Heritage Bank,,,https://app.notion.com/p/legacystrong/Washington-253c3aa761d280fd80f1c16fa02e72b1,WA,,,,,,,,,,,,,,,,,,,,Source: Notion Deep State Datapoints (Legacy Strong),true,,,,,,,,,,,,,,,,,,LEGACY-INBRANCHBIZCC-HERITAGE-BANK
InBranchBizCC,Heritage Bank of Nevada,,https://www.heritagebanknevada.com/visa-business-card,https://app.notion.com/p/legacystrong/Nevada-253c3aa761d28023bcc3ee7d0467faab,NV,,,,,,,,,,,,,,,,,,,,Source: Notion Deep State Datapoints (Legacy Strong),true,,,,,,,,,,,,,,,,,,LEGACY-INBRANCHBIZCC-HERITAGE-BANK-OF-NEVADA
InBranchBizCC,Hills Bank and Trust Company,,https://www.hillsbank.com/business-credit-cards#,https://app.notion.com/p/legacystrong/Iowa-253c3aa761d280f4b9f7f0d95afaf759,IA,,,,,,,,,,,,,,,,,,,,Source: Notion Deep State Datapoints (Legacy Strong),true,,,,,,,,,,,,,,,,,,LEGACY-INBRANCHBIZCC-HILLS-BANK-AND-TRUST-COMPANY
InBranchBizCC,Hilltop Bank,,,https://app.notion.com/p/legacystrong/Wyoming-253c3aa761d280efab51c5990f64d293,WY,,,,,,,,,,,,,,,,,,,,Source: Notion Deep State Datapoints (Legacy Strong),true,,,,,,,,,,,,,,,,,,LEGACY-INBRANCHBIZCC-HILLTOP-BANK
InBranchBizCC,Home Bank,,https://www.home24bank.com/business/business-loans/visa-business-credit-card.html,https://app.notion.com/p/legacystrong/Louisiana-253c3aa761d28022842ae6894ed544b8,LA,,,,,,,,,,,,,,,,,,,,Source: Notion Deep State Datapoints (Legacy Strong),true,,,,,,,,,,,,,,,,,,LEGACY-INBRANCHBIZCC-HOME-BANK
OnlineBizCC,Home Bank of California,,,https://app.notion.com/p/legacystrong/California-253c3aa761d280ff9c2ad133360c32a2,CA,,,,,,,,,,,,,,,,,,,,Source: Notion Deep State Datapoints (Legacy Strong),true,,,,,,,,,,,,,,,,,,LEGACY-ONLINEBIZCC-HOME-BANK-OF-CALIFORNIA
OnlineBizCC,Horizon Bank,,https://www.horizonbank.com/business/treasury-management/disbursements/business-credit-cards,https://app.notion.com/p/legacystrong/Indiana-253c3aa761d280869289d2c1b9f70bb0,IN,,,,,,,,,,,,,,,,,,,,Source: Notion Deep State Datapoints (Legacy Strong),true,,,,,,,,,,,,,,,,,,LEGACY-ONLINEBIZCC-HORIZON-BANK
InBranchBizCC,HSBC,,,https://app.notion.com/p/legacystrong/New-York-253c3aa761d28069ba19e83288742472,NY,,,,,,,,,,,,,,,,,,,,Source: Notion Deep State Datapoints (Legacy Strong),true,,,,,,,,,,,,,,,,,,LEGACY-INBRANCHBIZCC-HSBC
InBranchBizCC,Huntington Bank,,https://www.huntington.com/SmallBusiness/voice-business-credit-card,https://app.notion.com/p/legacystrong/Michigan-253c3aa761d280788103ca55bebcd8aa,"MI, WV",,,,,,,,,,,,,,,,,,,,Source: Notion Deep State Datapoints (Legacy Strong),true,,,,,,,,,,,,,,,,,,LEGACY-INBRANCHBIZCC-HUNTINGTON-BANK
InBranchBizCC,IBC,,,https://app.notion.com/p/legacystrong/Texas-253c3aa761d280e69380ed7607909b5b,TX,,,,,,,,,,,,,,,,,,,,Source: Notion Deep State Datapoints (Legacy Strong),true,,,,,,,,,,,,,,,,,,LEGACY-INBRANCHBIZCC-IBC
InBranchBizCC,IBC Bank,,,https://app.notion.com/p/legacystrong/Oklahoma-253c3aa761d2808aaab1fdc8f586b2f0,OK,,,,,,,,,,,,,,,,,,Oklahoma-based with solid business support,,Source: Notion Deep State Datapoints (Legacy Strong),true,,,,,,,,,,,,,,,,,,LEGACY-INBRANCHBIZCC-IBC-BANK
InBranchBizCC,Idaho First Bank,,https://creditcardlearnmore.com/11t3/index,https://app.notion.com/p/legacystrong/Idaho-253c3aa761d28090b2e9fde857adcbf7,ID,,,,,,,,,,,,,,,,,,Midland,,Source: Notion Deep State Datapoints (Legacy Strong),true,,,,,,,,,,,,,,,,,,LEGACY-INBRANCHBIZCC-IDAHO-FIRST-BANK
OnlineBizCC,Illinois Bank & Trust (0% - HTLF),,https://www.illinoisbank.com/,https://app.notion.com/p/legacystrong/Illinois-253c3aa761d28004ba89f6af65a5b622,IL,,,,,,,,,,,,,,,,,,"Online app, follow-up call expected; Unverified: reporting high net worth / $50k monthly spend may help",,Source: Notion Deep State Datapoints (Legacy Strong),true,,,,,,,,,,,,,,,,,,LEGACY-ONLINEBIZCC-ILLINOIS-BANK-TRUST-0-HTLF
InBranchBizCC,Independent Bank,,https://www.independentbank.com/business/debit-cards/,https://app.notion.com/p/legacystrong/Michigan-253c3aa761d280788103ca55bebcd8aa,"MI, MT",,,,,,,,,,,,,,,,,,Midland,,Source: Notion Deep State Datapoints (Legacy Strong),true,,,,,,,,,,,,,,,,,,LEGACY-INBRANCHBIZCC-INDEPENDENT-BANK
InBranchBizCC,Intrust Bank,,https://creditcardlearnmore.com/11t3/index,https://app.notion.com/p/legacystrong/Kansas-253c3aa761d28030a60fd298581357b7,KS,,,,,,,,,,,,,,,,,,,,Source: Notion Deep State Datapoints (Legacy Strong),true,,,,,,,,,,,,,,,,,,LEGACY-INBRANCHBIZCC-INTRUST-BANK
OnlineBizCC,Iowa State Bank,,,https://app.notion.com/p/legacystrong/Iowa-253c3aa761d280f4b9f7f0d95afaf759,IA,,,,,No business checking required.,,,,,,,,,,,,,"No business checking required.; Report $200K+ “account balance” for potential $25K+ limit.; Avoid VPN; apply from your real business IP.; After 1st approval, submit second Elan app with consistent info.",,Source: Notion Deep State Datapoints (Legacy Strong),true,,,,yes,,,,,,,,,,,,,,LEGACY-ONLINEBIZCC-IOWA-STATE-BANK
InBranchBizCC,Johnson Bank,,,https://app.notion.com/p/legacystrong/Wisconsin-253c3aa761d280d1ba87d713b284c8ee,WI,,,,,,,,,,,,,,,,,,,,Source: Notion Deep State Datapoints (Legacy Strong),true,,,,,,,,,,,,,,,,,,LEGACY-INBRANCHBIZCC-JOHNSON-BANK
InBranchBizCC,Kearny Bank,,,https://app.notion.com/p/legacystrong/New-Jersey-253c3aa761d2801b8af4d65ca5ffd313,"NJ, NY",,,,,,,,,,,,,,,,,,,,Source: Notion Deep State Datapoints (Legacy Strong),true,,,,,,,,,,,,,,,,,,LEGACY-INBRANCHBIZCC-KEARNY-BANK
InBranchBizCC,KeyBank,,,https://app.notion.com/p/legacystrong/New-York-253c3aa761d28069ba19e83288742472,"NY, OH, PA, UT, VT, WA",,,,,KeyBank Business Rewards Offers a soft credit check and high credit limits with an introductory 0% interest period.,,,,,,,,,,,,,Apply in-branch via manager; Can also ask for an unsecured Line of Credit up to $50k; Apply in-branch for optimal results.; Can apply for a Business Visa (up to $25k) and/or unsecured LOC (up to $50k).; Apply in-branch for Business Visa (up to $25k) or unsecured LOC (up to $50k); Apply in-branch with manager for 0% Visa + potential $50k LOC; Recommended to apply in-branch with a banker.; Can apply for 0% Visa up to $25k and unsecured line of credit up to $50k.; Best to apply in-branch; May qualify for 0% Visa up to $25k or LOC up to $50k,,Source: Notion Deep State Datapoints (Legacy Strong); Hub refs: Favorite business credit cards,true,,,,,,,,,,,,,,,,,,LEGACY-INBRANCHBIZCC-KEYBANK
OnlineBizCC,KeyBank,,https://www.key.com/small-business/banking/credit-cards/mastercard-small-business-credit-card.jsp,https://app.notion.com/p/legacystrong/Alaska-253c3aa761d2805cbd2ec6dcf14c8ac1,"AK, CO, CT, ID, ME, OR",,,,,KeyBank Business Rewards Offers a soft credit check and high credit limits with an introductory 0% interest period.,,,,,,,,,,,,,"Recommended to meet with a branch manager; Can apply for Business Visa (up to $25k) and/or unsecured line of credit (up to $50k); Apply via branch manager; 0% Visa up to $25k, or unsecured BLOC up to $50k; Strong regional player in CT.; Meet a banker in person for higher approval odds.; Often paired with a $25K 0% card + $50K unsecured LOC.; Apply through branch manager recommended; Up to $25k on business Visa or $50k unsecured LOC; Recommend applying through a branch manager for best results.; Can pair Business Credit Card (up to $25k) with unsecured Business LOC (up to $50k).; Meet with a branch manager in-person.; Apply for 0% Visa ($25k) and/or unsecured LOC ($50k max).",,Source: Notion Deep State Datapoints (Legacy Strong); Hub refs: Favorite business credit cards,true,,,,,,,,,,,,,,,,,,LEGACY-ONLINEBIZCC-KEYBANK
InBranchBizCC,Landmark National Bank,,https://www.banklandmark.com/business/additional-business-services/business-credit-cards/,https://app.notion.com/p/legacystrong/Kansas-253c3aa761d28030a60fd298581357b7,KS,,,,,,,,,,,,,,,,,,,,Source: Notion Deep State Datapoints (Legacy Strong),true,,,,,,,,,,,,,,,,,,LEGACY-INBRANCHBIZCC-LANDMARK-NATIONAL-BANK
InBranchBizCC,Liberty Bank,,,https://app.notion.com/p/legacystrong/Connecticut-253c3aa761d2801fbf66c6a5f585f1fa,CT,,,,,,,,,,,,,,,,,,Must be a Connecticut resident or registered business.; In-person applications encouraged.; Best if you also bank with them personally.,,Source: Notion Deep State Datapoints (Legacy Strong),true,,,,,,,,,,,,,,,,,,LEGACY-INBRANCHBIZCC-LIBERTY-BANK
OnlineBizCC,Liberty National Bank,,,https://app.notion.com/p/legacystrong/Ohio-253c3aa761d280bdb707d1e377c6f758,OH,,,,,No business checking required.,,,,,,,,,,,,,No business checking required.,,Source: Notion Deep State Datapoints (Legacy Strong),true,,,,yes,,,,,,,,,,,,,,LEGACY-ONLINEBIZCC-LIBERTY-NATIONAL-BANK
InBranchBizCC,Local Bank Options,,,https://app.notion.com/p/legacystrong/North-Dakota-253c3aa761d280fb8cc3db0a998caa8c,ND,,,,,,,,,,,,,,,,,,,,Source: Notion Deep State Datapoints (Legacy Strong),true,,,,,,,,,,,,,,,,,,LEGACY-INBRANCHBIZCC-LOCAL-BANK-OPTIONS
OnlineBizCC,Local First Bank,,,https://app.notion.com/p/legacystrong/North-Carolina-253c3aa761d280ea96cafe4602f9b0a8,NC,,,,,,,,,,,,,,,,,,Strong regional relationship-focused bank.,,Source: Notion Deep State Datapoints (Legacy Strong),true,,,,,,,,,,,,,,,,,,LEGACY-ONLINEBIZCC-LOCAL-FIRST-BANK
OnlineBizCC,M&T Bank,,https://www3.mtb.com/business/mt-business-credit-card,https://app.notion.com/p/legacystrong/Delaware-253c3aa761d28005b33ecaa3430c8260,"DE, MD, NJ, NY, PA",,,,,,,,,,,,,,,,,,Offers multiple small biz cards with intro 0% APR; Local option with solid underwriting for new businesses,,Source: Notion Deep State Datapoints (Legacy Strong),true,,,,,,,,,,,,,,,,,,LEGACY-ONLINEBIZCC-M-T-BANK
InBranchBizCC,Mascoma Bank,,,https://app.notion.com/p/legacystrong/New-Hampshire-253c3aa761d2803ca798c269da6d1f3a,NH,,,,,,,,,,,,,,,,,,"Regional business bank, inquire about credit card or business credit line options",,Source: Notion Deep State Datapoints (Legacy Strong),true,,,,,,,,,,,,,,,,,,LEGACY-INBRANCHBIZCC-MASCOMA-BANK
InBranchBizCC,Mechanics Bank,,,https://app.notion.com/p/legacystrong/California-253c3aa761d280ff9c2ad133360c32a2,CA,,,,,,,,,,,,,,,,,,,,Source: Notion Deep State Datapoints (Legacy Strong),true,,,,,,,,,,,,,,,,,,LEGACY-INBRANCHBIZCC-MECHANICS-BANK
InBranchBizCC,Mid Penn Bank,,,https://app.notion.com/p/legacystrong/Pennsylvania-253c3aa761d280548a54eade5f14cb11,PA,,,,,,,,,,,,,,,,,,,,Source: Notion Deep State Datapoints (Legacy Strong),true,,,,,,,,,,,,,,,,,,LEGACY-INBRANCHBIZCC-MID-PENN-BANK
InBranchBizCC,Mid-Missouri Bank,,,https://app.notion.com/p/legacystrong/Missouri-253c3aa761d2806aad8cdbba6550301b,MO,,,,,,,,,,,,,,,,,,,,Source: Notion Deep State Datapoints (Legacy Strong),true,,,,,,,,,,,,,,,,,,LEGACY-INBRANCHBIZCC-MID-MISSOURI-BANK
InBranchBizCC,MidFirst Bank,,,https://app.notion.com/p/legacystrong/Oklahoma-253c3aa761d2808aaab1fdc8f586b2f0,OK,,,,,,,,,,,,,,,,,,Offers Visa cards with flexible point rewards and statement credit options,,Source: Notion Deep State Datapoints (Legacy Strong),true,,,,,,,,,,,,,,,,,,LEGACY-INBRANCHBIZCC-MIDFIRST-BANK
InBranchBizCC,Midland,,,https://app.notion.com/p/legacystrong/Utah-253c3aa761d28057a843c5d26660d602,"UT, WY",,,,,,,,,,,,,,,,,,Apply for second Elan card only after being approved for the first; Locate the business credit card page before applying,,Source: Notion Deep State Datapoints (Legacy Strong),true,,,,,,,,,,,,,,,,,,LEGACY-INBRANCHBIZCC-MIDLAND
OnlineBizCC,Minnesota Bank & Trust (0% - HTLF),,https://www.mnbankandtrust.com/,https://app.notion.com/p/legacystrong/Minnesota-253c3aa761d28008a1eef7740ad6e848,MN,,,,,,,,,,,,,,,,,,"Apply online, then complete over the phone.; Reporting high net worth ($500k–$1M+) and $50k monthly spend boosts odds (not verified).",,Source: Notion Deep State Datapoints (Legacy Strong),true,,,,,,,,,,,,,,,,,,LEGACY-ONLINEBIZCC-MINNESOTA-BANK-TRUST-0-HTLF
InBranchBizCC,Montecito Bank & Trust,,,https://app.notion.com/p/legacystrong/California-253c3aa761d280ff9c2ad133360c32a2,CA,,,,,,,,,,,,,,,,,,Great for Santa Barbara & Central Coast. Uses Elan backend.,,Source: Notion Deep State Datapoints (Legacy Strong),true,,,,,,,,,,,,,,,,,,LEGACY-INBRANCHBIZCC-MONTECITO-BANK-TRUST
InBranchBizCC,Mountain West Bank,,https://www.mountainwestbank.com/business/services/visa-business-card,https://app.notion.com/p/legacystrong/Idaho-253c3aa761d28090b2e9fde857adcbf7,ID,,,,,,,,,,,,,,,,,,,,Source: Notion Deep State Datapoints (Legacy Strong),true,,,,,,,,,,,,,,,,,,LEGACY-INBRANCHBIZCC-MOUNTAIN-WEST-BANK
InBranchBizCC,Mt. McKinley Bank,,,https://app.notion.com/p/legacystrong/Alaska-253c3aa761d2805cbd2ec6dcf14c8ac1,AK,,,,,,,,,,,,,,,,,,,,Source: Notion Deep State Datapoints (Legacy Strong),true,,,,,,,,,,,,,,,,,,LEGACY-INBRANCHBIZCC-MT-MCKINLEY-BANK
InBranchBizCC,National Bank of Arizona,,,https://app.notion.com/p/legacystrong/Arizona-253c3aa761d280c9aea9d64e162937b2,AZ,,,,,,,,,,,,,,,,,,AZ-specific brand of Zions Bancorp. Relationship banking helps.,,Source: Notion Deep State Datapoints (Legacy Strong),true,,,,,,,,,,,,,,,,,,LEGACY-INBRANCHBIZCC-NATIONAL-BANK-OF-ARIZONA
InBranchBizCC,Native American Bank,,,https://app.notion.com/p/legacystrong/Rhode-Island-253c3aa761d28021b37edb902905ebfb,RI,,,,,,,,,,,,,,,,,,"Third-party issued, no business account needed.",,Source: Notion Deep State Datapoints (Legacy Strong),true,,,,,,,,,,,,,,,,,,LEGACY-INBRANCHBIZCC-NATIVE-AMERICAN-BANK
OnlineBizCC,Native American Bank,,https://www.mycommunitycc.com/AeYE2oITmvtO/business/,https://app.notion.com/p/legacystrong/Alabama-253c3aa761d2803190efc372a47f3174,"AL, AZ, CT, FL, HI, KY, ME, MO, NC, NE, NH, NM, OR, SD, TX, VT, WA",,,,,No business checking needed.; No checking required.; Manual review and additional ID verification often required.; No business checking required.; No business checking required; Third-party issued. No business checking needed.; TCM-backed card. No business checking account needed.; Issued via third-party. No business checking needed.,,,,,,,,,,,,,Apply online. 0% intro on purchases.; No business checking needed.; Very friendly approval terms for new businesses; 0% business card product available; Use a local IP and consistent business details; Great fallback for those not eligible with big banks.; Often more flexible underwriting.; No checking required.; Manual review and additional ID verification often required.; No business checking required.; Also issued through TCM.; 🔗 Apply here (TCM); No business checking required; Powered by third party issuer (TCM); Third-party issued. No business checking needed.; TCM-backed card. No business checking account needed.; Issued via third-party. No business checking needed.,,Source: Notion Deep State Datapoints (Legacy Strong),true,,,,yes,,,,,,,,,,,,,,LEGACY-ONLINEBIZCC-NATIVE-AMERICAN-BANK
OnlineBizCC,Native American Bank (0%,TCM),https://www.mycommunitycc.com/AeYE2oITmvtO/business/,https://app.notion.com/p/legacystrong/Alaska-253c3aa761d2805cbd2ec6dcf14c8ac1,"AK, AR, CO, DE, GA, ID, IN, KS, LA, MA, MD, MI, MT, ND, NV, OK, SC, TN, UT, WV, WY",,,,,No business checking needed; No biz checking required; No business checking account required.; No business checking required,,,,,,,,,,,,,No business checking needed; No biz checking required; No business checking account required.; 0% intro via TCM processing.; No business checking required,,Source: Notion Deep State Datapoints (Legacy Strong),true,,,,yes,,,,,,,,,,,,,,LEGACY-ONLINEBIZCC-NATIVE-AMERICAN-BANK-0
OnlineBizCC,Native American Bank (via TCM),,https://www.mycommunitycc.com/AeYE2oITmvtO/business/,https://app.notion.com/p/legacystrong/Minnesota-253c3aa761d28008a1eef7740ad6e848,MN,,,,,No biz checking needed.,,,,,,,,,,,,,No biz checking needed.,,Source: Notion Deep State Datapoints (Legacy Strong),true,,,,,,,,,,,,,,,,,,LEGACY-ONLINEBIZCC-NATIVE-AMERICAN-BANK-VIA-TCM
OnlineBizCC,Nevada State Bank,,https://www.nsbank.com/business/borrow/credit-cards/,https://app.notion.com/p/legacystrong/Nevada-253c3aa761d28023bcc3ee7d0467faab,NV,,,,,,,,,,,,,,,,,,,,Source: Notion Deep State Datapoints (Legacy Strong),true,,,,,,,,,,,,,,,,,,LEGACY-ONLINEBIZCC-NEVADA-STATE-BANK
OnlineBizCC,New Field National Bank (0%,TCM),,https://app.notion.com/p/legacystrong/New-Jersey-253c3aa761d2801b8af4d65ca5ffd313,NJ,,,,,,,,,,,,,,,,,,,,Source: Notion Deep State Datapoints (Legacy Strong),true,,,,,,,,,,,,,,,,,,LEGACY-ONLINEBIZCC-NEW-FIELD-NATIONAL-BANK-0
OnlineBizCC,New Mexico Bank & Trust (0% - HTLF),,,https://app.notion.com/p/legacystrong/New-Mexico-253c3aa761d2801cab57e40d9f2a640c,NM,,,,,,,,,,,,,,,,,,Submit application online. Expect follow-up call.; Six-figure net worth helps.; DP: $50k+ monthly spend favored.,,Source: Notion Deep State Datapoints (Legacy Strong),true,,,,,,,,,,,,,,,,,,LEGACY-ONLINEBIZCC-NEW-MEXICO-BANK-TRUST-0-HTLF
OnlineBizCC,New Tripoli Bank (0%,TCM Issuer),,https://app.notion.com/p/legacystrong/Pennsylvania-253c3aa761d280548a54eade5f14cb11,PA,,,,,,,,,,,,,,,,,,,,Source: Notion Deep State Datapoints (Legacy Strong),true,,,,,,,,,,,,,,,,,,LEGACY-ONLINEBIZCC-NEW-TRIPOLI-BANK-0
OnlineBizCC,New York Community Bank (FNBO),,,https://app.notion.com/p/legacystrong/New-York-253c3aa761d28069ba19e83288742472,NY,,,,,No checking required,,,,,,,,,,,,,No checking required; FNBO partner card; solid for newer businesses,,Source: Notion Deep State Datapoints (Legacy Strong),true,,,,yes,,,,,,,,,,,,,,LEGACY-ONLINEBIZCC-NEW-YORK-COMMUNITY-BANK-FNBO
OnlineBizCC,Nicolet National Bank (0% - personal),,,https://app.notion.com/p/legacystrong/Wisconsin-253c3aa761d280d1ba87d713b284c8ee,WI,,,,,,,,,,,,,,,,,,,,Source: Notion Deep State Datapoints (Legacy Strong),true,,,,,,,,,,,,,,,,,,LEGACY-ONLINEBIZCC-NICOLET-NATIONAL-BANK-0-PERSONAL
InBranchBizCC,North Shore Bank,,,https://app.notion.com/p/legacystrong/Wisconsin-253c3aa761d280d1ba87d713b284c8ee,WI,,,,,,,,,,,,,,,,,,,,Source: Notion Deep State Datapoints (Legacy Strong),true,,,,,,,,,,,,,,,,,,LEGACY-INBRANCHBIZCC-NORTH-SHORE-BANK
OnlineBizCC,North Valley Bank,,,https://app.notion.com/p/legacystrong/Ohio-253c3aa761d280bdb707d1e377c6f758,OH,,,,,No business checking required.,,,,,,,,,,,,,"No business checking required.; Use BUSINESS card page and apply for 0% (20 months).; Report $200k+ in account/investments (unverified) for $25k+ limit.; Avoid VPN usage; apply from IP near business/personal address.; Once approved, use another Elan bank for a second identical app.",,Source: Notion Deep State Datapoints (Legacy Strong),true,,,,yes,,,,,,,,,,,,,,LEGACY-ONLINEBIZCC-NORTH-VALLEY-BANK
InBranchBizCC,Northrim Bank,,,https://app.notion.com/p/legacystrong/Alaska-253c3aa761d2805cbd2ec6dcf14c8ac1,AK,,,,,,,,,,,,,,,,,,,,Source: Notion Deep State Datapoints (Legacy Strong),true,,,,,,,,,,,,,,,,,,LEGACY-INBRANCHBIZCC-NORTHRIM-BANK
InBranchBizCC,Northwest Savings Bank,,,https://app.notion.com/p/legacystrong/Pennsylvania-253c3aa761d280548a54eade5f14cb11,PA,,,,,,,,,,,,,,,,,,,,Source: Notion Deep State Datapoints (Legacy Strong),true,,,,,,,,,,,,,,,,,,LEGACY-INBRANCHBIZCC-NORTHWEST-SAVINGS-BANK
OnlineBizCC,Ohio Savings Bank (FNBO),,,https://app.notion.com/p/legacystrong/Ohio-253c3aa761d280bdb707d1e377c6f758,OH,,,,,FNBO partner; no business checking needed.,,,,,,,,,,,,,FNBO partner; no business checking needed.,,Source: Notion Deep State Datapoints (Legacy Strong),true,,,,,,,,,,,,,,,,,,LEGACY-ONLINEBIZCC-OHIO-SAVINGS-BANK-FNBO
InBranchBizCC,Old National Bank,,https://www.oldnational.com/business/borrow/credit-cards,https://app.notion.com/p/legacystrong/Indiana-253c3aa761d280869289d2c1b9f70bb0,IN,,,,,,,,,,,,,,,,,,,,Source: Notion Deep State Datapoints (Legacy Strong),true,,,,,,,,,,,,,,,,,,LEGACY-INBRANCHBIZCC-OLD-NATIONAL-BANK
OnlineBizCC,Old Point (0%,TCM),,https://app.notion.com/p/legacystrong/Virginia-253c3aa761d28024a870e60ca73b3bef,VA,,,,,,,,,,,,,,,,,,,,Source: Notion Deep State Datapoints (Legacy Strong),true,,,,,,,,,,,,,,,,,,LEGACY-ONLINEBIZCC-OLD-POINT-0
InBranchBizCC,One Florida Bank,,,https://app.notion.com/p/legacystrong/Florida-253c3aa761d280d7aae1c62c34560395,FL,,,,,,,,,,,,,,,,,,Often uses third-party processors; Friendly toward local Florida businesses,,Source: Notion Deep State Datapoints (Legacy Strong),true,,,,,,,,,,,,,,,,,,LEGACY-INBRANCHBIZCC-ONE-FLORIDA-BANK
InBranchBizCC,Opportunity Bank of Montana,,https://www.opportunitybank.com/Business-Checking,https://app.notion.com/p/legacystrong/Montana-253c3aa761d2805aa37fe760dfc59803,MT,,,,,,,,,,,,,,,,,,,,Source: Notion Deep State Datapoints (Legacy Strong),true,,,,,,,,,,,,,,,,,,LEGACY-INBRANCHBIZCC-OPPORTUNITY-BANK-OF-MONTANA
OnlineBizCC,Origin Bank,,,https://app.notion.com/p/legacystrong/Mississippi-253c3aa761d280b7aafdcd60f363a740,"MS, TX",,,,,No biz checking needed,,,,,,,,,,,,,No biz checking needed,,Source: Notion Deep State Datapoints (Legacy Strong),true,,,,,,,,,,,,,,,,,,LEGACY-ONLINEBIZCC-ORIGIN-BANK
OnlineBizCC,Origin Bank (0%,TCM),https://commonsenselenders.com/WebApp/WebPages/MainPages/MainPage.aspx,https://app.notion.com/p/legacystrong/Louisiana-253c3aa761d28022842ae6894ed544b8,LA,,,,,No business checking needed,,,,,,,,,,,,,No business checking needed,,Source: Notion Deep State Datapoints (Legacy Strong),true,,,,,,,,,,,,,,,,,,LEGACY-ONLINEBIZCC-ORIGIN-BANK-0
OnlineBizCC,Pacific Premier Bank (0% - FNBO),,,https://app.notion.com/p/legacystrong/Arizona-253c3aa761d280c9aea9d64e162937b2,"AZ, CA, OR, WA",,,,,FNBO-issued. No checking account needed.; No business checking required.; No business checking needed,,,,,,,,,,,,,FNBO-issued. No checking account needed.; No business checking required.; FNBO-backed card with strong approval reports.; No business checking needed,,Source: Notion Deep State Datapoints (Legacy Strong),true,,,,yes,,,,,,,,,,,,,,LEGACY-ONLINEBIZCC-PACIFIC-PREMIER-BANK-0-FNBO
OnlineBizCC,Pacific Premier Bank (FNBO),,https://www.card.fnbo.com/mpp/ppb/business/web-visa.html,https://app.notion.com/p/legacystrong/Nevada-253c3aa761d28023bcc3ee7d0467faab,NV,,,,,No business checking required,,,,,,,,,,,,,No business checking required; FNBO issued,,Source: Notion Deep State Datapoints (Legacy Strong),true,,,,yes,,,,,,,,,,,,,,LEGACY-ONLINEBIZCC-PACIFIC-PREMIER-BANK-FNBO
OnlineBizCC,Pennian Bank (0%,TCM Issuer),,https://app.notion.com/p/legacystrong/Pennsylvania-253c3aa761d280548a54eade5f14cb11,PA,,,,,,,,,,,,,,,,,,,,Source: Notion Deep State Datapoints (Legacy Strong),true,,,,,,,,,,,,,,,,,,LEGACY-ONLINEBIZCC-PENNIAN-BANK-0
InBranchBizCC,People’s United Bank,,https://www.peoples.com/business/small-business/commercial-cards/business-card-rewards,https://app.notion.com/p/legacystrong/Massachusetts-253c3aa761d280a6a509d271933413ad,MA,,,,,,,,,,,,,,,,,,Now merged with M&T Bank—confirm application path.,,Source: Notion Deep State Datapoints (Legacy Strong),true,,,,,,,,,,,,,,,,,,LEGACY-INBRANCHBIZCC-PEOPLE-S-UNITED-BANK
OnlineBizCC,People’s United Bank,,https://www.peoples.com/personal/credit-cards,https://app.notion.com/p/legacystrong/Maine-253c3aa761d280029487cfffe3552a48,"ME, NH",,,,,,,,,,,,,,,,,,"Personal and business options available.; May be part of M&T Bank—confirm status before applying.; Only personal cards currently, but still worth watching for business offerings",,Source: Notion Deep State Datapoints (Legacy Strong),true,,,,,,,,,,,,,,,,,,LEGACY-ONLINEBIZCC-PEOPLE-S-UNITED-BANK
OnlineBizCC,People’s United Bank (0% - Personal),,,https://app.notion.com/p/legacystrong/Vermont-253c3aa761d280bd88b2d1ca550f80f6,VT,,,,,,,,,,,,,,,,,,,,Source: Notion Deep State Datapoints (Legacy Strong),true,,,,,,,,,,,,,,,,,,LEGACY-ONLINEBIZCC-PEOPLE-S-UNITED-BANK-0-PERSONAL
InBranchBizCC,People’s United Bank (Now M&T),,,https://app.notion.com/p/legacystrong/Connecticut-253c3aa761d2801fbf66c6a5f585f1fa,CT,,,,,,,,,,,,,,,,,,Rebranded to M&T Bank in CT.; Former People’s customers now eligible for M&T’s business suite.; Local approval power in branch may help with custom underwriting.,,Source: Notion Deep State Datapoints (Legacy Strong),true,,,,,,,,,,,,,,,,,,LEGACY-INBRANCHBIZCC-PEOPLE-S-UNITED-BANK-NOW-M-T
InBranchBizCC,Peoples Bank,,,https://app.notion.com/p/legacystrong/Maryland-253c3aa761d280da9edddf304ac75e0e,MD,,,,,,,,,,,,,,,,,,,,Source: Notion Deep State Datapoints (Legacy Strong),true,,,,,,,,,,,,,,,,,,LEGACY-INBRANCHBIZCC-PEOPLES-BANK
InBranchBizCC,Pinnacle Bank,,,https://app.notion.com/p/legacystrong/Nebraska-253c3aa761d280bea995f13e0b43d9d3,"NE, TN, WY",,,,,,,,,,,,,,,,,,🔗 Pinnacle Credit Cards,,Source: Notion Deep State Datapoints (Legacy Strong),true,,,,,,,,,,,,,,,,,,LEGACY-INBRANCHBIZCC-PINNACLE-BANK
InBranchBizCC,Platte Valley Bank,,,https://app.notion.com/p/legacystrong/Wyoming-253c3aa761d280efab51c5990f64d293,WY,,,,,,,,,,,,,,,,,,,,Source: Notion Deep State Datapoints (Legacy Strong),true,,,,,,,,,,,,,,,,,,LEGACY-INBRANCHBIZCC-PLATTE-VALLEY-BANK
InBranchBizCC,PNC Bank,,https://www.pnc.com/en/small-business/borrowing/business-credit-cards.html,https://app.notion.com/p/legacystrong/Delaware-253c3aa761d28005b33ecaa3430c8260,"DE, GA, MO",,,,,,,,,,,,,,,,,,"0% interest only on balance transfers; 0% only for balance transfers; 0% applies only to balance transfers—not purchases.; PNC Visa Business Credit Card: Introductory Offer: 0% intro APR for the first 13 billing cycles, then a variable APR of 15.24% - 25.24%. Balance Transfer Fee: 3% of each transfer amount or $5 minimum, whichever is greater. Requirement: This card requires balance transfer requests to be made within 90 days from account opening to qualify for the introductory APR.",,Source: Notion Deep State Datapoints (Legacy Strong); Hub refs: Best balance transfer cards,true,,,,,,,,,,,,,,,,,,LEGACY-INBRANCHBIZCC-PNC-BANK
OnlineBizCC,PNC Bank,,https://www.pnc.com/en/small-business/borrowing/business-credit-cards.html,https://app.notion.com/p/legacystrong/Alabama-253c3aa761d2803190efc372a47f3174,"AL, FL, IA, IL, IN, KY, MD, MI, NC, NJ, OH, PA, VA",,,,,Checking account recommended.,,,,,,,,,,,,,"0% is for balance transfers only—read terms carefully.; 0% interest on balance transfers only; Only 0% for balance transfers; Only 0% on balance transfers; 0% only on balance transfers.; 0% only valid on balance transfers.; Checking account recommended.; 0% interest applies to balance transfers only; 0% only applies to balance transfers; 0% applies to balance transfers only; 0% applies to balance transfers only.; 0% APR for balance transfers only.; 0% applies only to balance transfers; PNC Visa Business Credit Card: Introductory Offer: 0% intro APR for the first 13 billing cycles, then a variable APR of 15.24% - 25.24%. Balance Transfer Fee: 3% of each transfer amount or $5 minimum, whichever is greater. Requirement: This card requires balance transfer requests to be made within 90 days from account opening to qualify for the introductory APR.",,Source: Notion Deep State Datapoints (Legacy Strong); Hub refs: Best balance transfer cards,true,,,,,,,,,,,,,,,,,,LEGACY-ONLINEBIZCC-PNC-BANK
OnlineBizCC,PNC Bank (0% BT only),,,https://app.notion.com/p/legacystrong/California-253c3aa761d280ff9c2ad133360c32a2,CA,,,,,,,,,,,,,,,,,,,,Source: Notion Deep State Datapoints (Legacy Strong),true,,,,,,,,,,,,,,,,,,LEGACY-ONLINEBIZCC-PNC-BANK-0-BT-ONLY
InBranchBizCC,Premier Bank,,https://creditcardlearnmore.com/11t3/index,https://app.notion.com/p/legacystrong/Indiana-253c3aa761d280869289d2c1b9f70bb0,"IN, MI, OH, PA",,,,,,,,,,,,,,,,,,Eastern Michigan,,Source: Notion Deep State Datapoints (Legacy Strong),true,,,,,,,,,,,,,,,,,,LEGACY-INBRANCHBIZCC-PREMIER-BANK
OnlineBizCC,Premier Valley Bank (0% - HTLF),,,https://app.notion.com/p/legacystrong/California-253c3aa761d280ff9c2ad133360c32a2,CA,,,,,,,,,,,,,,,,,,,,Source: Notion Deep State Datapoints (Legacy Strong),true,,,,,,,,,,,,,,,,,,LEGACY-ONLINEBIZCC-PREMIER-VALLEY-BANK-0-HTLF
InBranchBizCC,Prosperity Bank,,,https://app.notion.com/p/legacystrong/Texas-253c3aa761d280e69380ed7607909b5b,TX,,,,,,,,,,,,,,,,,,,,Source: Notion Deep State Datapoints (Legacy Strong),true,,,,,,,,,,,,,,,,,,LEGACY-INBRANCHBIZCC-PROSPERITY-BANK
OnlineBizCC,Providence Bank,,https://www.mycommunitycc.com/li5FqtixFY9g,https://app.notion.com/p/legacystrong/Illinois-253c3aa761d28004ba89f6af65a5b622,IL,,,,,No business checking required,,,,,,,,,,,,,No business checking required,,Source: Notion Deep State Datapoints (Legacy Strong),true,,,,yes,,,,,,,,,,,,,,LEGACY-ONLINEBIZCC-PROVIDENCE-BANK
InBranchBizCC,Provident Bank,,,https://app.notion.com/p/legacystrong/New-Jersey-253c3aa761d2801b8af4d65ca5ffd313,NJ,,,,,,,,,,,,,,,,,,,,Source: Notion Deep State Datapoints (Legacy Strong),true,,,,,,,,,,,,,,,,,,LEGACY-INBRANCHBIZCC-PROVIDENT-BANK
OnlineBizCC,Red River Bank,,https://www.redriverbank.net/commercial/credit-cards/,https://app.notion.com/p/legacystrong/Louisiana-253c3aa761d28022842ae6894ed544b8,LA,,,,,,,,,,,,,,,,,,,,Source: Notion Deep State Datapoints (Legacy Strong),true,,,,,,,,,,,,,,,,,,LEGACY-ONLINEBIZCC-RED-RIVER-BANK
InBranchBizCC,Regions Bank,,https://www.regions.com/small-business/business-credit-cards,https://app.notion.com/p/legacystrong/Missouri-253c3aa761d2806aad8cdbba6550301b,"MO, TX",,,,,Requires 2+ years business age for best approval odds.,,,,,,,,,,,,,Requires 2+ years business age for best approval odds.,,Source: Notion Deep State Datapoints (Legacy Strong),true,,,,,,,,,,,,,,,,,,LEGACY-INBRANCHBIZCC-REGIONS-BANK
OnlineBizCC,Regions Bank,,https://www.regions.com/small-business/business-credit-cards,https://app.notion.com/p/legacystrong/Alabama-253c3aa761d2803190efc372a47f3174,"AL, AR, FL, GA, IN, LA, MS, TN",,,,,Business must be 2+ years old for best results.; 2+ years of business age recommended; 2+ years business age preferred; Business checking recommended; Business age of 2+ years recommended; 2 years of business age recommended; 2 years of business history recommended; 2+ years of business history preferred; Recommend 2 years of business history,,,,,,,,,,,,,Business must be 2+ years old for best results.; 2+ years of business age recommended; 2+ years business age preferred; Business checking recommended; Business age of 2+ years recommended; 2 years of business age recommended; 2 years of business history recommended; 2+ years of business history preferred; Recommend 2 years of business history,,Source: Notion Deep State Datapoints (Legacy Strong),true,,,,,,,,,,,,,,,,,,LEGACY-ONLINEBIZCC-REGIONS-BANK
InBranchBizCC,Republic Bank,,https://www.republicbank.com/home/business/credit-cards/world-elite,https://app.notion.com/p/legacystrong/Kentucky-253c3aa761d2803d906ef673163a8535,KY,,,,,,,,,,,,,,,,,,Offers the World Elite Mastercard for business.; Often has introductory 0% offers.,,Source: Notion Deep State Datapoints (Legacy Strong),true,,,,,,,,,,,,,,,,,,LEGACY-INBRANCHBIZCC-REPUBLIC-BANK
OnlineBizCC,River View Bank,,,https://app.notion.com/p/legacystrong/Washington-253c3aa761d280fd80f1c16fa02e72b1,WA,,,,,No checking account needed,,,,,,,,,,,,,"No checking account needed; Go to BUSINESS card section and find the 0% offer (20 months); $200k+ balance/investment can help you hit $25k+ limits (not verified); Avoid VPN use — apply near biz/home address; After 1st approval, apply at a second Elan-partner bank using same info",,Source: Notion Deep State Datapoints (Legacy Strong),true,,,,,,,,,,,,,,,,,,LEGACY-ONLINEBIZCC-RIVER-VIEW-BANK
InBranchBizCC,Rockland Trust,,https://www.rocklandtrust.com/small-business/banking/small-business-credit-cards,https://app.notion.com/p/legacystrong/Massachusetts-253c3aa761d280a6a509d271933413ad,MA,,,,,,,,,,,,,,,,,,,,Source: Notion Deep State Datapoints (Legacy Strong),true,,,,,,,,,,,,,,,,,,LEGACY-INBRANCHBIZCC-ROCKLAND-TRUST
OnlineBizCC,Rockland Trust,,https://www.rocklandtrust.com/small-business/banking/small-business-credit-cards,https://app.notion.com/p/legacystrong/Connecticut-253c3aa761d2801fbf66c6a5f585f1fa,"CT, MA, ME",,,,,No business checking needed (third-party issued).; 3rd-party underwriter; no business checking required.,,,,,,,,,,,,,"Use only one IP per app. Never use a VPN.; Report $200K+ liquid (unverified, not checked) for higher limits.; After first approval, duplicate your app at another Elan bank using exact info.; No business checking needed (third-party issued).; Find the business 0% interest card for 20 months.; Report $200k+ in “account balance” for higher limit (~$25k+).; Never use a VPN—apply from an IP near your address.; Apply to one Elan bank, then apply to a second with consistent info.; 3rd-party underwriter; no business checking required.; Avoid VPNs and keep IP near business address.; Apply at 2+ banks post-approval using consistent info:",,Source: Notion Deep State Datapoints (Legacy Strong),true,,,,yes,,,,,,,,,,,,,,LEGACY-ONLINEBIZCC-ROCKLAND-TRUST
OnlineBizCC,Rocky Mountain Bank (0%,HTLF),https://www.rmbank.com/,https://app.notion.com/p/legacystrong/Montana-253c3aa761d2805aa37fe760dfc59803,MT,,,,,,,,,,,,,,,,,,Online app → follow-up phone call; Report high net worth & $50k+ monthly spend (unverified),,Source: Notion Deep State Datapoints (Legacy Strong),true,,,,,,,,,,,,,,,,,,LEGACY-ONLINEBIZCC-ROCKY-MOUNTAIN-BANK-0
InBranchBizCC,Sabine State Bank,,https://www.sabinebank.com/Business-Banking/Credit-Card,https://app.notion.com/p/legacystrong/Louisiana-253c3aa761d28022842ae6894ed544b8,LA,,,,,,,,,,,,,,,,,,,,Source: Notion Deep State Datapoints (Legacy Strong),true,,,,,,,,,,,,,,,,,,LEGACY-INBRANCHBIZCC-SABINE-STATE-BANK
InBranchBizCC,Salem Five Cents Bank,,https://www.salemfive.com/business/loans/business-credit-card/,https://app.notion.com/p/legacystrong/Massachusetts-253c3aa761d280a6a509d271933413ad,MA,,,,,,,,,,,,,,,,,,Offers 0% intro rate on purchases and balance transfers.,,Source: Notion Deep State Datapoints (Legacy Strong),true,,,,,,,,,,,,,,,,,,LEGACY-INBRANCHBIZCC-SALEM-FIVE-CENTS-BANK
InBranchBizCC,Sandy Spring Bank,,https://www.sandyspringbank.com/business/borrowing/loans-lending/business-credit-cards,https://app.notion.com/p/legacystrong/Maryland-253c3aa761d280da9edddf304ac75e0e,MD,,,,,,,,,,,,,,,,,,,,Source: Notion Deep State Datapoints (Legacy Strong),true,,,,,,,,,,,,,,,,,,LEGACY-INBRANCHBIZCC-SANDY-SPRING-BANK
InBranchBizCC,Santander Bank,,https://www.santanderbank.com/us/get-started/business,https://app.notion.com/p/legacystrong/Massachusetts-253c3aa761d280a6a509d271933413ad,"MA, NH, NJ, PA, RI",,,,,,,,,,,,,,,,,,"Offers business credit cards and small business services.; Check with branch rep for tailored offers.; 0% intro APR card options (primarily personal, but inquire about biz cards); Business and personal cards available. Business age helps.",,Source: Notion Deep State Datapoints (Legacy Strong),true,,,,,,,,,,,,,,,,,,LEGACY-INBRANCHBIZCC-SANTANDER-BANK
InBranchBizCC,Security Bank of Kansas City,,https://www.securitybankkc.com/business/business-credit,https://app.notion.com/p/legacystrong/Kansas-253c3aa761d28030a60fd298581357b7,KS,,,,,,,,,,,,,,,,,,,,Source: Notion Deep State Datapoints (Legacy Strong),true,,,,,,,,,,,,,,,,,,LEGACY-INBRANCHBIZCC-SECURITY-BANK-OF-KANSAS-CITY
OnlineBizCC,Shore United Bank (0%,TCM),https://www.mycommunitycc.com/q5RNZ2U59jHM,https://app.notion.com/p/legacystrong/Maryland-253c3aa761d280da9edddf304ac75e0e,MD,,,,,No biz checking required,,,,,,,,,,,,,No biz checking required,,Source: Notion Deep State Datapoints (Legacy Strong),true,,,,yes,,,,,,,,,,,,,,LEGACY-ONLINEBIZCC-SHORE-UNITED-BANK-0
InBranchBizCC,Simmons Bank,,,https://app.notion.com/p/legacystrong/Arkansas-253c3aa761d280bebebfdc79020e3fc3,"AR, TN",,,,,,,,,,,,,,,,,,,,Source: Notion Deep State Datapoints (Legacy Strong),true,,,,,,,,,,,,,,,,,,LEGACY-INBRANCHBIZCC-SIMMONS-BANK
InBranchBizCC,South State Bank,,,https://app.notion.com/p/legacystrong/South-Carolina-253c3aa761d280f2b817e2b0fb7eb38e,SC,,,,,,,,,,,,,,,,,,,,Source: Notion Deep State Datapoints (Legacy Strong),true,,,,,,,,,,,,,,,,,,LEGACY-INBRANCHBIZCC-SOUTH-STATE-BANK
InBranchBizCC,Southern Bank,,,https://app.notion.com/p/legacystrong/North-Carolina-253c3aa761d280ea96cafe4602f9b0a8,NC,,,,,,,,,,,,,,,,,,Smaller relationship-based bank.,,Source: Notion Deep State Datapoints (Legacy Strong),true,,,,,,,,,,,,,,,,,,LEGACY-INBRANCHBIZCC-SOUTHERN-BANK
InBranchBizCC,Southside Bank,,,https://app.notion.com/p/legacystrong/Texas-253c3aa761d280e69380ed7607909b5b,TX,,,,,,,,,,,,,,,,,,,,Source: Notion Deep State Datapoints (Legacy Strong),true,,,,,,,,,,,,,,,,,,LEGACY-INBRANCHBIZCC-SOUTHSIDE-BANK
InBranchBizCC,SouthState Bank,,,https://app.notion.com/p/legacystrong/Georgia-253c3aa761d280c0a8f0c876c511936d,GA,,,,,,,,,,,,,,,,,,,,Source: Notion Deep State Datapoints (Legacy Strong),true,,,,,,,,,,,,,,,,,,LEGACY-INBRANCHBIZCC-SOUTHSTATE-BANK
OnlineBizCC,Spirit Bank (0%,TCM Issuer),,https://app.notion.com/p/legacystrong/Oklahoma-253c3aa761d2808aaab1fdc8f586b2f0,OK,,,,,No business checking required,,,,,,,,,,,,,No business checking required,,Source: Notion Deep State Datapoints (Legacy Strong),true,,,,yes,,,,,,,,,,,,,,LEGACY-ONLINEBIZCC-SPIRIT-BANK-0
InBranchBizCC,State Bank of Southern Utah,,,https://app.notion.com/p/legacystrong/Utah-253c3aa761d28057a843c5d26660d602,UT,,,,,,,,,,,,,,,,,,,,Source: Notion Deep State Datapoints (Legacy Strong),true,,,,,,,,,,,,,,,,,,LEGACY-INBRANCHBIZCC-STATE-BANK-OF-SOUTHERN-UTAH
InBranchBizCC,State Bank of Taunton,,https://www.statebankoftaunton.com/personal/credit-cards/,https://app.notion.com/p/legacystrong/Minnesota-253c3aa761d28008a1eef7740ad6e848,MN,,,,,,,,,,,,,,,,,,"Sunrise Banks; ✅ Tips:; Apply from same IP as your business address.; Report $200k+ in assets to aim for $25k+ limits (not verified).; Once approved at 1 Elan bank, apply again at another.",,Source: Notion Deep State Datapoints (Legacy Strong),true,,,,,,,,,,,,,,,,,,LEGACY-INBRANCHBIZCC-STATE-BANK-OF-TAUNTON
InBranchBizCC,Stock Yards Bank & Trust,,https://www.syb.com/business-credit-cards,https://app.notion.com/p/legacystrong/Kentucky-253c3aa761d2803d906ef673163a8535,KY,,,,,Branch visit may be required for full application.,,,,,,,,,,,,,Visa Business Credit Cards with reward points + strong limits.; Branch visit may be required for full application.,,Source: Notion Deep State Datapoints (Legacy Strong),true,,,,,,,,,,,,,,,,,,LEGACY-INBRANCHBIZCC-STOCK-YARDS-BANK-TRUST
InBranchBizCC,Stockman Bank,,https://www.stockmanbank.com/bus/cards,https://app.notion.com/p/legacystrong/Montana-253c3aa761d2805aa37fe760dfc59803,MT,,,,,,,,,,,,,,,,,,,,Source: Notion Deep State Datapoints (Legacy Strong),true,,,,,,,,,,,,,,,,,,LEGACY-INBRANCHBIZCC-STOCKMAN-BANK
InBranchBizCC,Synovus Bank,,,https://app.notion.com/p/legacystrong/Georgia-253c3aa761d280c0a8f0c876c511936d,GA,,,,,,,,,,,,,,,,,,,,Source: Notion Deep State Datapoints (Legacy Strong),true,,,,,,,,,,,,,,,,,,LEGACY-INBRANCHBIZCC-SYNOVUS-BANK
OnlineBizCC,Synovus Bank,,,https://app.notion.com/p/legacystrong/Alabama-253c3aa761d2803190efc372a47f3174,"AL, SC",,,,,,,,,,,,,,,,,,Regionally strong for the Southeast. Excellent customer support.,,Source: Notion Deep State Datapoints (Legacy Strong),true,,,,,,,,,,,,,,,,,,LEGACY-ONLINEBIZCC-SYNOVUS-BANK
InBranchBizCC,TBK Bank,,,https://app.notion.com/p/legacystrong/Colorado-253c3aa761d28070b6f5f734098892e5,CO,,,,,,,,,,,,,,,,,,,,Source: Notion Deep State Datapoints (Legacy Strong),true,,,,,,,,,,,,,,,,,,LEGACY-INBRANCHBIZCC-TBK-BANK
InBranchBizCC,TCF Bank,,https://www.tcfbank.com/small-business/credit-cards,https://app.notion.com/p/legacystrong/Arizona-253c3aa761d280c9aea9d64e162937b2,"AZ, IL, MI, MN",,,,,,,,,,,,,,,,,,,,Source: Notion Deep State Datapoints (Legacy Strong),true,,,,,,,,,,,,,,,,,,LEGACY-INBRANCHBIZCC-TCF-BANK
InBranchBizCC,TD Bank,,https://www.td.com/us/en/personal-banking/credit-cards/business-solutions-credit-card/,https://app.notion.com/p/legacystrong/Connecticut-253c3aa761d2801fbf66c6a5f585f1fa,"CT, DE, ME, NH, NJ, NY, RI, SC, VT",,,,,Traditional relationship bank. Business checking helps.,,,,,,,,,,,,,Friendly to new businesses and LLCs.; Apply in branch or online. 0% offers rotate frequently.; Check eligibility for small business LOCs as well.; Offers business solutions cards with potential 0% promos.; Good option if you already bank with TD.; Offers small business credit cards with rewards; Traditional relationship bank. Business checking helps.,,Source: Notion Deep State Datapoints (Legacy Strong),true,,,,,,,,,,,,,,,,,,LEGACY-INBRANCHBIZCC-TD-BANK
OnlineBizCC,TD Bank,,https://www.td.com/us/en/personal-banking/credit-cards/business-solutions-credit-card/,https://app.notion.com/p/legacystrong/Florida-253c3aa761d280d7aae1c62c34560395,"FL, MA",,,,,,,,,,,,,,,,,,"Offers both business credit cards and secured business lines; TD offers a range of business cards, some with intro 0% periods.",,Source: Notion Deep State Datapoints (Legacy Strong),true,,,,,,,,,,,,,,,,,,LEGACY-ONLINEBIZCC-TD-BANK
OnlineBizCC,Territorial Savings Bank (0% - Elan Financial),,,https://app.notion.com/p/legacystrong/Hawaii-253c3aa761d280909ddfdb2513a2c16f,HI,,,,,No business checking needed,,,,,,,,,,,,,No business checking needed; Use the business version of the application; $200K+ in assets or investment balances (self-reported) helps secure higher limits,,Source: Notion Deep State Datapoints (Legacy Strong),true,,,,,,,,,,,,,,,,,,LEGACY-ONLINEBIZCC-TERRITORIAL-SAVINGS-BANK-0-ELAN-FINANCIA
InBranchBizCC,The Bank of Commerce,,https://www.commercebank.com/business/cards/credit-cards,https://app.notion.com/p/legacystrong/Idaho-253c3aa761d28090b2e9fde857adcbf7,ID,,,,,,,,,,,,,,,,,,,,Source: Notion Deep State Datapoints (Legacy Strong),true,,,,,,,,,,,,,,,,,,LEGACY-INBRANCHBIZCC-THE-BANK-OF-COMMERCE
InBranchBizCC,The Farmers Bank,,https://www.thefarmersbank.com/business/business-credit-cards,https://app.notion.com/p/legacystrong/Indiana-253c3aa761d280869289d2c1b9f70bb0,IN,,,,,,,,,,,,,,,,,,,,Source: Notion Deep State Datapoints (Legacy Strong),true,,,,,,,,,,,,,,,,,,LEGACY-INBRANCHBIZCC-THE-FARMERS-BANK
InBranchBizCC,The First Bank,,https://www.fbtonline.com/Business/Business-Lending/Business-VISA-Credit-Card,https://app.notion.com/p/legacystrong/Mississippi-253c3aa761d280b7aafdcd60f363a740,MS,,,,,,,,,,,,,,,,,,,,Source: Notion Deep State Datapoints (Legacy Strong),true,,,,,,,,,,,,,,,,,,LEGACY-INBRANCHBIZCC-THE-FIRST-BANK
OnlineBizCC,The Missouri Bank,,https://www.themissouribank.com/Credit-Cards,https://app.notion.com/p/legacystrong/Missouri-253c3aa761d2806aad8cdbba6550301b,MO,,,,,No business checking required.,,,,,,,,,,,,,No business checking required.; Issued through TCM (3rd party).,,Source: Notion Deep State Datapoints (Legacy Strong),true,,,,yes,,,,,,,,,,,,,,LEGACY-ONLINEBIZCC-THE-MISSOURI-BANK
OnlineBizCC,The People’s Bank,,https://commonsenselenders.com/WebApp/WebPages/MainPages/MainPage.aspx,https://app.notion.com/p/legacystrong/Mississippi-253c3aa761d280b7aafdcd60f363a740,MS,,,,,No biz checking needed,,,,,,,,,,,,,No biz checking needed,,Source: Notion Deep State Datapoints (Legacy Strong),true,,,,,,,,,,,,,,,,,,LEGACY-ONLINEBIZCC-THE-PEOPLE-S-BANK
OnlineBizCC,The Peoples Bank,,https://www.thepeoplesbank-ky.com/personal-services/,https://app.notion.com/p/legacystrong/Kentucky-253c3aa761d2803d906ef673163a8535,KY,,,,,Business checking not needed.,,,,,,,,,,,,,"Business checking not needed.; Don’t use VPNs. Stay geographically consistent with application details.; After 1 approval, you can apply with another Elan bank using same info (consistent data points = key).; Apply for the 20-month 0% card.",,Source: Notion Deep State Datapoints (Legacy Strong),true,,,,,,,,,,,,,,,,,,LEGACY-ONLINEBIZCC-THE-PEOPLES-BANK
InBranchBizCC,Towne Bank,,https://creditcardlearnmore.com/11t3/index,https://app.notion.com/p/legacystrong/Maryland-253c3aa761d280da9edddf304ac75e0e,"MD, NC",,,,,,,,,,,,,,,,,,,,Source: Notion Deep State Datapoints (Legacy Strong),true,,,,,,,,,,,,,,,,,,LEGACY-INBRANCHBIZCC-TOWNE-BANK
InBranchBizCC,Tri City National Bank,,,https://app.notion.com/p/legacystrong/Wisconsin-253c3aa761d280d1ba87d713b284c8ee,WI,,,,,,,,,,,,,,,,,,,,Source: Notion Deep State Datapoints (Legacy Strong),true,,,,,,,,,,,,,,,,,,LEGACY-INBRANCHBIZCC-TRI-CITY-NATIONAL-BANK
InBranchBizCC,Tri Counties Bank,,,https://app.notion.com/p/legacystrong/California-253c3aa761d280ff9c2ad133360c32a2,CA,,,,,,,,,,,,,,,,,,Local bank with flexible terms. Easy to build relationship with.,,Source: Notion Deep State Datapoints (Legacy Strong),true,,,,,,,,,,,,,,,,,,LEGACY-INBRANCHBIZCC-TRI-COUNTIES-BANK
InBranchBizCC,Truist,Business Cards,,https://app.notion.com/p/legacystrong/Texas-253c3aa761d280e69380ed7607909b5b,TX,,,,,Business checking account required; Seasoned liquidity (30+ days),,,,,,,,,,,,,Business checking account required; Seasoned liquidity (30+ days),,Source: Notion Deep State Datapoints (Legacy Strong),true,,,,yes,,,,,,,,,,,,,,LEGACY-INBRANCHBIZCC-TRUIST
OnlineBizCC,Truist,,https://www.truist.com/small-business/credit-cards/business-card,https://app.notion.com/p/legacystrong/Alabama-253c3aa761d2803190efc372a47f3174,"AL, AR, FL, GA, KY, LA, MD, MS, NC, OH, PA, SC, TN, VA, WV",,,,,Business checking account required.; Liquidity seasoning of 30+ days helps significantly.; Business checking required; 30+ day liquidity seasoning helps; Requires business checking account; 30+ day seasoning with visible funds helps approval; 30+ day seasoning of funds helps; Business checking required.; 30+ days of seasoning boosts odds; Requires business checking; Seasoned liquidity of 30+ days is key; Requires business checking + 30+ days of liquidity seasoning; Business checking recommended…,,,,,,,,,,,,,Business checking account required.; Liquidity seasoning of 30+ days helps significantly.; Business checking required; 30+ day liquidity seasoning helps; Requires business checking account; 30+ day seasoning with visible funds helps approval; Can request cards via Truist Business OTP: 844-450-1985; 30+ day seasoning of funds helps; Business checking required.; Liquid funds + business age improves chances.; Can be paired with their Line of Credit.; 30+ days of seasoning boosts odds; Requires business checking; Seasoned liquidity of 30+ days is key; Requires business checking + 30+ days of liquidity seasoning; Business checking recommended with 30+ days of seasoning.; Requires business checking and 30+ days liquidity seasoning.; Business checking required + 30+ days of seasoning; Business c…,,Source: Notion Deep State Datapoints (Legacy Strong),true,,,,yes,,,,,,,,,,,,,,LEGACY-ONLINEBIZCC-TRUIST
InBranchBizCC,Trustmark National Bank,,,https://app.notion.com/p/legacystrong/Alabama-253c3aa761d2803190efc372a47f3174,AL,,,,,,,,,,,,,,,,,,Regional bank with conservative underwriting.,,Source: Notion Deep State Datapoints (Legacy Strong),true,,,,,,,,,,,,,,,,,,LEGACY-INBRANCHBIZCC-TRUSTMARK-NATIONAL-BANK
InBranchBizCC,Umpqua Bank,,,https://app.notion.com/p/legacystrong/California-253c3aa761d280ff9c2ad133360c32a2,"CA, OR, WA",,,,,,,,,,,,,,,,,,,,Source: Notion Deep State Datapoints (Legacy Strong),true,,,,,,,,,,,,,,,,,,LEGACY-INBRANCHBIZCC-UMPQUA-BANK
OnlineBizCC,Union Bank,,,https://app.notion.com/p/legacystrong/California-253c3aa761d280ff9c2ad133360c32a2,"CA, VT",,,,,,,,,,,,,,,,,,,,Source: Notion Deep State Datapoints (Legacy Strong),true,,,,,,,,,,,,,,,,,,LEGACY-ONLINEBIZCC-UNION-BANK
InBranchBizCC,Union Bank & Trust,,,https://app.notion.com/p/legacystrong/Nebraska-253c3aa761d280bea995f13e0b43d9d3,NE,,,,,,,,,,,,,,,,,,🔗 UBT Business Cards,,Source: Notion Deep State Datapoints (Legacy Strong),true,,,,,,,,,,,,,,,,,,LEGACY-INBRANCHBIZCC-UNION-BANK-TRUST
InBranchBizCC,United Bank,,,https://app.notion.com/p/legacystrong/Virginia-253c3aa761d28024a870e60ca73b3bef,"VA, WV",,,,,,,,,,,,,,,,,,,,Source: Notion Deep State Datapoints (Legacy Strong),true,,,,,,,,,,,,,,,,,,LEGACY-INBRANCHBIZCC-UNITED-BANK
InBranchBizCC,United Community Bank,,,https://app.notion.com/p/legacystrong/South-Carolina-253c3aa761d280f2b817e2b0fb7eb38e,SC,,,,,,,,,,,,,,,,,,,,Source: Notion Deep State Datapoints (Legacy Strong),true,,,,,,,,,,,,,,,,,,LEGACY-INBRANCHBIZCC-UNITED-COMMUNITY-BANK
InBranchBizCC,US Bank,Business Platinum / Business Leverage,https://creditcardapply.usbank.com/cc/landing,https://app.notion.com/p/legacystrong/Arkansas-253c3aa761d280bebebfdc79020e3fc3,"AR, CO, ID, IN, KS, MO, MT, ND, NE, NV, SD, TN, UT, WY",,,,,"Bank account required; Business checking required; Show liquidity (snapshot day matters); 30+ day seasoning helps, but snapshot of balance day-of also matters; Requires business checking; 30+ day seasoning helps, but balance snapshot matters most; Requires business checking. Open and show balance snapshot on day of applying.; Seasoning not as strict, snapshot of balance on day of application; Open bank account and season if possible.; Snapshot of balance at time of app matters. Prioritize seaso…; U.S. Bank Business Cash Rewards World Elite MasterCard: Features a 0% introductory APR on both pu…",,online,,,,,,,,yes,,,"Bank account required; Open for 30+ days ideal; snapshot of balance matters; Apply for Business Leverage first → spend for 3+ months → then apply for Biz Platinum; Apply with your local RM; Business checking required; 30+ day open account helps; Show liquidity (snapshot day matters); Apply for Business Leverage first → then Business Platinum; 30+ day seasoning helps, but snapshot of balance day-of also matters; Apply for Business Leverage FIRST → spend 3+ months → then apply for Business Platinum; 30+ days open helps, but snapshot of balance on day-of matters most; Apply for Business Leverage card first → use 3 months → then apply for Business Platinum; Requires business checking; 30+ day seasoning helps, but balance snapshot matters most; Apply for Business Leverage first → use for 3+ mo…; US Bank offers a variety of credit cards, and their user-friendly online platform makes it a bree…",,"Source: Notion Deep State Datapoints (Legacy Strong); Hub refs: US Bank cards, Favorite business credit cards, Alec’s favorite personal cards, Best balance transfer cards, Moving credit limits between credit cards",true,,,,yes,,,,,,,,,,,,,,LEGACY-INBRANCHBIZCC-US-BANK
OnlineBizCC,US Bank,Business Platinum / Business Leverage,https://creditcardapply.usbank.com/cc/landing,https://app.notion.com/p/legacystrong/Arizona-253c3aa761d280c9aea9d64e162937b2,"AZ, CA, IA, IL, KY, MN, NM, OH, OR, WA, WI",,,,,Checking account required; 30+ days recommended.; Business checking required; 30+ day seasoning helps; Requires checking account. Snapshot of funds taken on day of application.; Must open a checking account. Snapshot of balance day-of matters more than seasoning.; Business checking account required.; Snapshot of balance on app day matters more than seasoning.; Business account required.; Business checking recommended and account snapshot helps on app day.; Business bank account required; Snapsh…; U.S. Bank Business Cash Rewards World Elite MasterCard: Features a 0% introductory APR on both pu…,,online,,,,,,,,yes,,,"Checking account required; 30+ days recommended.; Best order: Biz Leverage first → spend for 3+ months → apply Biz Platinum.; Make an appointment at local branch and apply through an RM; Account must be open 30+ days.; Best strategy: Apply Biz Leverage → spend for 3+ months → apply Biz Platinum.; Business checking required; 30+ day seasoning helps; Apply for Biz Leverage first, spend for 3+ months, then Biz Platinum; Use RM for strong approval odds; Requires checking account. Snapshot of funds taken on day of application.; Start with Business Leverage, use it for 3+ months, then apply for Biz Platinum.; Must open a checking account. Snapshot of balance day-of matters more than seasoning.; Apply for Business Leverage first. After 3+ months of spend, go for Business Platinum.; Use RM for st…; US Bank offers a variety of credit cards, and their user-friendly online platform makes it a bree…",,"Source: Notion Deep State Datapoints (Legacy Strong); Hub refs: US Bank cards, Favorite business credit cards, Alec’s favorite personal cards, Best balance transfer cards, Moving credit limits between credit cards",true,,,,yes,,,,,,,,,,,,,,LEGACY-ONLINEBIZCC-US-BANK
OnlineBizCC,Valley Bank,,https://www.valley.com/business/commercial-lending/business-credit-cards,https://app.notion.com/p/legacystrong/Alabama-253c3aa761d2803190efc372a47f3174,"AL, AZ, FL, LA",,,,,No account required to apply,,,,,,,,,,,,,Offers great 0% business card product.; No account required to apply; Offers solid approval odds for new LLCs with good profiles,,Source: Notion Deep State Datapoints (Legacy Strong),true,,,,,,,,,,,,,,,,,,LEGACY-ONLINEBIZCC-VALLEY-BANK
OnlineBizCC,Valley National Bank,,,https://app.notion.com/p/legacystrong/New-Jersey-253c3aa761d2801b8af4d65ca5ffd313,"NJ, NY",,,,,,,,,,,,,,,,,,Good regional option for small business owners; Available statewide with competitive business credit card products,,Source: Notion Deep State Datapoints (Legacy Strong),true,,,,,,,,,,,,,,,,,,LEGACY-ONLINEBIZCC-VALLEY-NATIONAL-BANK
InBranchBizCC,Virginia National Bank,,,https://app.notion.com/p/legacystrong/Virginia-253c3aa761d28024a870e60ca73b3bef,VA,,,,,,,,,,,,,,,,,,,,Source: Notion Deep State Datapoints (Legacy Strong),true,,,,,,,,,,,,,,,,,,LEGACY-INBRANCHBIZCC-VIRGINIA-NATIONAL-BANK
InBranchBizCC,WaFd Bank,,https://www.wafdbank.com/business-banking/business-line-of-credit,https://app.notion.com/p/legacystrong/Idaho-253c3aa761d28090b2e9fde857adcbf7,"ID, NM, NV, OR, WA",,,,,,,,,,,,,,,,,,Offers business lines of credit (not always a card).; BBVA; Formerly BBVA USA. Only secured option appears available.; Can also apply for a LOC product. Local branches helpful.,,Source: Notion Deep State Datapoints (Legacy Strong),true,,,,,,,,,,,,,,,,,,LEGACY-INBRANCHBIZCC-WAFD-BANK
OnlineBizCC,Washington State Bank,,https://commonsenselenders.com/WebApp/WebPages/MainPages/MainPage.aspx,https://app.notion.com/p/legacystrong/Iowa-253c3aa761d280f4b9f7f0d95afaf759,IA,,,,,,,,,,,,,,,,,,,,Source: Notion Deep State Datapoints (Legacy Strong),true,,,,,,,,,,,,,,,,,,LEGACY-ONLINEBIZCC-WASHINGTON-STATE-BANK
InBranchBizCC,Webster Bank,,,https://app.notion.com/p/legacystrong/Connecticut-253c3aa761d2801fbf66c6a5f585f1fa,"CT, RI",,,,,,,,,,,,,,,,,,Apply in person or online.; Local LLCs have best chance.; Focuses heavily on PG and relationship banking.; Smaller bank with potential local relationship play. Worth exploring in-branch.,,Source: Notion Deep State Datapoints (Legacy Strong),true,,,,,,,,,,,,,,,,,,LEGACY-INBRANCHBIZCC-WEBSTER-BANK
InBranchBizCC,Wells Fargo,,,https://app.notion.com/p/legacystrong/Nebraska-253c3aa761d280bea995f13e0b43d9d3,"NE, SD, TX",,,,,,,,,,,,,,,,,,"🔗 Wells Business Credit Cards; Often pulls 2 bureaus. Strict.; Known to pull 2 bureaus. Conservative underwriting.; Wells Fargo Reflect Card: Introductory Offer: 0% introductory APR for 21 months from the date of account opening. After the introductory period, your APR will be 18.24%, 24.74%, or 29.99%, based on your creditworthiness. Balance Transfer Fee: 5% for each balance transfer, with a minimum of $5. Requirement: This card requires balance transfer requests to be made within 120 days from account opening to qualify for the introductory APR.; Wells Fargo: Soft inquiries are standard, but confirm with the representative before proceeding.",,"Source: Notion Deep State Datapoints (Legacy Strong); Hub refs: Best balance transfer cards, Moving credit limits between credit cards",true,,,,,,,,,,,,,,,,,,LEGACY-INBRANCHBIZCC-WELLS-FARGO
OnlineBizCC,Wells Fargo,,https://www.wellsfargo.com/biz/business-credit/credit-cards/,https://app.notion.com/p/legacystrong/Alabama-253c3aa761d2803190efc372a47f3174,"AK, AL, AZ, CA, CO, CT, DE, FL, GA, IA, ID, MD, MN, MT, NC, ND, NJ, NM, NV, OR, PA, SC, UT, VA, WA, WI, WY",,,,,Double bureau pulls are common. Apply with a seasoned file.,,,,,,,,,,yes,,,"Known to pull multiple bureaus. High credit requirements.; Strict lending; May pull from 2 credit bureaus; Known to pull 2 bureaus. Strict underwriting.; May pull 2 bureaus. Strict underwriting.; Strict underwriting; May pull from 2 bureaus; Typically stricter underwriting.; Double bureau pulls are common. Apply with a seasoned file.; Often pulls 2 bureaus; Known to pull 2 bureaus; Higher documentation standards; Strict lending criteria; Sometimes pulls from 2 bureaus; Strict lender; Can pull two bureaus. Strict underwriting.; Strict approvals; May pull two bureaus; Tough lender. May pull two bureaus.; may pull 2 bureaus; Strict approval policies, may pull from two bureaus; May pull from 2 bureaus. Conservative with limits.; Strict lender.; Often pulls two bureaus.; Can pull from 2 bureau…; Wells Fargo Reflect Card: Introductory Offer: 0% introductory APR for 21 months from the date of…",,"Source: Notion Deep State Datapoints (Legacy Strong); Hub refs: Best balance transfer cards, Moving credit limits between credit cards",true,,,,,,,,,,,,,,,,,,LEGACY-ONLINEBIZCC-WELLS-FARGO
InBranchBizCC,WesBanco,,,https://app.notion.com/p/legacystrong/West-Virginia-253c3aa761d2801a9a0be7cac92cd17c,WV,,,,,,,,,,,,,,,,,,,,Source: Notion Deep State Datapoints (Legacy Strong),true,,,,,,,,,,,,,,,,,,LEGACY-INBRANCHBIZCC-WESBANCO
InBranchBizCC,WesBanco Bank,,https://www.wesbanco.com/business/business-loans-and-credit-cards/,https://app.notion.com/p/legacystrong/Kentucky-253c3aa761d2803d906ef673163a8535,KY,,,,,,,,,,,,,,,,,,Small business–friendly underwriting.; Offers both secured and unsecured cards.,,Source: Notion Deep State Datapoints (Legacy Strong),true,,,,,,,,,,,,,,,,,,LEGACY-INBRANCHBIZCC-WESBANCO-BANK
OnlineBizCC,West Bank,,https://www.mycommunitycc.com/MCxRU4j2dw7O,https://app.notion.com/p/legacystrong/Iowa-253c3aa761d280f4b9f7f0d95afaf759,IA,,,,,,,,,,,,,,,,,,,,Source: Notion Deep State Datapoints (Legacy Strong),true,,,,,,,,,,,,,,,,,,LEGACY-ONLINEBIZCC-WEST-BANK
OnlineBizCC,West Bank (via TCM),,https://www.mycommunitycc.com/MCxRU4j2dw7O,https://app.notion.com/p/legacystrong/Minnesota-253c3aa761d28008a1eef7740ad6e848,MN,,,,,,,,,,,,,,,,,,,,Source: Notion Deep State Datapoints (Legacy Strong),true,,,,,,,,,,,,,,,,,,LEGACY-ONLINEBIZCC-WEST-BANK-VIA-TCM
InBranchBizCC,Western Alliance,,https://www.westernalliancebancorporation.com/torrey-pines-home/card-services,https://app.notion.com/p/legacystrong/Nevada-253c3aa761d28023bcc3ee7d0467faab,NV,,,,,,,,,,,,,,,,,,,,Source: Notion Deep State Datapoints (Legacy Strong),true,,,,,,,,,,,,,,,,,,LEGACY-INBRANCHBIZCC-WESTERN-ALLIANCE
InBranchBizCC,Whitaker Bank,,https://www.whitakerbank.com/Business-Checking,https://app.notion.com/p/legacystrong/Kentucky-253c3aa761d2803d906ef673163a8535,KY,,,,,,,,,,,,,,,,,,Local relationship can help you unlock 0% and LOC combo deals.; Apply in-branch for best outcome.,,Source: Notion Deep State Datapoints (Legacy Strong),true,,,,,,,,,,,,,,,,,,LEGACY-INBRANCHBIZCC-WHITAKER-BANK
OnlineBizCC,Wisconsin Bank & Trust (0% - HTLF),,,https://app.notion.com/p/legacystrong/Wisconsin-253c3aa761d280d1ba87d713b284c8ee,WI,,,,,,,,,,,,,,,,,,"Apply online, then expect a follow-up call; Reporting a high net worth ($500k–$1M) and $50k monthly spend helps (unverified)",,Source: Notion Deep State Datapoints (Legacy Strong),true,,,,,,,,,,,,,,,,,,LEGACY-ONLINEBIZCC-WISCONSIN-BANK-TRUST-0-HTLF
InBranchBizCC,Woodforest National Bank,,https://www.woodforest.com/Small-Business/Products/Checking,https://app.notion.com/p/legacystrong/Alabama-253c3aa761d2803190efc372a47f3174,"AL, MS, SC",,,,,,,,,,,,,,,,,,Smaller limits but solid approval odds.,,Source: Notion Deep State Datapoints (Legacy Strong),true,,,,,,,,,,,,,,,,,,LEGACY-INBRANCHBIZCC-WOODFOREST-NATIONAL-BANK
OnlineBizCC,WSFS Bank,,,https://app.notion.com/p/legacystrong/Delaware-253c3aa761d28005b33ecaa3430c8260,DE,,,,,,,,,,,,,,,,,,,,Source: Notion Deep State Datapoints (Legacy Strong),true,,,,,,,,,,,,,,,,,,LEGACY-ONLINEBIZCC-WSFS-BANK
OnlineBizCC,Zions Bank,,https://www.zionsbank.com/business-banking/business-credit-cards/,https://app.notion.com/p/legacystrong/Idaho-253c3aa761d28090b2e9fde857adcbf7,"ID, UT",,,,,,,,,,,,,,,,,,,,Source: Notion Deep State Datapoints (Legacy Strong),true,,,,,,,,,,,,,,,,,,LEGACY-ONLINEBIZCC-ZIONS-BANK
